sourceId,referenceTimestamp,datatype,value,unit,lon,lat
SN51010,2015-01-01 06:00:00+00:00,mean(air_temperature P1M),3.1,degC,5.7243,60.5205
SN50175,2015-01-01 06:00:00+00:00,mean(air_temperature P1M),4.2,degC,5.2038,60.0167
SN52310,2015-01-01 06:00:00+00:00,mean(air_temperature P1M),0.5,degC,5.9758,60.859
SN50500,2015-01-01 06:00:00+00:00,mean(air_temperature P1M),3.3,degC,5.2265,60.2892
SN50310,2015-01-01 06:00:00+00:00,mean(air_temperature P1M),-0.6,degC,5.9636631,60.3889174
SN50540,2015-01-01 06:00:00+00:00,mean(air_temperature P1M),3.6,degC,5.3327,60.383
SN50540,2015-02-01 06:00:00+00:00,mean(air_temperature P1M),3.3,degC,5.3327,60.383
SN50310,2015-02-01 06:00:00+00:00,mean(air_temperature P1M),-0.7,degC,5.9636631,60.3889174
SN51010,2015-02-01 06:00:00+00:00,mean(air_temperature P1M),2.6,degC,5.7243,60.5205
SN50500,2015-02-01 06:00:00+00:00,mean(air_temperature P1M),2.9,degC,5.2265,60.2892
SN52310,2015-02-01 06:00:00+00:00,mean(air_temperature P1M),0.4,degC,5.9758,60.859
SN50175,2015-02-01 06:00:00+00:00,mean(air_temperature P1M),3.7,degC,5.2038,60.0167
SN52310,2015-03-01 00:00:00+00:00,mean(air_temperature P1M),2.4,degC,5.9758,60.859
SN51010,2015-03-01 06:00:00+00:00,mean(air_temperature P1M),4.9,degC,5.7243,60.5205
SN50500,2015-03-01 06:00:00+00:00,mean(air_temperature P1M),4.7,degC,5.2265,60.2892
SN50175,2015-03-01 06:00:00+00:00,mean(air_temperature P1M),5.2,degC,5.2038,60.0167
SN50540,2015-03-01 06:00:00+00:00,mean(air_temperature P1M),5.3,degC,5.3327,60.383
SN50310,2015-03-01 06:00:00+00:00,mean(air_temperature P1M),1.4,degC,5.9636631,60.3889174
SN50310,2015-04-01 06:00:00+00:00,mean(air_temperature P1M),1.8,degC,5.9636631,60.3889174
SN51010,2015-04-01 06:00:00+00:00,mean(air_temperature P1M),5.4,degC,5.7243,60.5205
SN50500,2015-04-01 06:00:00+00:00,mean(air_temperature P1M),5.2,degC,5.2265,60.2892
SN50540,2015-04-01 06:00:00+00:00,mean(air_temperature P1M),6.1,degC,5.3327,60.383
SN50175,2015-04-01 06:00:00+00:00,mean(air_temperature P1M),5.4,degC,5.2038,60.0167
SN52310,2015-04-01 06:00:00+00:00,mean(air_temperature P1M),3.3,degC,5.9758,60.859
SN50540,2015-05-01 06:00:00+00:00,mean(air_temperature P1M),8.5,degC,5.3327,60.383
SN52310,2015-05-01 06:00:00+00:00,mean(air_temperature P1M),6.4,degC,5.9758,60.859
SN50310,2015-05-01 06:00:00+00:00,mean(air_temperature P1M),4.1,degC,5.9636631,60.3889174
SN50500,2015-05-01 06:00:00+00:00,mean(air_temperature P1M),7.7,degC,5.2265,60.2892
SN50175,2015-05-01 06:00:00+00:00,mean(air_temperature P1M),7.9,degC,5.2038,60.0167
SN51010,2015-05-01 06:00:00+00:00,mean(air_temperature P1M),7.7,degC,5.7243,60.5205
SN52310,2015-06-01 06:00:00+00:00,mean(air_temperature P1M),9.4,degC,5.9758,60.859
SN50500,2015-06-01 06:00:00+00:00,mean(air_temperature P1M),10.3,degC,5.2265,60.2892
SN50540,2015-06-01 06:00:00+00:00,mean(air_temperature P1M),11.3,degC,5.3327,60.383
SN50310,2015-06-01 06:00:00+00:00,mean(air_temperature P1M),7.8,degC,5.9636631,60.3889174
SN51010,2015-06-01 06:00:00+00:00,mean(air_temperature P1M),10.6,degC,5.7243,60.5205
SN50175,2015-06-01 06:00:00+00:00,mean(air_temperature P1M),10.3,degC,5.2038,60.0167
SN50540,2015-07-01 06:00:00+00:00,mean(air_temperature P1M),14.5,degC,5.3327,60.383
SN52310,2015-07-01 06:00:00+00:00,mean(air_temperature P1M),12.3,degC,5.9758,60.859
SN51010,2015-07-01 06:00:00+00:00,mean(air_temperature P1M),13.3,degC,5.7243,60.5205
SN50175,2015-07-01 06:00:00+00:00,mean(air_temperature P1M),13.3,degC,5.2038,60.0167
SN50310,2015-07-01 06:00:00+00:00,mean(air_temperature P1M),11.4,degC,5.9636631,60.3889174
SN50500,2015-07-01 06:00:00+00:00,mean(air_temperature P1M),13.4,degC,5.2265,60.2892
SN50175,2015-08-01 06:00:00+00:00,mean(air_temperature P1M),15.9,degC,5.2038,60.0167
SN51010,2015-08-01 06:00:00+00:00,mean(air_temperature P1M),14.9,degC,5.7243,60.5205
SN52310,2015-08-01 06:00:00+00:00,mean(air_temperature P1M),13.4,degC,5.9758,60.859
SN50500,2015-08-01 06:00:00+00:00,mean(air_temperature P1M),15.6,degC,5.2265,60.2892
SN50310,2015-08-01 06:00:00+00:00,mean(air_temperature P1M),12.8,degC,5.9636631,60.3889174
SN50540,2015-08-01 06:00:00+00:00,mean(air_temperature P1M),16.4,degC,5.3327,60.383
SN52310,2015-09-01 06:00:00+00:00,mean(air_temperature P1M),11.0,degC,5.9758,60.859
SN50310,2015-09-01 06:00:00+00:00,mean(air_temperature P1M),10.2,degC,5.9636631,60.3889174
SN50500,2015-09-01 06:00:00+00:00,mean(air_temperature P1M),12.7,degC,5.2265,60.2892
SN51010,2015-09-01 06:00:00+00:00,mean(air_temperature P1M),12.4,degC,5.7243,60.5205
SN50540,2015-09-01 06:00:00+00:00,mean(air_temperature P1M),13.6,degC,5.3327,60.383
SN50175,2015-09-01 06:00:00+00:00,mean(air_temperature P1M),13.3,degC,5.2038,60.0167
SN52310,2015-10-01 00:00:00+00:00,mean(air_temperature P1M),7.1,degC,5.9758,60.859
SN50175,2015-10-01 06:00:00+00:00,mean(air_temperature P1M),10.3,degC,5.2038,60.0167
SN50540,2015-10-01 06:00:00+00:00,mean(air_temperature P1M),9.6,degC,5.3327,60.383
SN50500,2015-10-01 06:00:00+00:00,mean(air_temperature P1M),9.2,degC,5.2265,60.2892
SN50310,2015-10-01 06:00:00+00:00,mean(air_temperature P1M),6.0,degC,5.9636631,60.3889174
SN51010,2015-10-01 06:00:00+00:00,mean(air_temperature P1M),8.7,degC,5.7243,60.5205
SN50540,2015-11-01 06:00:00+00:00,mean(air_temperature P1M),7.0,degC,5.3327,60.383
SN52310,2015-11-01 06:00:00+00:00,mean(air_temperature P1M),4.0,degC,5.9758,60.859
SN50500,2015-11-01 06:00:00+00:00,mean(air_temperature P1M),6.6,degC,5.2265,60.2892
SN50310,2015-11-01 06:00:00+00:00,mean(air_temperature P1M),3.0,degC,5.9636631,60.3889174
SN51010,2015-11-01 06:00:00+00:00,mean(air_temperature P1M),6.6,degC,5.7243,60.5205
SN50175,2015-11-01 06:00:00+00:00,mean(air_temperature P1M),7.4,degC,5.2038,60.0167
SN50310,2015-12-01 06:00:00+00:00,mean(air_temperature P1M),1.3,degC,5.9636631,60.3889174
SN52310,2015-12-01 06:00:00+00:00,mean(air_temperature P1M),2.4,degC,5.9758,60.859
SN50540,2015-12-01 06:00:00+00:00,mean(air_temperature P1M),5.7,degC,5.3327,60.383
SN50175,2015-12-01 06:00:00+00:00,mean(air_temperature P1M),6.1,degC,5.2038,60.0167
SN51010,2015-12-01 06:00:00+00:00,mean(air_temperature P1M),4.9,degC,5.7243,60.5205
SN50500,2015-12-01 06:00:00+00:00,mean(air_temperature P1M),5.4,degC,5.2265,60.2892
SN52310,2016-01-01 06:00:00+00:00,mean(air_temperature P1M),-3.3,degC,5.9758,60.859
SN51010,2016-01-01 06:00:00+00:00,mean(air_temperature P1M),-0.4,degC,5.7243,60.5205
SN50310,2016-01-01 06:00:00+00:00,mean(air_temperature P1M),-4.2,degC,5.9636631,60.3889174
SN50540,2016-01-01 06:00:00+00:00,mean(air_temperature P1M),0.2,degC,5.3327,60.383
SN50500,2016-01-01 06:00:00+00:00,mean(air_temperature P1M),-0.1,degC,5.2265,60.2892
SN50175,2016-01-01 06:00:00+00:00,mean(air_temperature P1M),1.5,degC,5.2038,60.0167
SN52310,2016-02-01 06:00:00+00:00,mean(air_temperature P1M),-1.0,degC,5.9758,60.859
SN50310,2016-02-01 06:00:00+00:00,mean(air_temperature P1M),-2.9,degC,5.9636631,60.3889174
SN51010,2016-02-01 06:00:00+00:00,mean(air_temperature P1M),1.1,degC,5.7243,60.5205
SN50540,2016-02-01 06:00:00+00:00,mean(air_temperature P1M),2.0,degC,5.3327,60.383
SN50500,2016-02-01 06:00:00+00:00,mean(air_temperature P1M),1.5,degC,5.2265,60.2892
SN50175,2016-02-01 06:00:00+00:00,mean(air_temperature P1M),2.5,degC,5.2038,60.0167
SN52310,2016-03-01 06:00:00+00:00,mean(air_temperature P1M),1.4,degC,5.9758,60.859
SN50310,2016-03-01 06:00:00+00:00,mean(air_temperature P1M),0.6,degC,5.9636631,60.3889174
SN50175,2016-03-01 06:00:00+00:00,mean(air_temperature P1M),4.4,degC,5.2038,60.0167
SN51010,2016-03-01 06:00:00+00:00,mean(air_temperature P1M),3.9,degC,5.7243,60.5205
SN50540,2016-03-01 06:00:00+00:00,mean(air_temperature P1M),4.9,degC,5.3327,60.383
SN50500,2016-03-01 06:00:00+00:00,mean(air_temperature P1M),4.0,degC,5.2265,60.2892
SN50175,2016-04-01 06:00:00+00:00,mean(air_temperature P1M),5.6,degC,5.2038,60.0167
SN50540,2016-04-01 06:00:00+00:00,mean(air_temperature P1M),6.1,degC,5.3327,60.383
SN50310,2016-04-01 06:00:00+00:00,mean(air_temperature P1M),1.8,degC,5.9636631,60.3889174
SN52310,2016-04-01 06:00:00+00:00,mean(air_temperature P1M),3.3,degC,5.9758,60.859
SN50500,2016-04-01 06:00:00+00:00,mean(air_temperature P1M),5.2,degC,5.2265,60.2892
SN51010,2016-04-01 06:00:00+00:00,mean(air_temperature P1M),5.2,degC,5.7243,60.5205
SN51010,2016-05-01 06:00:00+00:00,mean(air_temperature P1M),11.2,degC,5.7243,60.5205
SN50540,2016-05-01 06:00:00+00:00,mean(air_temperature P1M),12.0,degC,5.3327,60.383
SN50175,2016-05-01 06:00:00+00:00,mean(air_temperature P1M),10.5,degC,5.2038,60.0167
SN50500,2016-05-01 06:00:00+00:00,mean(air_temperature P1M),10.7,degC,5.2265,60.2892
SN50310,2016-05-01 06:00:00+00:00,mean(air_temperature P1M),8.3,degC,5.9636631,60.3889174
SN52310,2016-05-01 06:00:00+00:00,mean(air_temperature P1M),9.4,degC,5.9758,60.859
SN52310,2016-06-01 06:00:00+00:00,mean(air_temperature P1M),13.7,degC,5.9758,60.859
SN50310,2016-06-01 06:00:00+00:00,mean(air_temperature P1M),13.0,degC,5.9636631,60.3889174
SN50500,2016-06-01 06:00:00+00:00,mean(air_temperature P1M),14.1,degC,5.2265,60.2892
SN50540,2016-06-01 06:00:00+00:00,mean(air_temperature P1M),15.4,degC,5.3327,60.383
SN51010,2016-06-01 06:00:00+00:00,mean(air_temperature P1M),14.9,degC,5.7243,60.5205
SN50175,2016-06-01 06:00:00+00:00,mean(air_temperature P1M),13.5,degC,5.2038,60.0167
SN50540,2016-07-01 06:00:00+00:00,mean(air_temperature P1M),14.7,degC,5.3327,60.383
SN50175,2016-07-01 06:00:00+00:00,mean(air_temperature P1M),14.1,degC,5.2038,60.0167
SN50500,2016-07-01 06:00:00+00:00,mean(air_temperature P1M),13.9,degC,5.2265,60.2892
SN51010,2016-07-01 06:00:00+00:00,mean(air_temperature P1M),13.9,degC,5.7243,60.5205
SN50310,2016-07-01 06:00:00+00:00,mean(air_temperature P1M),11.5,degC,5.9636631,60.3889174
SN52310,2016-07-01 06:00:00+00:00,mean(air_temperature P1M),13.3,degC,5.9758,60.859
SN51010,2016-08-01 00:00:00+00:00,mean(air_temperature P1M),13.8,degC,5.7243,60.5205
SN52310,2016-08-01 06:00:00+00:00,mean(air_temperature P1M),12.9,degC,5.9758,60.859
SN50540,2016-08-01 06:00:00+00:00,mean(air_temperature P1M),14.1,degC,5.3327,60.383
SN50500,2016-08-01 06:00:00+00:00,mean(air_temperature P1M),13.4,degC,5.2265,60.2892
SN50175,2016-08-01 06:00:00+00:00,mean(air_temperature P1M),13.7,degC,5.2038,60.0167
SN50310,2016-08-01 06:00:00+00:00,mean(air_temperature P1M),11.3,degC,5.9636631,60.3889174
SN51010,2016-09-01 00:00:00+00:00,mean(air_temperature P1M),14.4,degC,5.7243,60.5205
SN50865,2016-09-01 00:00:00+00:00,mean(air_temperature P1M),13.4,degC,5.542,60.3828
SN50570,2016-09-01 00:00:00+00:00,mean(air_temperature P1M),13.4,degC,5.3358,60.404
SN50540,2016-09-01 06:00:00+00:00,mean(air_temperature P1M),15.4,degC,5.3327,60.383
SN50500,2016-09-01 06:00:00+00:00,mean(air_temperature P1M),14.9,degC,5.2265,60.2892
SN52310,2016-09-01 06:00:00+00:00,mean(air_temperature P1M),13.3,degC,5.9758,60.859
SN50310,2016-09-01 06:00:00+00:00,mean(air_temperature P1M),12.3,degC,5.9636631,60.3889174
SN50175,2016-09-01 06:00:00+00:00,mean(air_temperature P1M),15.4,degC,5.2038,60.0167
SN50865,2016-10-01 00:00:00+00:00,mean(air_temperature P1M),6.4,degC,5.542,60.3828
SN50570,2016-10-01 00:00:00+00:00,mean(air_temperature P1M),6.1,degC,5.3358,60.404
SN50540,2016-10-01 06:00:00+00:00,mean(air_temperature P1M),8.3,degC,5.3327,60.383
SN50175,2016-10-01 06:00:00+00:00,mean(air_temperature P1M),9.6,degC,5.2038,60.0167
SN50310,2016-10-01 06:00:00+00:00,mean(air_temperature P1M),5.4,degC,5.9636631,60.3889174
SN50500,2016-10-01 06:00:00+00:00,mean(air_temperature P1M),8.0,degC,5.2265,60.2892
SN52310,2016-10-01 06:00:00+00:00,mean(air_temperature P1M),5.8,degC,5.9758,60.859
SN50865,2016-11-01 00:00:00+00:00,mean(air_temperature P1M),1.2,degC,5.542,60.3828
SN50570,2016-11-01 06:00:00+00:00,mean(air_temperature P1M),2.4,degC,5.3358,60.404
SN50175,2016-11-01 06:00:00+00:00,mean(air_temperature P1M),4.8,degC,5.2038,60.0167
SN50310,2016-11-01 06:00:00+00:00,mean(air_temperature P1M),-0.4,degC,5.9636631,60.3889174
SN51010,2016-11-01 06:00:00+00:00,mean(air_temperature P1M),3.3,degC,5.7243,60.5205
SN52310,2016-11-01 06:00:00+00:00,mean(air_temperature P1M),1.3,degC,5.9758,60.859
SN50540,2016-11-01 06:00:00+00:00,mean(air_temperature P1M),4.1,degC,5.3327,60.383
SN50500,2016-11-01 06:00:00+00:00,mean(air_temperature P1M),3.7,degC,5.2265,60.2892
SN50570,2016-12-01 06:00:00+00:00,mean(air_temperature P1M),4.6,degC,5.3358,60.404
SN50500,2016-12-01 06:00:00+00:00,mean(air_temperature P1M),5.6,degC,5.2265,60.2892
SN50310,2016-12-01 06:00:00+00:00,mean(air_temperature P1M),1.9,degC,5.9636631,60.3889174
SN50175,2016-12-01 06:00:00+00:00,mean(air_temperature P1M),6.3,degC,5.2038,60.0167
SN52310,2016-12-01 06:00:00+00:00,mean(air_temperature P1M),2.7,degC,5.9758,60.859
SN51010,2016-12-01 06:00:00+00:00,mean(air_temperature P1M),4.9,degC,5.7243,60.5205
SN50865,2016-12-01 06:00:00+00:00,mean(air_temperature P1M),4.1,degC,5.542,60.3828
SN50540,2016-12-01 06:00:00+00:00,mean(air_temperature P1M),6.1,degC,5.3327,60.383
SN50570,2017-01-01 06:00:00+00:00,mean(air_temperature P1M),1.9,degC,5.3358,60.404
SN50175,2017-01-01 06:00:00+00:00,mean(air_temperature P1M),3.7,degC,5.2038,60.0167
SN50310,2017-01-01 06:00:00+00:00,mean(air_temperature P1M),-1.0,degC,5.9636631,60.3889174
SN50500,2017-01-01 06:00:00+00:00,mean(air_temperature P1M),3.1,degC,5.2265,60.2892
SN50865,2017-01-01 06:00:00+00:00,mean(air_temperature P1M),1.1,degC,5.542,60.3828
SN50540,2017-01-01 06:00:00+00:00,mean(air_temperature P1M),3.7,degC,5.3327,60.383
SN52310,2017-01-01 06:00:00+00:00,mean(air_temperature P1M),-0.6,degC,5.9758,60.859
SN51010,2017-01-01 06:00:00+00:00,mean(air_temperature P1M),2.3,degC,5.7243,60.5205
SN51010,2017-02-01 06:00:00+00:00,mean(air_temperature P1M),2.0,degC,5.7243,60.5205
SN50865,2017-02-01 06:00:00+00:00,mean(air_temperature P1M),1.0,degC,5.542,60.3828
SN50480,2017-02-01 06:00:00+00:00,mean(air_temperature P1M),1.7,degC,5.2777,60.2913
SN52310,2017-02-01 06:00:00+00:00,mean(air_temperature P1M),-0.1,degC,5.9758,60.859
SN50310,2017-02-01 06:00:00+00:00,mean(air_temperature P1M),-1.1,degC,5.9636631,60.3889174
SN50500,2017-02-01 06:00:00+00:00,mean(air_temperature P1M),2.2,degC,5.2265,60.2892
SN50570,2017-02-01 06:00:00+00:00,mean(air_temperature P1M),1.1,degC,5.3358,60.404
SN50175,2017-02-01 06:00:00+00:00,mean(air_temperature P1M),3.2,degC,5.2038,60.0167
SN50540,2017-02-01 06:00:00+00:00,mean(air_temperature P1M),3.0,degC,5.3327,60.383
SN50570,2017-03-01 06:00:00+00:00,mean(air_temperature P1M),2.6,degC,5.3358,60.404
SN50310,2017-03-01 06:00:00+00:00,mean(air_temperature P1M),0.3,degC,5.9636631,60.3889174
SN52310,2017-03-01 06:00:00+00:00,mean(air_temperature P1M),1.5,degC,5.9758,60.859
SN50865,2017-03-01 06:00:00+00:00,mean(air_temperature P1M),2.0,degC,5.542,60.3828
SN50480,2017-03-01 06:00:00+00:00,mean(air_temperature P1M),3.9,degC,5.2777,60.2913
SN50175,2017-03-01 06:00:00+00:00,mean(air_temperature P1M),4.3,degC,5.2038,60.0167
SN50500,2017-03-01 06:00:00+00:00,mean(air_temperature P1M),3.8,degC,5.2265,60.2892
SN50540,2017-03-01 06:00:00+00:00,mean(air_temperature P1M),4.6,degC,5.3327,60.383
SN51010,2017-03-01 06:00:00+00:00,mean(air_temperature P1M),3.5,degC,5.7243,60.5205
SN50500,2017-04-01 06:00:00+00:00,mean(air_temperature P1M),5.3,degC,5.2265,60.2892
SN51010,2017-04-01 06:00:00+00:00,mean(air_temperature P1M),5.5,degC,5.7243,60.5205
SN50540,2017-04-01 06:00:00+00:00,mean(air_temperature P1M),6.2,degC,5.3327,60.383
SN50175,2017-04-01 06:00:00+00:00,mean(air_temperature P1M),5.7,degC,5.2038,60.0167
SN50480,2017-04-01 06:00:00+00:00,mean(air_temperature P1M),5.6,degC,5.2777,60.2913
SN50570,2017-04-01 06:00:00+00:00,mean(air_temperature P1M),4.1,degC,5.3358,60.404
SN50310,2017-04-01 06:00:00+00:00,mean(air_temperature P1M),1.8,degC,5.9636631,60.3889174
SN52310,2017-04-01 06:00:00+00:00,mean(air_temperature P1M),3.8,degC,5.9758,60.859
SN50865,2017-04-01 06:00:00+00:00,mean(air_temperature P1M),3.4,degC,5.542,60.3828
SN50175,2017-05-01 06:00:00+00:00,mean(air_temperature P1M),10.6,degC,5.2038,60.0167
SN50570,2017-05-01 06:00:00+00:00,mean(air_temperature P1M),10.1,degC,5.3358,60.404
SN50865,2017-05-01 06:00:00+00:00,mean(air_temperature P1M),9.9,degC,5.542,60.3828
SN50310,2017-05-01 06:00:00+00:00,mean(air_temperature P1M),8.8,degC,5.9636631,60.3889174
SN50540,2017-05-01 06:00:00+00:00,mean(air_temperature P1M),12.2,degC,5.3327,60.383
SN50500,2017-05-01 06:00:00+00:00,mean(air_temperature P1M),10.9,degC,5.2265,60.2892
SN50480,2017-05-01 06:00:00+00:00,mean(air_temperature P1M),11.6,degC,5.2777,60.2913
SN51010,2017-05-01 06:00:00+00:00,mean(air_temperature P1M),11.5,degC,5.7243,60.5205
SN52310,2017-05-01 06:00:00+00:00,mean(air_temperature P1M),9.9,degC,5.9758,60.859
SN50480,2017-06-01 00:00:00+00:00,mean(air_temperature P1M),13.0,degC,5.2777,60.2913
SN50570,2017-06-01 06:00:00+00:00,mean(air_temperature P1M),11.1,degC,5.3358,60.404
SN52310,2017-06-01 06:00:00+00:00,mean(air_temperature P1M),11.3,degC,5.9758,60.859
SN51010,2017-06-01 06:00:00+00:00,mean(air_temperature P1M),12.2,degC,5.7243,60.5205
SN50540,2017-06-01 06:00:00+00:00,mean(air_temperature P1M),13.1,degC,5.3327,60.383
SN50310,2017-06-01 06:00:00+00:00,mean(air_temperature P1M),9.8,degC,5.9636631,60.3889174
SN50865,2017-06-01 06:00:00+00:00,mean(air_temperature P1M),11.0,degC,5.542,60.3828
SN50500,2017-06-01 06:00:00+00:00,mean(air_temperature P1M),12.2,degC,5.2265,60.2892
SN50175,2017-06-01 06:00:00+00:00,mean(air_temperature P1M),12.2,degC,5.2038,60.0167
SN50500,2017-07-01 06:00:00+00:00,mean(air_temperature P1M),14.0,degC,5.2265,60.2892
SN51010,2017-07-01 06:00:00+00:00,mean(air_temperature P1M),14.4,degC,5.7243,60.5205
SN50570,2017-07-01 06:00:00+00:00,mean(air_temperature P1M),12.8,degC,5.3358,60.404
SN50865,2017-07-01 06:00:00+00:00,mean(air_temperature P1M),12.6,degC,5.542,60.3828
SN52310,2017-07-01 06:00:00+00:00,mean(air_temperature P1M),13.1,degC,5.9758,60.859
SN50175,2017-07-01 06:00:00+00:00,mean(air_temperature P1M),13.9,degC,5.2038,60.0167
SN50480,2017-07-01 06:00:00+00:00,mean(air_temperature P1M),14.7,degC,5.2777,60.2913
SN50540,2017-07-01 06:00:00+00:00,mean(air_temperature P1M),15.1,degC,5.3327,60.383
SN50310,2017-07-01 06:00:00+00:00,mean(air_temperature P1M),11.7,degC,5.9636631,60.3889174
SN50175,2017-08-01 00:00:00+00:00,mean(air_temperature P1M),14.0,degC,5.2038,60.0167
SN50500,2017-08-01 00:00:00+00:00,mean(air_temperature P1M),13.6,degC,5.2265,60.2892
SN50865,2017-08-01 06:00:00+00:00,mean(air_temperature P1M),12.2,degC,5.542,60.3828
SN50810,2017-08-01 06:00:00+00:00,mean(air_temperature P1M),13.3,degC,5.3418,60.4742
SN50540,2017-08-01 06:00:00+00:00,mean(air_temperature P1M),14.3,degC,5.3327,60.383
SN50310,2017-08-01 06:00:00+00:00,mean(air_temperature P1M),10.9,degC,5.9636631,60.3889174
SN51010,2017-08-01 06:00:00+00:00,mean(air_temperature P1M),13.8,degC,5.7243,60.5205
SN50480,2017-08-01 06:00:00+00:00,mean(air_temperature P1M),13.9,degC,5.2777,60.2913
SN50570,2017-08-01 06:00:00+00:00,mean(air_temperature P1M),12.3,degC,5.3358,60.404
SN52310,2017-08-01 06:00:00+00:00,mean(air_temperature P1M),12.5,degC,5.9758,60.859
SN50503,2017-09-01 06:00:00+00:00,mean(air_temperature P1M),12.3,degC,5.3967,60.35
SN50310,2017-09-01 06:00:00+00:00,mean(air_temperature P1M),10.4,degC,5.9636631,60.3889174
SN50175,2017-09-01 06:00:00+00:00,mean(air_temperature P1M),13.7,degC,5.2038,60.0167
SN50480,2017-09-01 06:00:00+00:00,mean(air_temperature P1M),13.1,degC,5.2777,60.2913
SN50810,2017-09-01 06:00:00+00:00,mean(air_temperature P1M),12.4,degC,5.3418,60.4742
SN52310,2017-09-01 06:00:00+00:00,mean(air_temperature P1M),11.5,degC,5.9758,60.859
SN50865,2017-09-01 06:00:00+00:00,mean(air_temperature P1M),11.6,degC,5.542,60.3828
SN51010,2017-09-01 06:00:00+00:00,mean(air_temperature P1M),12.9,degC,5.7243,60.5205
SN50540,2017-09-01 06:00:00+00:00,mean(air_temperature P1M),13.8,degC,5.3327,60.383
SN50500,2017-09-01 06:00:00+00:00,mean(air_temperature P1M),12.9,degC,5.2265,60.2892
SN50570,2017-09-01 06:00:00+00:00,mean(air_temperature P1M),11.5,degC,5.3358,60.404
SN50539,2017-09-01 06:00:00+00:00,mean(air_temperature P1M),13.8,degC,5.332,60.3837
SN50865,2017-10-01 00:00:00+00:00,mean(air_temperature P1M),7.2,degC,5.542,60.3828
SN50480,2017-10-01 00:00:00+00:00,mean(air_temperature P1M),9.2,degC,5.2777,60.2913
SN50503,2017-10-01 00:00:00+00:00,mean(air_temperature P1M),8.3,degC,5.3967,60.35
SN50570,2017-10-01 00:00:00+00:00,mean(air_temperature P1M),7.8,degC,5.3358,60.404
SN51010,2017-10-01 06:00:00+00:00,mean(air_temperature P1M),9.0,degC,5.7243,60.5205
SN50175,2017-10-01 06:00:00+00:00,mean(air_temperature P1M),10.2,degC,5.2038,60.0167
SN50810,2017-10-01 06:00:00+00:00,mean(air_temperature P1M),8.7,degC,5.3418,60.4742
SN50500,2017-10-01 06:00:00+00:00,mean(air_temperature P1M),9.4,degC,5.2265,60.2892
SN50539,2017-10-01 06:00:00+00:00,mean(air_temperature P1M),9.7,degC,5.332,60.3837
SN50310,2017-10-01 06:00:00+00:00,mean(air_temperature P1M),5.8,degC,5.9636631,60.3889174
SN50540,2017-10-01 06:00:00+00:00,mean(air_temperature P1M),9.8,degC,5.3327,60.383
SN52310,2017-10-01 06:00:00+00:00,mean(air_temperature P1M),7.3,degC,5.9758,60.859
SN50480,2017-11-01 00:00:00+00:00,mean(air_temperature P1M),3.9,degC,5.2777,60.2913
SN50865,2017-11-01 06:00:00+00:00,mean(air_temperature P1M),2.0,degC,5.542,60.3828
SN50175,2017-11-01 06:00:00+00:00,mean(air_temperature P1M),5.6,degC,5.2038,60.0167
SN51010,2017-11-01 06:00:00+00:00,mean(air_temperature P1M),4.1,degC,5.7243,60.5205
SN50540,2017-11-01 06:00:00+00:00,mean(air_temperature P1M),4.7,degC,5.3327,60.383
SN52310,2017-11-01 06:00:00+00:00,mean(air_temperature P1M),2.0,degC,5.9758,60.859
SN50310,2017-11-01 06:00:00+00:00,mean(air_temperature P1M),0.5,degC,5.9636631,60.3889174
SN50570,2017-11-01 06:00:00+00:00,mean(air_temperature P1M),3.0,degC,5.3358,60.404
SN50539,2017-11-01 06:00:00+00:00,mean(air_temperature P1M),4.7,degC,5.332,60.3837
SN50500,2017-11-01 06:00:00+00:00,mean(air_temperature P1M),4.4,degC,5.2265,60.2892
SN50810,2017-11-01 06:00:00+00:00,mean(air_temperature P1M),3.8,degC,5.3418,60.4742
SN50503,2017-11-01 06:00:00+00:00,mean(air_temperature P1M),3.2,degC,5.3967,60.35
SN50480,2017-12-01 00:00:00+00:00,mean(air_temperature P1M),2.5,degC,5.2777,60.2913
SN50570,2017-12-01 06:00:00+00:00,mean(air_temperature P1M),1.7,degC,5.3358,60.404
SN51010,2017-12-01 06:00:00+00:00,mean(air_temperature P1M),1.9,degC,5.7243,60.5205
SN50175,2017-12-01 06:00:00+00:00,mean(air_temperature P1M),3.9,degC,5.2038,60.0167
SN50810,2017-12-01 06:00:00+00:00,mean(air_temperature P1M),1.9,degC,5.3418,60.4742
SN50540,2017-12-01 06:00:00+00:00,mean(air_temperature P1M),3.2,degC,5.3327,60.383
SN50500,2017-12-01 06:00:00+00:00,mean(air_temperature P1M),2.6,degC,5.2265,60.2892
SN50865,2017-12-01 06:00:00+00:00,mean(air_temperature P1M),0.6,degC,5.542,60.3828
SN50503,2017-12-01 06:00:00+00:00,mean(air_temperature P1M),1.8,degC,5.3967,60.35
SN52310,2017-12-01 06:00:00+00:00,mean(air_temperature P1M),-0.7,degC,5.9758,60.859
SN50310,2017-12-01 06:00:00+00:00,mean(air_temperature P1M),-1.5,degC,5.9636631,60.3889174
SN50539,2017-12-01 06:00:00+00:00,mean(air_temperature P1M),3.2,degC,5.332,60.3837
SN50480,2018-01-01 00:00:00+00:00,mean(air_temperature P1M),1.7,degC,5.2777,60.2913
SN50570,2018-01-01 06:00:00+00:00,mean(air_temperature P1M),1.0,degC,5.3358,60.404
SN50540,2018-01-01 06:00:00+00:00,mean(air_temperature P1M),2.8,degC,5.3327,60.383
SN50503,2018-01-01 06:00:00+00:00,mean(air_temperature P1M),1.4,degC,5.3967,60.35
SN50500,2018-01-01 06:00:00+00:00,mean(air_temperature P1M),2.2,degC,5.2265,60.2892
SN52310,2018-01-01 06:00:00+00:00,mean(air_temperature P1M),-0.6,degC,5.9758,60.859
SN50865,2018-01-01 06:00:00+00:00,mean(air_temperature P1M),0.1,degC,5.542,60.3828
SN50310,2018-01-01 06:00:00+00:00,mean(air_temperature P1M),-1.7,degC,5.9636631,60.3889174
SN50539,2018-01-01 06:00:00+00:00,mean(air_temperature P1M),2.8,degC,5.332,60.3837
SN50810,2018-01-01 06:00:00+00:00,mean(air_temperature P1M),1.3,degC,5.3418,60.4742
SN50175,2018-01-01 06:00:00+00:00,mean(air_temperature P1M),3.3,degC,5.2038,60.0167
SN51010,2018-01-01 06:00:00+00:00,mean(air_temperature P1M),2.0,degC,5.7243,60.5205
SN50480,2018-02-01 00:00:00+00:00,mean(air_temperature P1M),0.2,degC,5.2777,60.2913
SN50540,2018-02-01 06:00:00+00:00,mean(air_temperature P1M),1.1,degC,5.3327,60.383
SN50865,2018-02-01 06:00:00+00:00,mean(air_temperature P1M),-2.2,degC,5.542,60.3828
SN50503,2018-02-01 06:00:00+00:00,mean(air_temperature P1M),-0.5,degC,5.3967,60.35
SN50175,2018-02-01 06:00:00+00:00,mean(air_temperature P1M),1.1,degC,5.2038,60.0167
SN51010,2018-02-01 06:00:00+00:00,mean(air_temperature P1M),0.2,degC,5.7243,60.5205
SN50810,2018-02-01 06:00:00+00:00,mean(air_temperature P1M),0.0,degC,5.3418,60.4742
SN52310,2018-02-01 06:00:00+00:00,mean(air_temperature P1M),-1.9,degC,5.9758,60.859
SN50539,2018-02-01 06:00:00+00:00,mean(air_temperature P1M),1.1,degC,5.332,60.3837
SN50570,2018-02-01 06:00:00+00:00,mean(air_temperature P1M),-0.9,degC,5.3358,60.404
SN50310,2018-02-01 06:00:00+00:00,mean(air_temperature P1M),-4.0,degC,5.9636631,60.3889174
SN50500,2018-02-01 06:00:00+00:00,mean(air_temperature P1M),0.3,degC,5.2265,60.2892
SN50480,2018-03-01 00:00:00+00:00,mean(air_temperature P1M),-0.1,degC,5.2777,60.2913
SN50175,2018-03-01 06:00:00+00:00,mean(air_temperature P1M),0.8,degC,5.2038,60.0167
SN50503,2018-03-01 06:00:00+00:00,mean(air_temperature P1M),-0.6,degC,5.3967,60.35
SN51010,2018-03-01 06:00:00+00:00,mean(air_temperature P1M),0.4,degC,5.7243,60.5205
SN50810,2018-03-01 06:00:00+00:00,mean(air_temperature P1M),-0.6,degC,5.3418,60.4742
SN50540,2018-03-01 06:00:00+00:00,mean(air_temperature P1M),0.6,degC,5.3327,60.383
SN50570,2018-03-01 06:00:00+00:00,mean(air_temperature P1M),-1.9,degC,5.3358,60.404
SN50310,2018-03-01 06:00:00+00:00,mean(air_temperature P1M),-3.7,degC,5.9636631,60.3889174
SN52310,2018-03-01 06:00:00+00:00,mean(air_temperature P1M),-1.8,degC,5.9758,60.859
SN50539,2018-03-01 06:00:00+00:00,mean(air_temperature P1M),0.6,degC,5.332,60.3837
SN50500,2018-03-01 06:00:00+00:00,mean(air_temperature P1M),-0.2,degC,5.2265,60.2892
SN50865,2018-03-01 06:00:00+00:00,mean(air_temperature P1M),-3.1,degC,5.542,60.3828
SN50480,2018-04-01 00:00:00+00:00,mean(air_temperature P1M),7.0,degC,5.2777,60.2913
SN50865,2018-04-01 06:00:00+00:00,mean(air_temperature P1M),3.7,degC,5.542,60.3828
SN52310,2018-04-01 06:00:00+00:00,mean(air_temperature P1M),3.6,degC,5.9758,60.859
SN50175,2018-04-01 06:00:00+00:00,mean(air_temperature P1M),6.5,degC,5.2038,60.0167
SN50570,2018-04-01 06:00:00+00:00,mean(air_temperature P1M),4.7,degC,5.3358,60.404
SN50310,2018-04-01 06:00:00+00:00,mean(air_temperature P1M),2.7,degC,5.9636631,60.3889174
SN50500,2018-04-01 06:00:00+00:00,mean(air_temperature P1M),6.3,degC,5.2265,60.2892
SN50503,2018-04-01 06:00:00+00:00,mean(air_temperature P1M),5.9,degC,5.3967,60.35
SN50539,2018-04-01 06:00:00+00:00,mean(air_temperature P1M),7.2,degC,5.332,60.3837
SN50540,2018-04-01 06:00:00+00:00,mean(air_temperature P1M),7.3,degC,5.3327,60.383
SN50810,2018-04-01 06:00:00+00:00,mean(air_temperature P1M),6.3,degC,5.3418,60.4742
SN51010,2018-04-01 06:00:00+00:00,mean(air_temperature P1M),6.1,degC,5.7243,60.5205
SN50480,2018-05-01 00:00:00+00:00,mean(air_temperature P1M),14.1,degC,5.2777,60.2913
SN50175,2018-05-01 06:00:00+00:00,mean(air_temperature P1M),12.1,degC,5.2038,60.0167
SN52310,2018-05-01 06:00:00+00:00,mean(air_temperature P1M),12.4,degC,5.9758,60.859
SN51010,2018-05-01 06:00:00+00:00,mean(air_temperature P1M),13.8,degC,5.7243,60.5205
SN50540,2018-05-01 06:00:00+00:00,mean(air_temperature P1M),14.4,degC,5.3327,60.383
SN50539,2018-05-01 06:00:00+00:00,mean(air_temperature P1M),14.4,degC,5.332,60.3837
SN50503,2018-05-01 06:00:00+00:00,mean(air_temperature P1M),13.3,degC,5.3967,60.35
SN50810,2018-05-01 06:00:00+00:00,mean(air_temperature P1M),13.6,degC,5.3418,60.4742
SN50500,2018-05-01 06:00:00+00:00,mean(air_temperature P1M),12.9,degC,5.2265,60.2892
SN50310,2018-05-01 06:00:00+00:00,mean(air_temperature P1M),11.4,degC,5.9636631,60.3889174
SN50865,2018-05-01 06:00:00+00:00,mean(air_temperature P1M),11.9,degC,5.542,60.3828
SN50570,2018-05-01 06:00:00+00:00,mean(air_temperature P1M),12.6,degC,5.3358,60.404
SN50539,2018-06-01 00:00:00+00:00,mean(air_temperature P1M),14.6,degC,5.332,60.3837
SN50480,2018-06-01 00:00:00+00:00,mean(air_temperature P1M),14.1,degC,5.2777,60.2913
SN50310,2018-06-01 06:00:00+00:00,mean(air_temperature P1M),12.5,degC,5.9636631,60.3889174
SN50503,2018-06-01 06:00:00+00:00,mean(air_temperature P1M),13.2,degC,5.3967,60.35
SN50865,2018-06-01 06:00:00+00:00,mean(air_temperature P1M),12.0,degC,5.542,60.3828
SN50500,2018-06-01 06:00:00+00:00,mean(air_temperature P1M),13.4,degC,5.2265,60.2892
SN52310,2018-06-01 06:00:00+00:00,mean(air_temperature P1M),13.8,degC,5.9758,60.859
SN51010,2018-06-01 06:00:00+00:00,mean(air_temperature P1M),15.0,degC,5.7243,60.5205
SN50175,2018-06-01 06:00:00+00:00,mean(air_temperature P1M),12.9,degC,5.2038,60.0167
SN50540,2018-06-01 06:00:00+00:00,mean(air_temperature P1M),14.8,degC,5.3327,60.383
SN50570,2018-06-01 06:00:00+00:00,mean(air_temperature P1M),13.0,degC,5.3358,60.404
SN50810,2018-06-01 06:00:00+00:00,mean(air_temperature P1M),13.9,degC,5.3418,60.4742
SN50480,2018-07-01 00:00:00+00:00,mean(air_temperature P1M),16.8,degC,5.2777,60.2913
SN50810,2018-07-01 00:00:00+00:00,mean(air_temperature P1M),16.3,degC,5.3418,60.4742
SN50503,2018-07-01 00:00:00+00:00,mean(air_temperature P1M),16.0,degC,5.3967,60.35
SN50539,2018-07-01 00:00:00+00:00,mean(air_temperature P1M),17.3,degC,5.332,60.3837
SN50865,2018-07-01 06:00:00+00:00,mean(air_temperature P1M),15.0,degC,5.542,60.3828
SN50175,2018-07-01 06:00:00+00:00,mean(air_temperature P1M),15.4,degC,5.2038,60.0167
SN50500,2018-07-01 06:00:00+00:00,mean(air_temperature P1M),15.8,degC,5.2265,60.2892
SN51010,2018-07-01 06:00:00+00:00,mean(air_temperature P1M),17.8,degC,5.7243,60.5205
SN50310,2018-07-01 06:00:00+00:00,mean(air_temperature P1M),15.7,degC,5.9636631,60.3889174
SN52310,2018-07-01 06:00:00+00:00,mean(air_temperature P1M),17.0,degC,5.9758,60.859
SN50540,2018-07-01 06:00:00+00:00,mean(air_temperature P1M),17.3,degC,5.3327,60.383
SN50570,2018-07-01 06:00:00+00:00,mean(air_temperature P1M),15.5,degC,5.3358,60.404
SN50480,2018-08-01 00:00:00+00:00,mean(air_temperature P1M),14.1,degC,5.2777,60.2913
SN50503,2018-08-01 06:00:00+00:00,mean(air_temperature P1M),12.9,degC,5.3967,60.35
SN50500,2018-08-01 06:00:00+00:00,mean(air_temperature P1M),13.9,degC,5.2265,60.2892
SN50810,2018-08-01 06:00:00+00:00,mean(air_temperature P1M),13.7,degC,5.3418,60.4742
SN50570,2018-08-01 06:00:00+00:00,mean(air_temperature P1M),12.5,degC,5.3358,60.404
SN51010,2018-08-01 06:00:00+00:00,mean(air_temperature P1M),13.9,degC,5.7243,60.5205
SN50310,2018-08-01 06:00:00+00:00,mean(air_temperature P1M),11.1,degC,5.9636631,60.3889174
SN52310,2018-08-01 06:00:00+00:00,mean(air_temperature P1M),12.5,degC,5.9758,60.859
SN50175,2018-08-01 06:00:00+00:00,mean(air_temperature P1M),14.5,degC,5.2038,60.0167
SN50540,2018-08-01 06:00:00+00:00,mean(air_temperature P1M),14.5,degC,5.3327,60.383
SN50539,2018-08-01 06:00:00+00:00,mean(air_temperature P1M),14.5,degC,5.332,60.3837
SN50865,2018-08-01 06:00:00+00:00,mean(air_temperature P1M),11.9,degC,5.542,60.3828
SN50865,2018-09-01 00:00:00+00:00,mean(air_temperature P1M),9.6,degC,5.542,60.3828
SN50175,2018-09-01 06:00:00+00:00,mean(air_temperature P1M),12.4,degC,5.2038,60.0167
SN50540,2018-09-01 06:00:00+00:00,mean(air_temperature P1M),12.2,degC,5.3327,60.383
SN50539,2018-09-01 06:00:00+00:00,mean(air_temperature P1M),12.2,degC,5.332,60.3837
SN50570,2018-09-01 06:00:00+00:00,mean(air_temperature P1M),10.4,degC,5.3358,60.404
SN50480,2018-09-01 06:00:00+00:00,mean(air_temperature P1M),12.0,degC,5.2777,60.2913
SN50500,2018-09-01 06:00:00+00:00,mean(air_temperature P1M),11.8,degC,5.2265,60.2892
SN50503,2018-09-01 06:00:00+00:00,mean(air_temperature P1M),10.5,degC,5.3967,60.35
SN51010,2018-09-01 06:00:00+00:00,mean(air_temperature P1M),11.9,degC,5.7243,60.5205
SN50310,2018-09-01 06:00:00+00:00,mean(air_temperature P1M),8.9,degC,5.9636631,60.3889174
SN52310,2018-09-01 06:00:00+00:00,mean(air_temperature P1M),10.0,degC,5.9758,60.859
SN51010,2018-10-01 00:00:00+00:00,mean(air_temperature P1M),8.1,degC,5.7243,60.5205
SN50480,2018-10-01 00:00:00+00:00,mean(air_temperature P1M),7.9,degC,5.2777,60.2913
SN50865,2018-10-01 00:00:00+00:00,mean(air_temperature P1M),5.9,degC,5.542,60.3828
SN50539,2018-10-01 00:00:00+00:00,mean(air_temperature P1M),8.4,degC,5.332,60.3837
SN50570,2018-10-01 00:00:00+00:00,mean(air_temperature P1M),6.6,degC,5.3358,60.404
SN50503,2018-10-01 00:00:00+00:00,mean(air_temperature P1M),7.2,degC,5.3967,60.35
SN50310,2018-10-01 06:00:00+00:00,mean(air_temperature P1M),5.0,degC,5.9636631,60.3889174
SN50500,2018-10-01 06:00:00+00:00,mean(air_temperature P1M),8.0,degC,5.2265,60.2892
SN50175,2018-10-01 06:00:00+00:00,mean(air_temperature P1M),8.9,degC,5.2038,60.0167
SN52310,2018-10-01 06:00:00+00:00,mean(air_temperature P1M),6.2,degC,5.9758,60.859
SN50540,2018-10-01 06:00:00+00:00,mean(air_temperature P1M),8.5,degC,5.3327,60.383
SN50480,2018-11-01 00:00:00+00:00,mean(air_temperature P1M),6.0,degC,5.2777,60.2913
SN50175,2018-11-01 06:00:00+00:00,mean(air_temperature P1M),7.2,degC,5.2038,60.0167
SN50500,2018-11-01 06:00:00+00:00,mean(air_temperature P1M),6.2,degC,5.2265,60.2892
SN50570,2018-11-01 06:00:00+00:00,mean(air_temperature P1M),5.2,degC,5.3358,60.404
SN50810,2018-11-01 06:00:00+00:00,mean(air_temperature P1M),5.5,degC,5.3418,60.4742
SN50865,2018-11-01 06:00:00+00:00,mean(air_temperature P1M),4.3,degC,5.542,60.3828
SN50540,2018-11-01 06:00:00+00:00,mean(air_temperature P1M),6.7,degC,5.3327,60.383
SN51010,2018-11-01 06:00:00+00:00,mean(air_temperature P1M),6.1,degC,5.7243,60.5205
SN50503,2018-11-01 06:00:00+00:00,mean(air_temperature P1M),6.1,degC,5.3967,60.35
SN50310,2018-11-01 06:00:00+00:00,mean(air_temperature P1M),3.0,degC,5.9636631,60.3889174
SN52310,2018-11-01 06:00:00+00:00,mean(air_temperature P1M),3.3,degC,5.9758,60.859
SN50539,2018-11-01 06:00:00+00:00,mean(air_temperature P1M),6.6,degC,5.332,60.3837
SN50539,2018-12-01 06:00:00+00:00,mean(air_temperature P1M),4.2,degC,5.332,60.3837
SN50500,2018-12-01 06:00:00+00:00,mean(air_temperature P1M),3.8,degC,5.2265,60.2892
SN50865,2018-12-01 06:00:00+00:00,mean(air_temperature P1M),1.3,degC,5.542,60.3828
SN50570,2018-12-01 06:00:00+00:00,mean(air_temperature P1M),2.6,degC,5.3358,60.404
SN50310,2018-12-01 06:00:00+00:00,mean(air_temperature P1M),-0.6,degC,5.9636631,60.3889174
SN50810,2018-12-01 06:00:00+00:00,mean(air_temperature P1M),2.5,degC,5.3418,60.4742
SN50503,2018-12-01 06:00:00+00:00,mean(air_temperature P1M),3.0,degC,5.3967,60.35
SN50540,2018-12-01 06:00:00+00:00,mean(air_temperature P1M),4.2,degC,5.3327,60.383
SN52310,2018-12-01 06:00:00+00:00,mean(air_temperature P1M),0.7,degC,5.9758,60.859
SN50480,2018-12-01 06:00:00+00:00,mean(air_temperature P1M),3.5,degC,5.2777,60.2913
SN51010,2018-12-01 06:00:00+00:00,mean(air_temperature P1M),3.1,degC,5.7243,60.5205
SN50175,2018-12-01 06:00:00+00:00,mean(air_temperature P1M),4.7,degC,5.2038,60.0167
SN50500,2019-01-01 06:00:00+00:00,mean(air_temperature P1M),2.1,degC,5.2265,60.2892
SN51010,2019-01-01 06:00:00+00:00,mean(air_temperature P1M),1.5,degC,5.7243,60.5205
SN50480,2019-01-01 06:00:00+00:00,mean(air_temperature P1M),2.3,degC,5.2777,60.2913
SN50810,2019-01-01 06:00:00+00:00,mean(air_temperature P1M),1.6,degC,5.3418,60.4742
SN50865,2019-01-01 06:00:00+00:00,mean(air_temperature P1M),-0.1,degC,5.542,60.3828
SN50540,2019-01-01 06:00:00+00:00,mean(air_temperature P1M),2.8,degC,5.3327,60.383
SN50539,2019-01-01 06:00:00+00:00,mean(air_temperature P1M),2.7,degC,5.332,60.3837
SN50503,2019-01-01 06:00:00+00:00,mean(air_temperature P1M),1.3,degC,5.3967,60.35
SN50570,2019-01-01 06:00:00+00:00,mean(air_temperature P1M),1.0,degC,5.3358,60.404
SN50310,2019-01-01 06:00:00+00:00,mean(air_temperature P1M),-1.7,degC,5.9636631,60.3889174
SN50175,2019-01-01 06:00:00+00:00,mean(air_temperature P1M),3.1,degC,5.2038,60.0167
SN52310,2019-01-01 06:00:00+00:00,mean(air_temperature P1M),-0.8,degC,5.9758,60.859
SN51010,2019-02-01 06:00:00+00:00,mean(air_temperature P1M),4.0,degC,5.7243,60.5205
SN50310,2019-02-01 06:00:00+00:00,mean(air_temperature P1M),0.8,degC,5.9636631,60.3889174
SN50810,2019-02-01 06:00:00+00:00,mean(air_temperature P1M),4.1,degC,5.3418,60.4742
SN50539,2019-02-01 06:00:00+00:00,mean(air_temperature P1M),5.2,degC,5.332,60.3837
SN50570,2019-02-01 06:00:00+00:00,mean(air_temperature P1M),3.3,degC,5.3358,60.404
SN52310,2019-02-01 06:00:00+00:00,mean(air_temperature P1M),0.8,degC,5.9758,60.859
SN50503,2019-02-01 06:00:00+00:00,mean(air_temperature P1M),3.7,degC,5.3967,60.35
SN50500,2019-02-01 06:00:00+00:00,mean(air_temperature P1M),4.4,degC,5.2265,60.2892
SN50480,2019-02-01 06:00:00+00:00,mean(air_temperature P1M),4.8,degC,5.2777,60.2913
SN50865,2019-02-01 06:00:00+00:00,mean(air_temperature P1M),2.4,degC,5.542,60.3828
SN50175,2019-02-01 06:00:00+00:00,mean(air_temperature P1M),4.9,degC,5.2038,60.0167
SN50540,2019-02-01 06:00:00+00:00,mean(air_temperature P1M),5.3,degC,5.3327,60.383
SN50175,2019-03-01 06:00:00+00:00,mean(air_temperature P1M),4.4,degC,5.2038,60.0167
SN50810,2019-03-01 06:00:00+00:00,mean(air_temperature P1M),3.5,degC,5.3418,60.4742
SN50865,2019-03-01 06:00:00+00:00,mean(air_temperature P1M),1.4,degC,5.542,60.3828
SN52310,2019-03-01 06:00:00+00:00,mean(air_temperature P1M),1.8,degC,5.9758,60.859
SN50570,2019-03-01 06:00:00+00:00,mean(air_temperature P1M),2.5,degC,5.3358,60.404
SN50503,2019-03-01 06:00:00+00:00,mean(air_temperature P1M),2.8,degC,5.3967,60.35
SN51010,2019-03-01 06:00:00+00:00,mean(air_temperature P1M),3.5,degC,5.7243,60.5205
SN50540,2019-03-01 06:00:00+00:00,mean(air_temperature P1M),4.6,degC,5.3327,60.383
SN50539,2019-03-01 06:00:00+00:00,mean(air_temperature P1M),4.6,degC,5.332,60.3837
SN50500,2019-03-01 06:00:00+00:00,mean(air_temperature P1M),3.9,degC,5.2265,60.2892
SN50480,2019-03-01 06:00:00+00:00,mean(air_temperature P1M),4.3,degC,5.2777,60.2913
SN50310,2019-03-01 06:00:00+00:00,mean(air_temperature P1M),0.1,degC,5.9636631,60.3889174
SN50540,2019-04-01 06:00:00+00:00,mean(air_temperature P1M),9.6,degC,5.3327,60.383
SN50503,2019-04-01 06:00:00+00:00,mean(air_temperature P1M),8.8,degC,5.3967,60.35
SN50175,2019-04-01 06:00:00+00:00,mean(air_temperature P1M),8.6,degC,5.2038,60.0167
SN50500,2019-04-01 06:00:00+00:00,mean(air_temperature P1M),8.4,degC,5.2265,60.2892
SN52310,2019-04-01 06:00:00+00:00,mean(air_temperature P1M),7.1,degC,5.9758,60.859
SN50480,2019-04-01 06:00:00+00:00,mean(air_temperature P1M),8.8,degC,5.2777,60.2913
SN50310,2019-04-01 06:00:00+00:00,mean(air_temperature P1M),5.9,degC,5.9636631,60.3889174
SN50865,2019-04-01 06:00:00+00:00,mean(air_temperature P1M),6.7,degC,5.542,60.3828
SN50570,2019-04-01 06:00:00+00:00,mean(air_temperature P1M),7.4,degC,5.3358,60.404
SN51010,2019-04-01 06:00:00+00:00,mean(air_temperature P1M),9.1,degC,5.7243,60.5205
SN50539,2019-04-01 06:00:00+00:00,mean(air_temperature P1M),9.6,degC,5.332,60.3837
SN50810,2019-04-01 06:00:00+00:00,mean(air_temperature P1M),8.6,degC,5.3418,60.4742
SN52310,2019-05-01 06:00:00+00:00,mean(air_temperature P1M),8.2,degC,5.9758,60.859
SN50175,2019-05-01 06:00:00+00:00,mean(air_temperature P1M),8.1,degC,5.2038,60.0167
SN50503,2019-05-01 06:00:00+00:00,mean(air_temperature P1M),7.9,degC,5.3967,60.35
SN50310,2019-05-01 06:00:00+00:00,mean(air_temperature P1M),6.4,degC,5.9636631,60.3889174
SN50500,2019-05-01 06:00:00+00:00,mean(air_temperature P1M),8.4,degC,5.2265,60.2892
SN50539,2019-05-01 06:00:00+00:00,mean(air_temperature P1M),9.5,degC,5.332,60.3837
SN50865,2019-05-01 06:00:00+00:00,mean(air_temperature P1M),6.5,degC,5.542,60.3828
SN51010,2019-05-01 06:00:00+00:00,mean(air_temperature P1M),9.2,degC,5.7243,60.5205
SN50540,2019-05-01 06:00:00+00:00,mean(air_temperature P1M),9.5,degC,5.3327,60.383
SN50810,2019-05-01 06:00:00+00:00,mean(air_temperature P1M),8.5,degC,5.3418,60.4742
SN50570,2019-05-01 06:00:00+00:00,mean(air_temperature P1M),7.3,degC,5.3358,60.404
SN50480,2019-06-01 06:00:00+00:00,mean(air_temperature P1M),13.8,degC,5.2777,60.2913
SN50570,2019-06-01 06:00:00+00:00,mean(air_temperature P1M),12.0,degC,5.3358,60.404
SN50310,2019-06-01 06:00:00+00:00,mean(air_temperature P1M),11.1,degC,5.9636631,60.3889174
SN50539,2019-06-01 06:00:00+00:00,mean(air_temperature P1M),14.0,degC,5.332,60.3837
SN50500,2019-06-01 06:00:00+00:00,mean(air_temperature P1M),13.0,degC,5.2265,60.2892
SN51010,2019-06-01 06:00:00+00:00,mean(air_temperature P1M),13.4,degC,5.7243,60.5205
SN50810,2019-06-01 06:00:00+00:00,mean(air_temperature P1M),13.2,degC,5.3418,60.4742
SN50175,2019-06-01 06:00:00+00:00,mean(air_temperature P1M),12.8,degC,5.2038,60.0167
SN50540,2019-06-01 06:00:00+00:00,mean(air_temperature P1M),14.0,degC,5.3327,60.383
SN52310,2019-06-01 06:00:00+00:00,mean(air_temperature P1M),12.6,degC,5.9758,60.859
SN50865,2019-06-01 06:00:00+00:00,mean(air_temperature P1M),11.6,degC,5.542,60.3828
SN50503,2019-06-01 06:00:00+00:00,mean(air_temperature P1M),12.4,degC,5.3967,60.35
SN51010,2019-07-01 06:00:00+00:00,mean(air_temperature P1M),16.0,degC,5.7243,60.5205
SN50310,2019-07-01 06:00:00+00:00,mean(air_temperature P1M),13.6,degC,5.9636631,60.3889174
SN50570,2019-07-01 06:00:00+00:00,mean(air_temperature P1M),14.1,degC,5.3358,60.404
SN50539,2019-07-01 06:00:00+00:00,mean(air_temperature P1M),16.1,degC,5.332,60.3837
SN50503,2019-07-01 06:00:00+00:00,mean(air_temperature P1M),14.6,degC,5.3967,60.35
SN50810,2019-07-01 06:00:00+00:00,mean(air_temperature P1M),15.2,degC,5.3418,60.4742
SN50480,2019-07-01 06:00:00+00:00,mean(air_temperature P1M),15.8,degC,5.2777,60.2913
SN52310,2019-07-01 06:00:00+00:00,mean(air_temperature P1M),15.4,degC,5.9758,60.859
SN50540,2019-07-01 06:00:00+00:00,mean(air_temperature P1M),16.1,degC,5.3327,60.383
SN50500,2019-07-01 06:00:00+00:00,mean(air_temperature P1M),14.8,degC,5.2265,60.2892
SN50175,2019-07-01 06:00:00+00:00,mean(air_temperature P1M),14.5,degC,5.2038,60.0167
SN50865,2019-07-01 06:00:00+00:00,mean(air_temperature P1M),13.7,degC,5.542,60.3828
SN50810,2019-08-01 06:00:00+00:00,mean(air_temperature P1M),15.5,degC,5.3418,60.4742
SN50175,2019-08-01 06:00:00+00:00,mean(air_temperature P1M),15.9,degC,5.2038,60.0167
SN50500,2019-08-01 06:00:00+00:00,mean(air_temperature P1M),15.6,degC,5.2265,60.2892
SN50865,2019-08-01 06:00:00+00:00,mean(air_temperature P1M),14.0,degC,5.542,60.3828
SN50503,2019-08-01 06:00:00+00:00,mean(air_temperature P1M),14.8,degC,5.3967,60.35
SN50540,2019-08-01 06:00:00+00:00,mean(air_temperature P1M),16.4,degC,5.3327,60.383
SN50570,2019-08-01 06:00:00+00:00,mean(air_temperature P1M),14.4,degC,5.3358,60.404
SN50539,2019-08-01 06:00:00+00:00,mean(air_temperature P1M),16.4,degC,5.332,60.3837
SN50480,2019-08-01 06:00:00+00:00,mean(air_temperature P1M),16.1,degC,5.2777,60.2913
SN50310,2019-08-01 06:00:00+00:00,mean(air_temperature P1M),13.2,degC,5.9636631,60.3889174
SN51010,2019-08-01 06:00:00+00:00,mean(air_temperature P1M),15.9,degC,5.7243,60.5205
SN52310,2019-08-01 06:00:00+00:00,mean(air_temperature P1M),14.8,degC,5.9758,60.859
SN50570,2019-09-01 06:00:00+00:00,mean(air_temperature P1M),9.8,degC,5.3358,60.404
SN50500,2019-09-01 06:00:00+00:00,mean(air_temperature P1M),11.4,degC,5.2265,60.2892
SN50539,2019-09-01 06:00:00+00:00,mean(air_temperature P1M),11.9,degC,5.332,60.3837
SN50540,2019-09-01 06:00:00+00:00,mean(air_temperature P1M),11.9,degC,5.3327,60.383
SN50810,2019-09-01 06:00:00+00:00,mean(air_temperature P1M),11.0,degC,5.3418,60.4742
SN51010,2019-09-01 06:00:00+00:00,mean(air_temperature P1M),11.4,degC,5.7243,60.5205
SN50865,2019-09-01 06:00:00+00:00,mean(air_temperature P1M),9.1,degC,5.542,60.3828
SN50175,2019-09-01 06:00:00+00:00,mean(air_temperature P1M),12.2,degC,5.2038,60.0167
SN50503,2019-09-01 06:00:00+00:00,mean(air_temperature P1M),10.8,degC,5.3967,60.35
SN52310,2019-09-01 06:00:00+00:00,mean(air_temperature P1M),9.7,degC,5.9758,60.859
SN50480,2019-09-01 06:00:00+00:00,mean(air_temperature P1M),11.6,degC,5.2777,60.2913
SN50310,2019-09-01 06:00:00+00:00,mean(air_temperature P1M),8.6,degC,5.9636631,60.3889174
SN50480,2019-10-01 00:00:00+00:00,mean(air_temperature P1M),7.5,degC,5.2777,60.2913
SN50175,2019-10-01 06:00:00+00:00,mean(air_temperature P1M),8.5,degC,5.2038,60.0167
SN51010,2019-10-01 06:00:00+00:00,mean(air_temperature P1M),7.1,degC,5.7243,60.5205
SN50865,2019-10-01 06:00:00+00:00,mean(air_temperature P1M),5.1,degC,5.542,60.3828
SN50310,2019-10-01 06:00:00+00:00,mean(air_temperature P1M),4.1,degC,5.9636631,60.3889174
SN50503,2019-10-01 06:00:00+00:00,mean(air_temperature P1M),6.8,degC,5.3967,60.35
SN50500,2019-10-01 06:00:00+00:00,mean(air_temperature P1M),7.4,degC,5.2265,60.2892
SN50540,2019-10-01 06:00:00+00:00,mean(air_temperature P1M),8.0,degC,5.3327,60.383
SN52310,2019-10-01 06:00:00+00:00,mean(air_temperature P1M),5.4,degC,5.9758,60.859
SN50570,2019-10-01 06:00:00+00:00,mean(air_temperature P1M),6.0,degC,5.3358,60.404
SN50810,2019-10-01 06:00:00+00:00,mean(air_temperature P1M),6.7,degC,5.3418,60.4742
SN50539,2019-10-01 06:00:00+00:00,mean(air_temperature P1M),8.0,degC,5.332,60.3837
SN50810,2019-11-01 06:00:00+00:00,mean(air_temperature P1M),1.8,degC,5.3418,60.4742
SN50500,2019-11-01 06:00:00+00:00,mean(air_temperature P1M),2.8,degC,5.2265,60.2892
SN50865,2019-11-01 06:00:00+00:00,mean(air_temperature P1M),0.4,degC,5.542,60.3828
SN50539,2019-11-01 06:00:00+00:00,mean(air_temperature P1M),3.1,degC,5.332,60.3837
SN51010,2019-11-01 06:00:00+00:00,mean(air_temperature P1M),3.5,degC,5.7243,60.5205
SN50480,2019-11-01 06:00:00+00:00,mean(air_temperature P1M),1.9,degC,5.2777,60.2913
SN50570,2019-11-01 06:00:00+00:00,mean(air_temperature P1M),1.6,degC,5.3358,60.404
SN50503,2019-11-01 06:00:00+00:00,mean(air_temperature P1M),3.3,degC,5.3967,60.35
SN50175,2019-11-01 06:00:00+00:00,mean(air_temperature P1M),4.9,degC,5.2038,60.0167
SN50540,2019-11-01 06:00:00+00:00,mean(air_temperature P1M),3.1,degC,5.3327,60.383
SN50310,2019-11-01 06:00:00+00:00,mean(air_temperature P1M),0.1,degC,5.9636631,60.3889174
SN52310,2019-11-01 06:00:00+00:00,mean(air_temperature P1M),1.6,degC,5.9758,60.859
SN50310,2019-12-01 06:00:00+00:00,mean(air_temperature P1M),0.6,degC,5.9636631,60.3889174
SN50480,2019-12-01 06:00:00+00:00,mean(air_temperature P1M),4.3,degC,5.2777,60.2913
SN50539,2019-12-01 06:00:00+00:00,mean(air_temperature P1M),4.9,degC,5.332,60.3837
SN52310,2019-12-01 06:00:00+00:00,mean(air_temperature P1M),2.1,degC,5.9758,60.859
SN50500,2019-12-01 06:00:00+00:00,mean(air_temperature P1M),4.5,degC,5.2265,60.2892
SN50570,2019-12-01 06:00:00+00:00,mean(air_temperature P1M),3.3,degC,5.3358,60.404
SN50503,2019-12-01 06:00:00+00:00,mean(air_temperature P1M),3.7,degC,5.3967,60.35
SN50175,2019-12-01 06:00:00+00:00,mean(air_temperature P1M),5.7,degC,5.2038,60.0167
SN50810,2019-12-01 06:00:00+00:00,mean(air_temperature P1M),3.9,degC,5.3418,60.4742
SN51010,2019-12-01 06:00:00+00:00,mean(air_temperature P1M),4.2,degC,5.7243,60.5205
SN50865,2019-12-01 06:00:00+00:00,mean(air_temperature P1M),2.4,degC,5.542,60.3828
SN50540,2019-12-01 06:00:00+00:00,mean(air_temperature P1M),4.9,degC,5.3327,60.383
SN50810,2020-01-01 00:00:00+00:00,mean(air_temperature P1M),4.7,degC,5.3418,60.4742
SN50570,2020-01-01 06:00:00+00:00,mean(air_temperature P1M),3.8,degC,5.3358,60.404
SN50865,2020-01-01 06:00:00+00:00,mean(air_temperature P1M),2.8,degC,5.542,60.3828
SN50175,2020-01-01 06:00:00+00:00,mean(air_temperature P1M),5.7,degC,5.2038,60.0167
SN50540,2020-01-01 06:00:00+00:00,mean(air_temperature P1M),5.4,degC,5.3327,60.383
SN50480,2020-01-01 06:00:00+00:00,mean(air_temperature P1M),5.2,degC,5.2777,60.2913
SN50500,2020-01-01 06:00:00+00:00,mean(air_temperature P1M),5.0,degC,5.2265,60.2892
SN52310,2020-01-01 06:00:00+00:00,mean(air_temperature P1M),3.1,degC,5.9758,60.859
SN50539,2020-01-01 06:00:00+00:00,mean(air_temperature P1M),5.4,degC,5.332,60.3837
SN50310,2020-01-01 06:00:00+00:00,mean(air_temperature P1M),1.4,degC,5.9636631,60.3889174
SN50503,2020-01-01 06:00:00+00:00,mean(air_temperature P1M),3.8,degC,5.3967,60.35
SN51010,2020-01-01 06:00:00+00:00,mean(air_temperature P1M),5.1,degC,5.7243,60.5205
SN50540,2020-02-01 06:00:00+00:00,mean(air_temperature P1M),4.0,degC,5.3327,60.383
SN50539,2020-02-01 06:00:00+00:00,mean(air_temperature P1M),4.0,degC,5.332,60.3837
SN50175,2020-02-01 06:00:00+00:00,mean(air_temperature P1M),4.3,degC,5.2038,60.0167
SN50310,2020-02-01 06:00:00+00:00,mean(air_temperature P1M),-0.1,degC,5.9636631,60.3889174
SN50500,2020-02-01 06:00:00+00:00,mean(air_temperature P1M),3.5,degC,5.2265,60.2892
SN50480,2020-02-01 06:00:00+00:00,mean(air_temperature P1M),3.8,degC,5.2777,60.2913
SN51010,2020-02-01 06:00:00+00:00,mean(air_temperature P1M),3.6,degC,5.7243,60.5205
SN50570,2020-02-01 06:00:00+00:00,mean(air_temperature P1M),2.2,degC,5.3358,60.404
SN50810,2020-02-01 06:00:00+00:00,mean(air_temperature P1M),3.2,degC,5.3418,60.4742
SN52310,2020-02-01 06:00:00+00:00,mean(air_temperature P1M),1.4,degC,5.9758,60.859
SN50503,2020-02-01 06:00:00+00:00,mean(air_temperature P1M),2.4,degC,5.3967,60.35
SN50503,2020-03-01 06:00:00+00:00,mean(air_temperature P1M),2.9,degC,5.3967,60.35
SN50810,2020-03-01 06:00:00+00:00,mean(air_temperature P1M),3.8,degC,5.3418,60.4742
SN50539,2020-03-01 06:00:00+00:00,mean(air_temperature P1M),4.7,degC,5.332,60.3837
SN50570,2020-03-01 06:00:00+00:00,mean(air_temperature P1M),2.7,degC,5.3358,60.404
SN51010,2020-03-01 06:00:00+00:00,mean(air_temperature P1M),4.1,degC,5.7243,60.5205
SN50540,2020-03-01 06:00:00+00:00,mean(air_temperature P1M),4.7,degC,5.3327,60.383
SN50310,2020-03-01 06:00:00+00:00,mean(air_temperature P1M),0.3,degC,5.9636631,60.3889174
SN50865,2020-03-01 06:00:00+00:00,mean(air_temperature P1M),1.3,degC,5.542,60.3828
SN50175,2020-03-01 06:00:00+00:00,mean(air_temperature P1M),4.6,degC,5.2038,60.0167
SN50500,2020-03-01 06:00:00+00:00,mean(air_temperature P1M),4.0,degC,5.2265,60.2892
SN52310,2020-03-01 06:00:00+00:00,mean(air_temperature P1M),2.2,degC,5.9758,60.859
SN50480,2020-03-01 06:00:00+00:00,mean(air_temperature P1M),4.5,degC,5.2777,60.2913
SN50310,2020-04-01 06:00:00+00:00,mean(air_temperature P1M),3.0,degC,5.9636631,60.3889174
SN50810,2020-04-01 06:00:00+00:00,mean(air_temperature P1M),6.1,degC,5.3418,60.4742
SN50570,2020-04-01 06:00:00+00:00,mean(air_temperature P1M),4.9,degC,5.3358,60.404
SN50480,2020-04-01 06:00:00+00:00,mean(air_temperature P1M),6.7,degC,5.2777,60.2913
SN50539,2020-04-01 06:00:00+00:00,mean(air_temperature P1M),7.1,degC,5.332,60.3837
SN50503,2020-04-01 06:00:00+00:00,mean(air_temperature P1M),5.6,degC,5.3967,60.35
SN52310,2020-04-01 06:00:00+00:00,mean(air_temperature P1M),4.3,degC,5.9758,60.859
SN50540,2020-04-01 06:00:00+00:00,mean(air_temperature P1M),7.1,degC,5.3327,60.383
SN51010,2020-04-01 06:00:00+00:00,mean(air_temperature P1M),6.5,degC,5.7243,60.5205
SN50865,2020-04-01 06:00:00+00:00,mean(air_temperature P1M),3.8,degC,5.542,60.3828
SN50500,2020-04-01 06:00:00+00:00,mean(air_temperature P1M),6.2,degC,5.2265,60.2892
SN50175,2020-04-01 06:00:00+00:00,mean(air_temperature P1M),6.4,degC,5.2038,60.0167
SN50539,2020-05-01 06:00:00+00:00,mean(air_temperature P1M),8.8,degC,5.332,60.3837
SN50540,2020-05-01 06:00:00+00:00,mean(air_temperature P1M),8.8,degC,5.3327,60.383
SN50503,2020-05-01 06:00:00+00:00,mean(air_temperature P1M),6.9,degC,5.3967,60.35
SN52310,2020-05-01 06:00:00+00:00,mean(air_temperature P1M),6.4,degC,5.9758,60.859
SN50480,2020-05-01 06:00:00+00:00,mean(air_temperature P1M),8.4,degC,5.2777,60.2913
SN50310,2020-05-01 06:00:00+00:00,mean(air_temperature P1M),4.5,degC,5.9636631,60.3889174
SN50865,2020-05-01 06:00:00+00:00,mean(air_temperature P1M),5.4,degC,5.542,60.3828
SN50810,2020-05-01 06:00:00+00:00,mean(air_temperature P1M),7.7,degC,5.3418,60.4742
SN50570,2020-05-01 06:00:00+00:00,mean(air_temperature P1M),6.6,degC,5.3358,60.404
SN51010,2020-05-01 06:00:00+00:00,mean(air_temperature P1M),8.0,degC,5.7243,60.5205
SN50175,2020-05-01 06:00:00+00:00,mean(air_temperature P1M),7.8,degC,5.2038,60.0167
SN50500,2020-05-01 06:00:00+00:00,mean(air_temperature P1M),7.8,degC,5.2265,60.2892
SN52310,2020-06-01 06:00:00+00:00,mean(air_temperature P1M),16.3,degC,5.9758,60.859
SN50810,2020-06-01 06:00:00+00:00,mean(air_temperature P1M),16.7,degC,5.3418,60.4742
SN50480,2020-06-01 06:00:00+00:00,mean(air_temperature P1M),17.0,degC,5.2777,60.2913
SN51010,2020-06-01 06:00:00+00:00,mean(air_temperature P1M),16.6,degC,5.7243,60.5205
SN50539,2020-06-01 06:00:00+00:00,mean(air_temperature P1M),17.5,degC,5.332,60.3837
SN50865,2020-06-01 06:00:00+00:00,mean(air_temperature P1M),15.1,degC,5.542,60.3828
SN50540,2020-06-01 06:00:00+00:00,mean(air_temperature P1M),17.6,degC,5.3327,60.383
SN50500,2020-06-01 06:00:00+00:00,mean(air_temperature P1M),16.0,degC,5.2265,60.2892
SN50570,2020-06-01 06:00:00+00:00,mean(air_temperature P1M),15.2,degC,5.3358,60.404
SN50175,2020-06-01 06:00:00+00:00,mean(air_temperature P1M),15.1,degC,5.2038,60.0167
SN50310,2020-06-01 06:00:00+00:00,mean(air_temperature P1M),14.9,degC,5.9636631,60.3889174
SN50503,2020-06-01 06:00:00+00:00,mean(air_temperature P1M),16.1,degC,5.3967,60.35
SN50480,2020-07-01 06:00:00+00:00,mean(air_temperature P1M),13.4,degC,5.2777,60.2913
SN50570,2020-07-01 06:00:00+00:00,mean(air_temperature P1M),11.4,degC,5.3358,60.404
SN50175,2020-07-01 06:00:00+00:00,mean(air_temperature P1M),13.1,degC,5.2038,60.0167
SN50310,2020-07-01 06:00:00+00:00,mean(air_temperature P1M),10.1,degC,5.9636631,60.3889174
SN52310,2020-07-01 06:00:00+00:00,mean(air_temperature P1M),11.7,degC,5.9758,60.859
SN50810,2020-07-01 06:00:00+00:00,mean(air_temperature P1M),12.5,degC,5.3418,60.4742
SN50503,2020-07-01 06:00:00+00:00,mean(air_temperature P1M),11.6,degC,5.3967,60.35
SN50539,2020-07-01 06:00:00+00:00,mean(air_temperature P1M),13.6,degC,5.332,60.3837
SN51010,2020-07-01 06:00:00+00:00,mean(air_temperature P1M),12.6,degC,5.7243,60.5205
SN50540,2020-07-01 06:00:00+00:00,mean(air_temperature P1M),13.6,degC,5.3327,60.383
SN50500,2020-07-01 06:00:00+00:00,mean(air_temperature P1M),12.8,degC,5.2265,60.2892
SN50865,2020-07-01 06:00:00+00:00,mean(air_temperature P1M),10.4,degC,5.542,60.3828
SN52310,2020-08-01 06:00:00+00:00,mean(air_temperature P1M),14.3,degC,5.9758,60.859
SN50310,2020-08-01 06:00:00+00:00,mean(air_temperature P1M),13.8,degC,5.9636631,60.3889174
SN50570,2020-08-01 06:00:00+00:00,mean(air_temperature P1M),14.1,degC,5.3358,60.404
SN50175,2020-08-01 06:00:00+00:00,mean(air_temperature P1M),15.7,degC,5.2038,60.0167
SN50500,2020-08-01 06:00:00+00:00,mean(air_temperature P1M),15.4,degC,5.2265,60.2892
SN50865,2020-08-01 06:00:00+00:00,mean(air_temperature P1M),13.9,degC,5.542,60.3828
SN51010,2020-08-01 06:00:00+00:00,mean(air_temperature P1M),15.5,degC,5.7243,60.5205
SN50810,2020-08-01 06:00:00+00:00,mean(air_temperature P1M),15.5,degC,5.3418,60.4742
SN50503,2020-08-01 06:00:00+00:00,mean(air_temperature P1M),15.0,degC,5.3967,60.35
SN50540,2020-08-01 06:00:00+00:00,mean(air_temperature P1M),16.5,degC,5.3327,60.383
SN50480,2020-08-01 06:00:00+00:00,mean(air_temperature P1M),16.1,degC,5.2777,60.2913
SN50539,2020-08-01 06:00:00+00:00,mean(air_temperature P1M),16.5,degC,5.332,60.3837
SN50540,2020-09-01 06:00:00+00:00,mean(air_temperature P1M),12.3,degC,5.3327,60.383
SN50503,2020-09-01 06:00:00+00:00,mean(air_temperature P1M),10.8,degC,5.3967,60.35
SN50175,2020-09-01 06:00:00+00:00,mean(air_temperature P1M),12.4,degC,5.2038,60.0167
SN50570,2020-09-01 06:00:00+00:00,mean(air_temperature P1M),10.3,degC,5.3358,60.404
SN50865,2020-09-01 06:00:00+00:00,mean(air_temperature P1M),9.9,degC,5.542,60.3828
SN52310,2020-09-01 06:00:00+00:00,mean(air_temperature P1M),10.5,degC,5.9758,60.859
SN50539,2020-09-01 06:00:00+00:00,mean(air_temperature P1M),12.2,degC,5.332,60.3837
SN50480,2020-09-01 06:00:00+00:00,mean(air_temperature P1M),12.0,degC,5.2777,60.2913
SN50310,2020-09-01 06:00:00+00:00,mean(air_temperature P1M),9.4,degC,5.9636631,60.3889174
SN51010,2020-09-01 06:00:00+00:00,mean(air_temperature P1M),12.0,degC,5.7243,60.5205
SN50500,2020-09-01 06:00:00+00:00,mean(air_temperature P1M),11.7,degC,5.2265,60.2892
SN50810,2020-09-01 06:00:00+00:00,mean(air_temperature P1M),11.6,degC,5.3418,60.4742
SN52310,2020-10-01 06:00:00+00:00,mean(air_temperature P1M),7.1,degC,5.9758,60.859
SN50865,2020-10-01 06:00:00+00:00,mean(air_temperature P1M),7.2,degC,5.542,60.3828
SN50480,2020-10-01 06:00:00+00:00,mean(air_temperature P1M),9.2,degC,5.2777,60.2913
SN50810,2020-10-01 06:00:00+00:00,mean(air_temperature P1M),8.4,degC,5.3418,60.4742
SN50539,2020-10-01 06:00:00+00:00,mean(air_temperature P1M),9.9,degC,5.332,60.3837
SN50310,2020-10-01 06:00:00+00:00,mean(air_temperature P1M),6.1,degC,5.9636631,60.3889174
SN50500,2020-10-01 06:00:00+00:00,mean(air_temperature P1M),9.4,degC,5.2265,60.2892
SN51010,2020-10-01 06:00:00+00:00,mean(air_temperature P1M),8.9,degC,5.7243,60.5205
SN50503,2020-10-01 06:00:00+00:00,mean(air_temperature P1M),8.8,degC,5.3967,60.35
SN50570,2020-10-01 06:00:00+00:00,mean(air_temperature P1M),7.9,degC,5.3358,60.404
SN50175,2020-10-01 06:00:00+00:00,mean(air_temperature P1M),10.3,degC,5.2038,60.0167
SN50540,2020-10-01 06:00:00+00:00,mean(air_temperature P1M),10.0,degC,5.3327,60.383
SN50480,2020-11-01 00:00:00+00:00,mean(air_temperature P1M),7.5,degC,5.2777,60.2913
SN51010,2020-11-01 06:00:00+00:00,mean(air_temperature P1M),7.2,degC,5.7243,60.5205
SN50503,2020-11-01 06:00:00+00:00,mean(air_temperature P1M),6.6,degC,5.3967,60.35
SN50310,2020-11-01 06:00:00+00:00,mean(air_temperature P1M),3.9,degC,5.9636631,60.3889174
SN50540,2020-11-01 06:00:00+00:00,mean(air_temperature P1M),8.0,degC,5.3327,60.383
SN50539,2020-11-01 06:00:00+00:00,mean(air_temperature P1M),8.0,degC,5.332,60.3837
SN50570,2020-11-01 06:00:00+00:00,mean(air_temperature P1M),6.3,degC,5.3358,60.404
SN50175,2020-11-01 06:00:00+00:00,mean(air_temperature P1M),8.3,degC,5.2038,60.0167
SN52310,2020-11-01 06:00:00+00:00,mean(air_temperature P1M),5.4,degC,5.9758,60.859
SN50500,2020-11-01 06:00:00+00:00,mean(air_temperature P1M),7.6,degC,5.2265,60.2892
SN50810,2020-11-01 06:00:00+00:00,mean(air_temperature P1M),7.3,degC,5.3418,60.4742
SN50865,2020-11-01 06:00:00+00:00,mean(air_temperature P1M),5.6,degC,5.542,60.3828
SN50810,2020-12-01 06:00:00+00:00,mean(air_temperature P1M),4.2,degC,5.3418,60.4742
SN51010,2020-12-01 06:00:00+00:00,mean(air_temperature P1M),5.0,degC,5.7243,60.5205
SN50500,2020-12-01 06:00:00+00:00,mean(air_temperature P1M),4.8,degC,5.2265,60.2892
SN50865,2020-12-01 06:00:00+00:00,mean(air_temperature P1M),3.0,degC,5.542,60.3828
SN50310,2020-12-01 06:00:00+00:00,mean(air_temperature P1M),1.6,degC,5.9636631,60.3889174
SN50570,2020-12-01 06:00:00+00:00,mean(air_temperature P1M),3.6,degC,5.3358,60.404
SN52310,2020-12-01 06:00:00+00:00,mean(air_temperature P1M),2.8,degC,5.9758,60.859
SN50503,2020-12-01 06:00:00+00:00,mean(air_temperature P1M),4.2,degC,5.3967,60.35
SN50175,2020-12-01 06:00:00+00:00,mean(air_temperature P1M),5.8,degC,5.2038,60.0167
SN50539,2020-12-01 06:00:00+00:00,mean(air_temperature P1M),5.3,degC,5.332,60.3837
SN50540,2020-12-01 06:00:00+00:00,mean(air_temperature P1M),5.3,degC,5.3327,60.383
SN50480,2020-12-01 06:00:00+00:00,mean(air_temperature P1M),4.5,degC,5.2777,60.2913
SN50539,2021-01-01 00:00:00+00:00,mean(air_temperature P1M),-0.8,degC,5.332,60.3837
SN50570,2021-01-01 00:00:00+00:00,mean(air_temperature P1M),-2.2,degC,5.3358,60.404
SN50865,2021-01-01 00:00:00+00:00,mean(air_temperature P1M),-4.1,degC,5.542,60.3828
SN50810,2021-01-01 00:00:00+00:00,mean(air_temperature P1M),-2.3,degC,5.3418,60.4742
SN50503,2021-01-01 00:00:00+00:00,mean(air_temperature P1M),-1.3,degC,5.3967,60.35
SN51010,2021-01-01 00:00:00+00:00,mean(air_temperature P1M),-1.4,degC,5.7243,60.5205
SN50310,2021-01-01 06:00:00+00:00,mean(air_temperature P1M),-5.6,degC,5.9636631,60.3889174
SN50500,2021-01-01 06:00:00+00:00,mean(air_temperature P1M),-1.0,degC,5.2265,60.2892
SN52310,2021-01-01 06:00:00+00:00,mean(air_temperature P1M),-4.5,degC,5.9758,60.859
SN50540,2021-01-01 06:00:00+00:00,mean(air_temperature P1M),-0.7,degC,5.3327,60.383
SN50480,2021-01-01 06:00:00+00:00,mean(air_temperature P1M),-2.2,degC,5.2777,60.2913
SN50175,2021-01-01 06:00:00+00:00,mean(air_temperature P1M),0.6,degC,5.2038,60.0167
SN50480,2021-02-01 00:00:00+00:00,mean(air_temperature P1M),-1.6,degC,5.2777,60.2913
SN50570,2021-02-01 06:00:00+00:00,mean(air_temperature P1M),-1.5,degC,5.3358,60.404
SN50503,2021-02-01 06:00:00+00:00,mean(air_temperature P1M),-0.6,degC,5.3967,60.35
SN50310,2021-02-01 06:00:00+00:00,mean(air_temperature P1M),-3.9,degC,5.9636631,60.3889174
SN50865,2021-02-01 06:00:00+00:00,mean(air_temperature P1M),-3.2,degC,5.542,60.3828
SN50175,2021-02-01 06:00:00+00:00,mean(air_temperature P1M),0.9,degC,5.2038,60.0167
SN50810,2021-02-01 06:00:00+00:00,mean(air_temperature P1M),-1.2,degC,5.3418,60.4742
SN50540,2021-02-01 06:00:00+00:00,mean(air_temperature P1M),0.4,degC,5.3327,60.383
SN50500,2021-02-01 06:00:00+00:00,mean(air_temperature P1M),-0.2,degC,5.2265,60.2892
SN50539,2021-02-01 06:00:00+00:00,mean(air_temperature P1M),0.3,degC,5.332,60.3837
SN51010,2021-02-01 06:00:00+00:00,mean(air_temperature P1M),-0.1,degC,5.7243,60.5205
SN52310,2021-02-01 06:00:00+00:00,mean(air_temperature P1M),-3.5,degC,5.9758,60.859
SN50500,2021-03-01 06:00:00+00:00,mean(air_temperature P1M),4.3,degC,5.2265,60.2892
SN50865,2021-03-01 06:00:00+00:00,mean(air_temperature P1M),1.8,degC,5.542,60.3828
SN50570,2021-03-01 06:00:00+00:00,mean(air_temperature P1M),2.8,degC,5.3358,60.404
SN52310,2021-03-01 06:00:00+00:00,mean(air_temperature P1M),2.5,degC,5.9758,60.859
SN50810,2021-03-01 06:00:00+00:00,mean(air_temperature P1M),4.0,degC,5.3418,60.4742
SN50175,2021-03-01 06:00:00+00:00,mean(air_temperature P1M),4.7,degC,5.2038,60.0167
SN51010,2021-03-01 06:00:00+00:00,mean(air_temperature P1M),4.2,degC,5.7243,60.5205
SN50540,2021-03-01 06:00:00+00:00,mean(air_temperature P1M),4.9,degC,5.3327,60.383
SN50503,2021-03-01 06:00:00+00:00,mean(air_temperature P1M),3.0,degC,5.3967,60.35
SN50480,2021-03-01 06:00:00+00:00,mean(air_temperature P1M),4.6,degC,5.2777,60.2913
SN50310,2021-03-01 06:00:00+00:00,mean(air_temperature P1M),0.8,degC,5.9636631,60.3889174
SN50539,2021-03-01 06:00:00+00:00,mean(air_temperature P1M),4.9,degC,5.332,60.3837
SN50175,2021-04-01 06:00:00+00:00,mean(air_temperature P1M),5.1,degC,5.2038,60.0167
SN50810,2021-04-01 06:00:00+00:00,mean(air_temperature P1M),4.3,degC,5.3418,60.4742
SN50539,2021-04-01 06:00:00+00:00,mean(air_temperature P1M),5.5,degC,5.332,60.3837
SN50570,2021-04-01 06:00:00+00:00,mean(air_temperature P1M),2.9,degC,5.3358,60.404
SN50310,2021-04-01 06:00:00+00:00,mean(air_temperature P1M),1.2,degC,5.9636631,60.3889174
SN50540,2021-04-01 06:00:00+00:00,mean(air_temperature P1M),5.6,degC,5.3327,60.383
SN50500,2021-04-01 06:00:00+00:00,mean(air_temperature P1M),4.7,degC,5.2265,60.2892
SN50480,2021-04-01 06:00:00+00:00,mean(air_temperature P1M),4.9,degC,5.2777,60.2913
SN51010,2021-04-01 06:00:00+00:00,mean(air_temperature P1M),4.8,degC,5.7243,60.5205
SN50865,2021-04-01 06:00:00+00:00,mean(air_temperature P1M),1.6,degC,5.542,60.3828
SN50503,2021-04-01 06:00:00+00:00,mean(air_temperature P1M),3.7,degC,5.3967,60.35
SN52310,2021-04-01 06:00:00+00:00,mean(air_temperature P1M),2.9,degC,5.9758,60.859
SN50500,2021-05-01 06:00:00+00:00,mean(air_temperature P1M),9.8,degC,5.2265,60.2892
SN50570,2021-05-01 06:00:00+00:00,mean(air_temperature P1M),8.6,degC,5.3358,60.404
SN50310,2021-05-01 06:00:00+00:00,mean(air_temperature P1M),7.7,degC,5.9636631,60.3889174
SN50503,2021-05-01 06:00:00+00:00,mean(air_temperature P1M),9.3,degC,5.3967,60.35
SN50480,2021-05-01 06:00:00+00:00,mean(air_temperature P1M),10.4,degC,5.2777,60.2913
SN51010,2021-05-01 06:00:00+00:00,mean(air_temperature P1M),10.5,degC,5.7243,60.5205
SN52310,2021-05-01 06:00:00+00:00,mean(air_temperature P1M),9.3,degC,5.9758,60.859
SN50540,2021-05-01 06:00:00+00:00,mean(air_temperature P1M),10.9,degC,5.3327,60.383
SN50865,2021-05-01 06:00:00+00:00,mean(air_temperature P1M),7.9,degC,5.542,60.3828
SN50175,2021-05-01 06:00:00+00:00,mean(air_temperature P1M),9.3,degC,5.2038,60.0167
SN50539,2021-05-01 06:00:00+00:00,mean(air_temperature P1M),10.9,degC,5.332,60.3837
SN50810,2021-05-01 06:00:00+00:00,mean(air_temperature P1M),9.8,degC,5.3418,60.4742
SN50503,2021-06-01 06:00:00+00:00,mean(air_temperature P1M),13.4,degC,5.3967,60.35
SN50570,2021-06-01 06:00:00+00:00,mean(air_temperature P1M),12.8,degC,5.3358,60.404
SN50175,2021-06-01 06:00:00+00:00,mean(air_temperature P1M),13.2,degC,5.2038,60.0167
SN50540,2021-06-01 06:00:00+00:00,mean(air_temperature P1M),14.9,degC,5.3327,60.383
SN51010,2021-06-01 06:00:00+00:00,mean(air_temperature P1M),14.9,degC,5.7243,60.5205
SN50310,2021-06-01 06:00:00+00:00,mean(air_temperature P1M),12.7,degC,5.9636631,60.3889174
SN50480,2021-06-01 06:00:00+00:00,mean(air_temperature P1M),14.5,degC,5.2777,60.2913
SN50810,2021-06-01 06:00:00+00:00,mean(air_temperature P1M),14.0,degC,5.3418,60.4742
SN50539,2021-06-01 06:00:00+00:00,mean(air_temperature P1M),15.0,degC,5.332,60.3837
SN50500,2021-06-01 06:00:00+00:00,mean(air_temperature P1M),13.8,degC,5.2265,60.2892
SN50865,2021-06-01 06:00:00+00:00,mean(air_temperature P1M),12.3,degC,5.542,60.3828
SN52310,2021-06-01 06:00:00+00:00,mean(air_temperature P1M),14.0,degC,5.9758,60.859
SN50500,2021-07-01 06:00:00+00:00,mean(air_temperature P1M),16.2,degC,5.2265,60.2892
SN50539,2021-07-01 06:00:00+00:00,mean(air_temperature P1M),17.3,degC,5.332,60.3837
SN51010,2021-07-01 06:00:00+00:00,mean(air_temperature P1M),17.4,degC,5.7243,60.5205
SN50865,2021-07-01 06:00:00+00:00,mean(air_temperature P1M),14.7,degC,5.542,60.3828
SN50175,2021-07-01 06:00:00+00:00,mean(air_temperature P1M),15.7,degC,5.2038,60.0167
SN50570,2021-07-01 06:00:00+00:00,mean(air_temperature P1M),15.1,degC,5.3358,60.404
SN50310,2021-07-01 06:00:00+00:00,mean(air_temperature P1M),15.2,degC,5.9636631,60.3889174
SN50810,2021-07-01 06:00:00+00:00,mean(air_temperature P1M),16.5,degC,5.3418,60.4742
SN50503,2021-07-01 06:00:00+00:00,mean(air_temperature P1M),15.9,degC,5.3967,60.35
SN50480,2021-07-01 06:00:00+00:00,mean(air_temperature P1M),16.9,degC,5.2777,60.2913
SN52310,2021-07-01 06:00:00+00:00,mean(air_temperature P1M),16.8,degC,5.9758,60.859
SN50540,2021-07-01 06:00:00+00:00,mean(air_temperature P1M),17.3,degC,5.3327,60.383
SN50865,2021-08-01 06:00:00+00:00,mean(air_temperature P1M),12.2,degC,5.542,60.3828
SN50310,2021-08-01 06:00:00+00:00,mean(air_temperature P1M),12.5,degC,5.9636631,60.3889174
SN50480,2021-08-01 06:00:00+00:00,mean(air_temperature P1M),15.0,degC,5.2777,60.2913
SN50500,2021-08-01 06:00:00+00:00,mean(air_temperature P1M),14.4,degC,5.2265,60.2892
SN50539,2021-08-01 06:00:00+00:00,mean(air_temperature P1M),15.5,degC,5.332,60.3837
SN52310,2021-08-01 06:00:00+00:00,mean(air_temperature P1M),14.0,degC,5.9758,60.859
SN50503,2021-08-01 06:00:00+00:00,mean(air_temperature P1M),14.0,degC,5.3967,60.35
SN50810,2021-08-01 06:00:00+00:00,mean(air_temperature P1M),14.2,degC,5.3418,60.4742
SN50175,2021-08-01 06:00:00+00:00,mean(air_temperature P1M),14.5,degC,5.2038,60.0167
SN50540,2021-08-01 06:00:00+00:00,mean(air_temperature P1M),15.5,degC,5.3327,60.383
SN50570,2021-08-01 06:00:00+00:00,mean(air_temperature P1M),13.0,degC,5.3358,60.404
SN51010,2021-08-01 06:00:00+00:00,mean(air_temperature P1M),15.3,degC,5.7243,60.5205
SN50810,2021-09-01 06:00:00+00:00,mean(air_temperature P1M),13.1,degC,5.3418,60.4742
SN50175,2021-09-01 06:00:00+00:00,mean(air_temperature P1M),13.6,degC,5.2038,60.0167
SN51010,2021-09-01 06:00:00+00:00,mean(air_temperature P1M),13.6,degC,5.7243,60.5205
SN50540,2021-09-01 06:00:00+00:00,mean(air_temperature P1M),14.1,degC,5.3327,60.383
SN52310,2021-09-01 06:00:00+00:00,mean(air_temperature P1M),12.3,degC,5.9758,60.859
SN50480,2021-09-01 06:00:00+00:00,mean(air_temperature P1M),13.8,degC,5.2777,60.2913
SN50539,2021-09-01 06:00:00+00:00,mean(air_temperature P1M),14.0,degC,5.332,60.3837
SN50865,2021-09-01 06:00:00+00:00,mean(air_temperature P1M),11.3,degC,5.542,60.3828
SN50503,2021-09-01 06:00:00+00:00,mean(air_temperature P1M),12.5,degC,5.3967,60.35
SN50500,2021-09-01 06:00:00+00:00,mean(air_temperature P1M),13.3,degC,5.2265,60.2892
SN50310,2021-09-01 06:00:00+00:00,mean(air_temperature P1M),10.8,degC,5.9636631,60.3889174
SN50570,2021-09-01 06:00:00+00:00,mean(air_temperature P1M),11.9,degC,5.3358,60.404
SN50810,2021-10-01 06:00:00+00:00,mean(air_temperature P1M),9.2,degC,5.3418,60.4742
SN50310,2021-10-01 06:00:00+00:00,mean(air_temperature P1M),6.4,degC,5.9636631,60.3889174
SN50503,2021-10-01 06:00:00+00:00,mean(air_temperature P1M),8.4,degC,5.3967,60.35
SN50175,2021-10-01 06:00:00+00:00,mean(air_temperature P1M),10.2,degC,5.2038,60.0167
SN50570,2021-10-01 06:00:00+00:00,mean(air_temperature P1M),8.1,degC,5.3358,60.404
SN50500,2021-10-01 06:00:00+00:00,mean(air_temperature P1M),9.5,degC,5.2265,60.2892
SN51010,2021-10-01 06:00:00+00:00,mean(air_temperature P1M),9.5,degC,5.7243,60.5205
SN50480,2021-10-01 06:00:00+00:00,mean(air_temperature P1M),9.7,degC,5.2777,60.2913
SN50540,2021-10-01 06:00:00+00:00,mean(air_temperature P1M),9.9,degC,5.3327,60.383
SN50539,2021-10-01 06:00:00+00:00,mean(air_temperature P1M),9.9,degC,5.332,60.3837
SN52310,2021-10-01 06:00:00+00:00,mean(air_temperature P1M),7.8,degC,5.9758,60.859
SN50865,2021-10-01 06:00:00+00:00,mean(air_temperature P1M),7.3,degC,5.542,60.3828
SN50810,2021-11-01 06:00:00+00:00,mean(air_temperature P1M),5.2,degC,5.3418,60.4742
SN50539,2021-11-01 06:00:00+00:00,mean(air_temperature P1M),6.2,degC,5.332,60.3837
SN51010,2021-11-01 06:00:00+00:00,mean(air_temperature P1M),5.5,degC,5.7243,60.5205
SN50500,2021-11-01 06:00:00+00:00,mean(air_temperature P1M),5.9,degC,5.2265,60.2892
SN50570,2021-11-01 06:00:00+00:00,mean(air_temperature P1M),4.4,degC,5.3358,60.404
SN52310,2021-11-01 06:00:00+00:00,mean(air_temperature P1M),3.5,degC,5.9758,60.859
SN50540,2021-11-01 06:00:00+00:00,mean(air_temperature P1M),6.2,degC,5.3327,60.383
SN50480,2021-11-01 06:00:00+00:00,mean(air_temperature P1M),5.9,degC,5.2777,60.2913
SN50503,2021-11-01 06:00:00+00:00,mean(air_temperature P1M),4.9,degC,5.3967,60.35
SN50310,2021-11-01 06:00:00+00:00,mean(air_temperature P1M),2.1,degC,5.9636631,60.3889174
SN50175,2021-11-01 06:00:00+00:00,mean(air_temperature P1M),6.8,degC,5.2038,60.0167
SN50865,2021-11-01 06:00:00+00:00,mean(air_temperature P1M),3.3,degC,5.542,60.3828
SN50480,2021-12-01 06:00:00+00:00,mean(air_temperature P1M),1.5,degC,5.2777,60.2913
SN51010,2021-12-01 06:00:00+00:00,mean(air_temperature P1M),1.5,degC,5.7243,60.5205
SN50175,2021-12-01 06:00:00+00:00,mean(air_temperature P1M),3.3,degC,5.2038,60.0167
SN50500,2021-12-01 06:00:00+00:00,mean(air_temperature P1M),2.1,degC,5.2265,60.2892
SN50810,2021-12-01 06:00:00+00:00,mean(air_temperature P1M),0.9,degC,5.3418,60.4742
SN50540,2021-12-01 06:00:00+00:00,mean(air_temperature P1M),2.6,degC,5.3327,60.383
SN52310,2021-12-01 06:00:00+00:00,mean(air_temperature P1M),-1.2,degC,5.9758,60.859
SN50570,2021-12-01 06:00:00+00:00,mean(air_temperature P1M),1.0,degC,5.3358,60.404
SN50865,2021-12-01 06:00:00+00:00,mean(air_temperature P1M),-0.6,degC,5.542,60.3828
SN50539,2021-12-01 06:00:00+00:00,mean(air_temperature P1M),2.5,degC,5.332,60.3837
SN50503,2021-12-01 06:00:00+00:00,mean(air_temperature P1M),1.4,degC,5.3967,60.35
SN50310,2021-12-01 06:00:00+00:00,mean(air_temperature P1M),-2.0,degC,5.9636631,60.3889174
SN52310,2022-01-01 06:00:00+00:00,mean(air_temperature P1M),1.5,degC,5.9758,60.859
SN50540,2022-01-01 06:00:00+00:00,mean(air_temperature P1M),4.5,degC,5.3327,60.383
SN50175,2022-01-01 06:00:00+00:00,mean(air_temperature P1M),4.7,degC,5.2038,60.0167
SN50539,2022-01-01 06:00:00+00:00,mean(air_temperature P1M),4.4,degC,5.332,60.3837
SN50310,2022-01-01 06:00:00+00:00,mean(air_temperature P1M),0.3,degC,5.9636631,60.3889174
SN50810,2022-01-01 06:00:00+00:00,mean(air_temperature P1M),3.6,degC,5.3418,60.4742
SN50503,2022-01-01 06:00:00+00:00,mean(air_temperature P1M),2.8,degC,5.3967,60.35
SN51010,2022-01-01 06:00:00+00:00,mean(air_temperature P1M),3.9,degC,5.7243,60.5205
SN50865,2022-01-01 06:00:00+00:00,mean(air_temperature P1M),1.6,degC,5.542,60.3828
SN50500,2022-01-01 06:00:00+00:00,mean(air_temperature P1M),4.0,degC,5.2265,60.2892
SN50480,2022-01-01 06:00:00+00:00,mean(air_temperature P1M),4.1,degC,5.2777,60.2913
SN50570,2022-01-01 06:00:00+00:00,mean(air_temperature P1M),2.6,degC,5.3358,60.404
SN50539,2022-02-01 06:00:00+00:00,mean(air_temperature P1M),3.1,degC,5.332,60.3837
SN52310,2022-02-01 06:00:00+00:00,mean(air_temperature P1M),0.4,degC,5.9758,60.859
SN50503,2022-02-01 06:00:00+00:00,mean(air_temperature P1M),1.5,degC,5.3967,60.35
SN50810,2022-02-01 06:00:00+00:00,mean(air_temperature P1M),2.6,degC,5.3418,60.4742
SN50570,2022-02-01 06:00:00+00:00,mean(air_temperature P1M),1.3,degC,5.3358,60.404
SN50480,2022-02-01 06:00:00+00:00,mean(air_temperature P1M),3.0,degC,5.2777,60.2913
SN50540,2022-02-01 06:00:00+00:00,mean(air_temperature P1M),3.1,degC,5.3327,60.383
SN50310,2022-02-01 06:00:00+00:00,mean(air_temperature P1M),-0.9,degC,5.9636631,60.3889174
SN50175,2022-02-01 06:00:00+00:00,mean(air_temperature P1M),3.6,degC,5.2038,60.0167
SN50865,2022-02-01 06:00:00+00:00,mean(air_temperature P1M),0.2,degC,5.542,60.3828
SN50500,2022-02-01 06:00:00+00:00,mean(air_temperature P1M),2.9,degC,5.2265,60.2892
SN51010,2022-02-01 06:00:00+00:00,mean(air_temperature P1M),2.5,degC,5.7243,60.5205
SN50500,2022-03-01 06:00:00+00:00,mean(air_temperature P1M),5.4,degC,5.2265,60.2892
SN50810,2022-03-01 06:00:00+00:00,mean(air_temperature P1M),5.1,degC,5.3418,60.4742
SN50175,2022-03-01 06:00:00+00:00,mean(air_temperature P1M),5.8,degC,5.2038,60.0167
SN50570,2022-03-01 06:00:00+00:00,mean(air_temperature P1M),4.1,degC,5.3358,60.404
SN52310,2022-03-01 06:00:00+00:00,mean(air_temperature P1M),2.6,degC,5.9758,60.859
SN50865,2022-03-01 06:00:00+00:00,mean(air_temperature P1M),3.1,degC,5.542,60.3828
SN50310,2022-03-01 06:00:00+00:00,mean(air_temperature P1M),1.2,degC,5.9636631,60.3889174
SN50503,2022-03-01 06:00:00+00:00,mean(air_temperature P1M),4.9,degC,5.3967,60.35
SN51010,2022-03-01 06:00:00+00:00,mean(air_temperature P1M),5.0,degC,5.7243,60.5205
SN50480,2022-03-01 06:00:00+00:00,mean(air_temperature P1M),5.5,degC,5.2777,60.2913
SN50539,2022-03-01 06:00:00+00:00,mean(air_temperature P1M),6.2,degC,5.332,60.3837
SN50540,2022-03-01 06:00:00+00:00,mean(air_temperature P1M),6.3,degC,5.3327,60.383
SN50810,2022-04-01 00:00:00+00:00,mean(air_temperature P1M),5.9,degC,5.3418,60.4742
SN50865,2022-04-01 00:00:00+00:00,mean(air_temperature P1M),3.2,degC,5.542,60.3828
SN50539,2022-04-01 00:00:00+00:00,mean(air_temperature P1M),7.2,degC,5.332,60.3837
SN50570,2022-04-01 00:00:00+00:00,mean(air_temperature P1M),4.8,degC,5.3358,60.404
SN50480,2022-04-01 06:00:00+00:00,mean(air_temperature P1M),6.5,degC,5.2777,60.2913
SN50540,2022-04-01 06:00:00+00:00,mean(air_temperature P1M),7.1,degC,5.3327,60.383
SN51010,2022-04-01 06:00:00+00:00,mean(air_temperature P1M),6.2,degC,5.7243,60.5205
SN50500,2022-04-01 06:00:00+00:00,mean(air_temperature P1M),6.1,degC,5.2265,60.2892
SN52310,2022-04-01 06:00:00+00:00,mean(air_temperature P1M),4.2,degC,5.9758,60.859
SN50503,2022-04-01 06:00:00+00:00,mean(air_temperature P1M),5.7,degC,5.3967,60.35
SN50310,2022-04-01 06:00:00+00:00,mean(air_temperature P1M),2.7,degC,5.9636631,60.3889174
SN50175,2022-04-01 06:00:00+00:00,mean(air_temperature P1M),6.2,degC,5.2038,60.0167
SN51010,2022-05-01 06:00:00+00:00,mean(air_temperature P1M),9.5,degC,5.7243,60.5205
SN50540,2022-05-01 06:00:00+00:00,mean(air_temperature P1M),10.2,degC,5.3327,60.383
SN50865,2022-05-01 06:00:00+00:00,mean(air_temperature P1M),7.1,degC,5.542,60.3828
SN50539,2022-05-01 06:00:00+00:00,mean(air_temperature P1M),10.2,degC,5.332,60.3837
SN50503,2022-05-01 06:00:00+00:00,mean(air_temperature P1M),8.4,degC,5.3967,60.35
SN52310,2022-05-01 06:00:00+00:00,mean(air_temperature P1M),8.1,degC,5.9758,60.859
SN50810,2022-05-01 06:00:00+00:00,mean(air_temperature P1M),9.2,degC,5.3418,60.4742
SN50570,2022-05-01 06:00:00+00:00,mean(air_temperature P1M),8.1,degC,5.3358,60.404
SN50175,2022-05-01 06:00:00+00:00,mean(air_temperature P1M),9.3,degC,5.2038,60.0167
SN50500,2022-05-01 06:00:00+00:00,mean(air_temperature P1M),9.3,degC,5.2265,60.2892
SN50310,2022-05-01 06:00:00+00:00,mean(air_temperature P1M),6.4,degC,5.9636631,60.3889174
SN50810,2022-06-01 06:00:00+00:00,mean(air_temperature P1M),13.4,degC,5.3418,60.4742
SN52310,2022-06-01 06:00:00+00:00,mean(air_temperature P1M),12.9,degC,5.9758,60.859
SN50540,2022-06-01 06:00:00+00:00,mean(air_temperature P1M),14.1,degC,5.3327,60.383
SN50539,2022-06-01 06:00:00+00:00,mean(air_temperature P1M),14.1,degC,5.332,60.3837
SN50865,2022-06-01 06:00:00+00:00,mean(air_temperature P1M),11.6,degC,5.542,60.3828
SN50500,2022-06-01 06:00:00+00:00,mean(air_temperature P1M),13.2,degC,5.2265,60.2892
SN50310,2022-06-01 06:00:00+00:00,mean(air_temperature P1M),11.6,degC,5.9636631,60.3889174
SN50570,2022-06-01 06:00:00+00:00,mean(air_temperature P1M),12.1,degC,5.3358,60.404
SN51010,2022-06-01 06:00:00+00:00,mean(air_temperature P1M),13.6,degC,5.7243,60.5205
SN50175,2022-06-01 06:00:00+00:00,mean(air_temperature P1M),12.9,degC,5.2038,60.0167
SN50480,2022-06-01 06:00:00+00:00,mean(air_temperature P1M),13.9,degC,5.2777,60.2913
SN50503,2022-06-01 06:00:00+00:00,mean(air_temperature P1M),12.5,degC,5.3967,60.35
SN50570,2022-07-01 06:00:00+00:00,mean(air_temperature P1M),12.4,degC,5.3358,60.404
SN52310,2022-07-01 06:00:00+00:00,mean(air_temperature P1M),13.0,degC,5.9758,60.859
SN50500,2022-07-01 06:00:00+00:00,mean(air_temperature P1M),13.6,degC,5.2265,60.2892
SN50539,2022-07-01 06:00:00+00:00,mean(air_temperature P1M),14.4,degC,5.332,60.3837
SN50175,2022-07-01 06:00:00+00:00,mean(air_temperature P1M),13.7,degC,5.2038,60.0167
SN51010,2022-07-01 06:00:00+00:00,mean(air_temperature P1M),14.0,degC,5.7243,60.5205
SN50480,2022-07-01 06:00:00+00:00,mean(air_temperature P1M),14.1,degC,5.2777,60.2913
SN50810,2022-07-01 06:00:00+00:00,mean(air_temperature P1M),13.6,degC,5.3418,60.4742
SN50865,2022-07-01 06:00:00+00:00,mean(air_temperature P1M),11.7,degC,5.542,60.3828
SN50503,2022-07-01 06:00:00+00:00,mean(air_temperature P1M),12.7,degC,5.3967,60.35
SN50540,2022-07-01 06:00:00+00:00,mean(air_temperature P1M),14.4,degC,5.3327,60.383
SN50310,2022-07-01 06:00:00+00:00,mean(air_temperature P1M),11.6,degC,5.9636631,60.3889174
SN50175,2022-08-01 06:00:00+00:00,mean(air_temperature P1M),15.0,degC,5.2038,60.0167
SN50310,2022-08-01 06:00:00+00:00,mean(air_temperature P1M),12.5,degC,5.9636631,60.3889174
SN50503,2022-08-01 06:00:00+00:00,mean(air_temperature P1M),14.0,degC,5.3967,60.35
SN50500,2022-08-01 06:00:00+00:00,mean(air_temperature P1M),14.8,degC,5.2265,60.2892
SN50540,2022-08-01 06:00:00+00:00,mean(air_temperature P1M),15.6,degC,5.3327,60.383
SN50539,2022-08-01 06:00:00+00:00,mean(air_temperature P1M),15.5,degC,5.332,60.3837
SN50810,2022-08-01 06:00:00+00:00,mean(air_temperature P1M),14.6,degC,5.3418,60.4742
SN51010,2022-08-01 06:00:00+00:00,mean(air_temperature P1M),14.9,degC,5.7243,60.5205
SN50480,2022-08-01 06:00:00+00:00,mean(air_temperature P1M),15.3,degC,5.2777,60.2913
SN50865,2022-08-01 06:00:00+00:00,mean(air_temperature P1M),13.0,degC,5.542,60.3828
SN50570,2022-08-01 06:00:00+00:00,mean(air_temperature P1M),13.5,degC,5.3358,60.404
SN52310,2022-08-01 06:00:00+00:00,mean(air_temperature P1M),13.6,degC,5.9758,60.859
SN50810,2022-09-01 06:00:00+00:00,mean(air_temperature P1M),11.6,degC,5.3418,60.4742
SN50539,2022-09-01 06:00:00+00:00,mean(air_temperature P1M),12.9,degC,5.332,60.3837
SN50500,2022-09-01 06:00:00+00:00,mean(air_temperature P1M),12.4,degC,5.2265,60.2892
SN52310,2022-09-01 06:00:00+00:00,mean(air_temperature P1M),10.2,degC,5.9758,60.859
SN50540,2022-09-01 06:00:00+00:00,mean(air_temperature P1M),12.9,degC,5.3327,60.383
SN50480,2022-09-01 06:00:00+00:00,mean(air_temperature P1M),12.4,degC,5.2777,60.2913
SN51010,2022-09-01 06:00:00+00:00,mean(air_temperature P1M),12.2,degC,5.7243,60.5205
SN50310,2022-09-01 06:00:00+00:00,mean(air_temperature P1M),9.6,degC,5.9636631,60.3889174
SN50570,2022-09-01 06:00:00+00:00,mean(air_temperature P1M),10.4,degC,5.3358,60.404
SN50175,2022-09-01 06:00:00+00:00,mean(air_temperature P1M),13.1,degC,5.2038,60.0167
SN50865,2022-09-01 06:00:00+00:00,mean(air_temperature P1M),9.7,degC,5.542,60.3828
SN50503,2022-09-01 06:00:00+00:00,mean(air_temperature P1M),11.5,degC,5.3967,60.35
SN50810,2022-10-01 06:00:00+00:00,mean(air_temperature P1M),9.2,degC,5.3418,60.4742
SN51010,2022-10-01 06:00:00+00:00,mean(air_temperature P1M),9.4,degC,5.7243,60.5205
SN50539,2022-10-01 06:00:00+00:00,mean(air_temperature P1M),9.9,degC,5.332,60.3837
SN50570,2022-10-01 06:00:00+00:00,mean(air_temperature P1M),8.2,degC,5.3358,60.404
SN52310,2022-10-01 06:00:00+00:00,mean(air_temperature P1M),7.6,degC,5.9758,60.859
SN50540,2022-10-01 06:00:00+00:00,mean(air_temperature P1M),9.9,degC,5.3327,60.383
SN50310,2022-10-01 06:00:00+00:00,mean(air_temperature P1M),6.5,degC,5.9636631,60.3889174
SN50480,2022-10-01 06:00:00+00:00,mean(air_temperature P1M),9.6,degC,5.2777,60.2913
SN50865,2022-10-01 06:00:00+00:00,mean(air_temperature P1M),7.5,degC,5.542,60.3828
SN50500,2022-10-01 06:00:00+00:00,mean(air_temperature P1M),9.6,degC,5.2265,60.2892
SN50175,2022-10-01 06:00:00+00:00,mean(air_temperature P1M),10.4,degC,5.2038,60.0167
SN50503,2022-10-01 06:00:00+00:00,mean(air_temperature P1M),8.8,degC,5.3967,60.35
SN50540,2022-11-01 06:00:00+00:00,mean(air_temperature P1M),8.0,degC,5.3327,60.383
SN50503,2022-11-01 06:00:00+00:00,mean(air_temperature P1M),6.7,degC,5.3967,60.35
SN50500,2022-11-01 06:00:00+00:00,mean(air_temperature P1M),7.5,degC,5.2265,60.2892
SN50175,2022-11-01 06:00:00+00:00,mean(air_temperature P1M),8.3,degC,5.2038,60.0167
SN50539,2022-11-01 06:00:00+00:00,mean(air_temperature P1M),8.0,degC,5.332,60.3837
SN50310,2022-11-01 06:00:00+00:00,mean(air_temperature P1M),4.6,degC,5.9636631,60.3889174
SN50570,2022-11-01 06:00:00+00:00,mean(air_temperature P1M),6.3,degC,5.3358,60.404
SN50810,2022-11-01 06:00:00+00:00,mean(air_temperature P1M),6.9,degC,5.3418,60.4742
SN50865,2022-11-01 06:00:00+00:00,mean(air_temperature P1M),5.5,degC,5.542,60.3828
SN50480,2022-11-01 06:00:00+00:00,mean(air_temperature P1M),7.3,degC,5.2777,60.2913
SN51010,2022-11-01 06:00:00+00:00,mean(air_temperature P1M),7.8,degC,5.7243,60.5205
SN52310,2022-11-01 06:00:00+00:00,mean(air_temperature P1M),6.0,degC,5.9758,60.859
SN50865,2022-12-01 06:00:00+00:00,mean(air_temperature P1M),-2.5,degC,5.542,60.3828
SN50310,2022-12-01 06:00:00+00:00,mean(air_temperature P1M),-4.1,degC,5.9636631,60.3889174
SN50500,2022-12-01 06:00:00+00:00,mean(air_temperature P1M),0.8,degC,5.2265,60.2892
SN51010,2022-12-01 06:00:00+00:00,mean(air_temperature P1M),-0.4,degC,5.7243,60.5205
SN50503,2022-12-01 06:00:00+00:00,mean(air_temperature P1M),0.0,degC,5.3967,60.35
SN50175,2022-12-01 06:00:00+00:00,mean(air_temperature P1M),2.1,degC,5.2038,60.0167
SN50480,2022-12-01 06:00:00+00:00,mean(air_temperature P1M),-0.7,degC,5.2777,60.2913
SN50540,2022-12-01 06:00:00+00:00,mean(air_temperature P1M),0.7,degC,5.3327,60.383
SN50570,2022-12-01 06:00:00+00:00,mean(air_temperature P1M),-0.6,degC,5.3358,60.404
SN50539,2022-12-01 06:00:00+00:00,mean(air_temperature P1M),0.6,degC,5.332,60.3837
SN52310,2022-12-01 06:00:00+00:00,mean(air_temperature P1M),-3.3,degC,5.9758,60.859
SN50810,2022-12-01 06:00:00+00:00,mean(air_temperature P1M),-1.0,degC,5.3418,60.4742
SN50570,2023-01-01 06:00:00+00:00,mean(air_temperature P1M),1.4,degC,5.3358,60.404
SN50310,2023-01-01 06:00:00+00:00,mean(air_temperature P1M),-1.6,degC,5.9636631,60.3889174
SN52310,2023-01-01 06:00:00+00:00,mean(air_temperature P1M),-0.6,degC,5.9758,60.859
SN50175,2023-01-01 06:00:00+00:00,mean(air_temperature P1M),3.5,degC,5.2038,60.0167
SN50503,2023-01-01 06:00:00+00:00,mean(air_temperature P1M),1.7,degC,5.3967,60.35
SN50540,2023-01-01 06:00:00+00:00,mean(air_temperature P1M),2.9,degC,5.3327,60.383
SN50865,2023-01-01 06:00:00+00:00,mean(air_temperature P1M),-0.1,degC,5.542,60.3828
SN50500,2023-01-01 06:00:00+00:00,mean(air_temperature P1M),2.4,degC,5.2265,60.2892
SN50539,2023-01-01 06:00:00+00:00,mean(air_temperature P1M),2.9,degC,5.332,60.3837
SN50810,2023-01-01 06:00:00+00:00,mean(air_temperature P1M),1.8,degC,5.3418,60.4742
SN51010,2023-01-01 06:00:00+00:00,mean(air_temperature P1M),1.9,degC,5.7243,60.5205
SN50480,2023-01-01 06:00:00+00:00,mean(air_temperature P1M),2.3,degC,5.2777,60.2913
SN50810,2023-02-01 06:00:00+00:00,mean(air_temperature P1M),3.6,degC,5.3418,60.4742
SN51010,2023-02-01 06:00:00+00:00,mean(air_temperature P1M),3.3,degC,5.7243,60.5205
SN50570,2023-02-01 06:00:00+00:00,mean(air_temperature P1M),2.5,degC,5.3358,60.404
SN50540,2023-02-01 06:00:00+00:00,mean(air_temperature P1M),4.5,degC,5.3327,60.383
SN50539,2023-02-01 06:00:00+00:00,mean(air_temperature P1M),4.4,degC,5.332,60.3837
SN50865,2023-02-01 06:00:00+00:00,mean(air_temperature P1M),1.3,degC,5.542,60.3828
SN50480,2023-02-01 06:00:00+00:00,mean(air_temperature P1M),4.1,degC,5.2777,60.2913
SN52310,2023-02-01 06:00:00+00:00,mean(air_temperature P1M),0.7,degC,5.9758,60.859
SN50175,2023-02-01 06:00:00+00:00,mean(air_temperature P1M),4.8,degC,5.2038,60.0167
SN50503,2023-02-01 06:00:00+00:00,mean(air_temperature P1M),2.9,degC,5.3967,60.35
SN50500,2023-02-01 06:00:00+00:00,mean(air_temperature P1M),4.0,degC,5.2265,60.2892
SN50310,2023-02-01 06:00:00+00:00,mean(air_temperature P1M),0.1,degC,5.9636631,60.3889174
SN50175,2023-03-01 06:00:00+00:00,mean(air_temperature P1M),2.5,degC,5.2038,60.0167
SN50480,2023-03-01 06:00:00+00:00,mean(air_temperature P1M),1.5,degC,5.2777,60.2913
SN50539,2023-03-01 06:00:00+00:00,mean(air_temperature P1M),2.3,degC,5.332,60.3837
SN50500,2023-03-01 06:00:00+00:00,mean(air_temperature P1M),1.7,degC,5.2265,60.2892
SN50310,2023-03-01 06:00:00+00:00,mean(air_temperature P1M),-2.4,degC,5.9636631,60.3889174
SN50503,2023-03-01 06:00:00+00:00,mean(air_temperature P1M),0.7,degC,5.3967,60.35
SN50865,2023-03-01 06:00:00+00:00,mean(air_temperature P1M),-1.5,degC,5.542,60.3828
SN50810,2023-03-01 06:00:00+00:00,mean(air_temperature P1M),0.8,degC,5.3418,60.4742
SN51010,2023-03-01 06:00:00+00:00,mean(air_temperature P1M),1.0,degC,5.7243,60.5205
SN50540,2023-03-01 06:00:00+00:00,mean(air_temperature P1M),2.3,degC,5.3327,60.383
SN52310,2023-03-01 06:00:00+00:00,mean(air_temperature P1M),-1.3,degC,5.9758,60.859
SN50570,2023-03-01 06:00:00+00:00,mean(air_temperature P1M),-0.2,degC,5.3358,60.404
SN50500,2023-04-01 06:00:00+00:00,mean(air_temperature P1M),7.0,degC,5.2265,60.2892
SN50539,2023-04-01 06:00:00+00:00,mean(air_temperature P1M),7.6,degC,5.332,60.3837
SN50503,2023-04-01 06:00:00+00:00,mean(air_temperature P1M),6.2,degC,5.3967,60.35
SN50570,2023-04-01 06:00:00+00:00,mean(air_temperature P1M),5.1,degC,5.3358,60.404
SN51010,2023-04-01 06:00:00+00:00,mean(air_temperature P1M),7.0,degC,5.7243,60.5205
SN50480,2023-04-01 06:00:00+00:00,mean(air_temperature P1M),7.0,degC,5.2777,60.2913
SN50810,2023-04-01 06:00:00+00:00,mean(air_temperature P1M),6.4,degC,5.3418,60.4742
SN50175,2023-04-01 06:00:00+00:00,mean(air_temperature P1M),6.5,degC,5.2038,60.0167
SN50540,2023-04-01 06:00:00+00:00,mean(air_temperature P1M),7.6,degC,5.3327,60.383
SN50310,2023-04-01 06:00:00+00:00,mean(air_temperature P1M),3.2,degC,5.9636631,60.3889174
SN52310,2023-04-01 06:00:00+00:00,mean(air_temperature P1M),4.4,degC,5.9758,60.859
SN50865,2023-04-01 06:00:00+00:00,mean(air_temperature P1M),4.1,degC,5.542,60.3828
SN50231,2023-05-01 00:00:00+00:00,mean(air_temperature P1M),9.1,degC,5.7436545,60.2500911
SN50865,2023-05-01 06:00:00+00:00,mean(air_temperature P1M),6.7,degC,5.542,60.3828
SN50480,2023-05-01 06:00:00+00:00,mean(air_temperature P1M),9.2,degC,5.2777,60.2913
SN50503,2023-05-01 06:00:00+00:00,mean(air_temperature P1M),8.0,degC,5.3967,60.35
SN50500,2023-05-01 06:00:00+00:00,mean(air_temperature P1M),8.6,degC,5.2265,60.2892
SN50539,2023-05-01 06:00:00+00:00,mean(air_temperature P1M),9.6,degC,5.332,60.3837
SN50570,2023-05-01 06:00:00+00:00,mean(air_temperature P1M),7.6,degC,5.3358,60.404
SN50175,2023-05-01 06:00:00+00:00,mean(air_temperature P1M),8.4,degC,5.2038,60.0167
SN50540,2023-05-01 06:00:00+00:00,mean(air_temperature P1M),9.6,degC,5.3327,60.383
SN52310,2023-05-01 06:00:00+00:00,mean(air_temperature P1M),7.8,degC,5.9758,60.859
SN50310,2023-05-01 06:00:00+00:00,mean(air_temperature P1M),6.1,degC,5.9636631,60.3889174
SN51010,2023-05-01 06:00:00+00:00,mean(air_temperature P1M),9.2,degC,5.7243,60.5205
SN50810,2023-05-01 06:00:00+00:00,mean(air_temperature P1M),8.6,degC,5.3418,60.4742
SN50503,2023-06-01 06:00:00+00:00,mean(air_temperature P1M),14.5,degC,5.3967,60.35
SN51010,2023-06-01 06:00:00+00:00,mean(air_temperature P1M),15.9,degC,5.7243,60.5205
SN52310,2023-06-01 06:00:00+00:00,mean(air_temperature P1M),14.9,degC,5.9758,60.859
SN50500,2023-06-01 06:00:00+00:00,mean(air_temperature P1M),14.5,degC,5.2265,60.2892
SN50310,2023-06-01 06:00:00+00:00,mean(air_temperature P1M),14.2,degC,5.9636631,60.3889174
SN50810,2023-06-01 06:00:00+00:00,mean(air_temperature P1M),15.2,degC,5.3418,60.4742
SN50570,2023-06-01 06:00:00+00:00,mean(air_temperature P1M),13.9,degC,5.3358,60.404
SN50231,2023-06-01 06:00:00+00:00,mean(air_temperature P1M),15.9,degC,5.7436545,60.2500911
SN50480,2023-06-01 06:00:00+00:00,mean(air_temperature P1M),15.6,degC,5.2777,60.2913
SN50540,2023-06-01 06:00:00+00:00,mean(air_temperature P1M),16.1,degC,5.3327,60.383
SN50175,2023-06-01 06:00:00+00:00,mean(air_temperature P1M),13.5,degC,5.2038,60.0167
SN50539,2023-06-01 06:00:00+00:00,mean(air_temperature P1M),16.1,degC,5.332,60.3837
SN50865,2023-06-01 06:00:00+00:00,mean(air_temperature P1M),13.5,degC,5.542,60.3828
SN50865,2023-07-01 06:00:00+00:00,mean(air_temperature P1M),12.1,degC,5.542,60.3828
SN50810,2023-07-01 06:00:00+00:00,mean(air_temperature P1M),14.7,degC,5.3418,60.4742
SN52310,2023-07-01 06:00:00+00:00,mean(air_temperature P1M),13.7,degC,5.9758,60.859
SN50480,2023-07-01 06:00:00+00:00,mean(air_temperature P1M),15.1,degC,5.2777,60.2913
SN50310,2023-07-01 06:00:00+00:00,mean(air_temperature P1M),12.1,degC,5.9636631,60.3889174
SN50500,2023-07-01 06:00:00+00:00,mean(air_temperature P1M),14.6,degC,5.2265,60.2892
SN50231,2023-07-01 06:00:00+00:00,mean(air_temperature P1M),14.1,degC,5.7436545,60.2500911
SN50570,2023-07-01 06:00:00+00:00,mean(air_temperature P1M),13.6,degC,5.3358,60.404
SN50539,2023-07-01 06:00:00+00:00,mean(air_temperature P1M),15.3,degC,5.332,60.3837
SN50175,2023-07-01 06:00:00+00:00,mean(air_temperature P1M),14.6,degC,5.2038,60.0167
SN50503,2023-07-01 06:00:00+00:00,mean(air_temperature P1M),13.5,degC,5.3967,60.35
SN50540,2023-07-01 06:00:00+00:00,mean(air_temperature P1M),15.3,degC,5.3327,60.383
SN51010,2023-07-01 06:00:00+00:00,mean(air_temperature P1M),14.6,degC,5.7243,60.5205
SN50865,2023-08-01 06:00:00+00:00,mean(air_temperature P1M),12.5,degC,5.542,60.3828
SN50503,2023-08-01 06:00:00+00:00,mean(air_temperature P1M),13.7,degC,5.3967,60.35
SN50231,2023-08-01 06:00:00+00:00,mean(air_temperature P1M),14.7,degC,5.7436545,60.2500911
SN50539,2023-08-01 06:00:00+00:00,mean(air_temperature P1M),15.3,degC,5.332,60.3837
SN50500,2023-08-01 06:00:00+00:00,mean(air_temperature P1M),14.5,degC,5.2265,60.2892
SN50540,2023-08-01 06:00:00+00:00,mean(air_temperature P1M),15.4,degC,5.3327,60.383
SN50570,2023-08-01 06:00:00+00:00,mean(air_temperature P1M),13.3,degC,5.3358,60.404
SN50310,2023-08-01 06:00:00+00:00,mean(air_temperature P1M),12.5,degC,5.9636631,60.3889174
SN50810,2023-08-01 06:00:00+00:00,mean(air_temperature P1M),14.5,degC,5.3418,60.4742
SN50480,2023-08-01 06:00:00+00:00,mean(air_temperature P1M),15.1,degC,5.2777,60.2913
SN52310,2023-08-01 06:00:00+00:00,mean(air_temperature P1M),13.9,degC,5.9758,60.859
SN51010,2023-08-01 06:00:00+00:00,mean(air_temperature P1M),14.8,degC,5.7243,60.5205
SN50175,2023-08-01 06:00:00+00:00,mean(air_temperature P1M),14.6,degC,5.2038,60.0167
SN51010,2023-09-01 06:00:00+00:00,mean(air_temperature P1M),13.4,degC,5.7243,60.5205
SN50175,2023-09-01 06:00:00+00:00,mean(air_temperature P1M),14.0,degC,5.2038,60.0167
SN50570,2023-09-01 06:00:00+00:00,mean(air_temperature P1M),12.0,degC,5.3358,60.404
SN50500,2023-09-01 06:00:00+00:00,mean(air_temperature P1M),13.5,degC,5.2265,60.2892
SN50480,2023-09-01 06:00:00+00:00,mean(air_temperature P1M),13.8,degC,5.2777,60.2913
SN50865,2023-09-01 06:00:00+00:00,mean(air_temperature P1M),11.6,degC,5.542,60.3828
SN50810,2023-09-01 06:00:00+00:00,mean(air_temperature P1M),13.2,degC,5.3418,60.4742
SN50540,2023-09-01 06:00:00+00:00,mean(air_temperature P1M),14.1,degC,5.3327,60.383
SN50539,2023-09-01 06:00:00+00:00,mean(air_temperature P1M),14.1,degC,5.332,60.3837
SN50503,2023-09-01 06:00:00+00:00,mean(air_temperature P1M),12.6,degC,5.3967,60.35
SN52310,2023-09-01 06:00:00+00:00,mean(air_temperature P1M),11.8,degC,5.9758,60.859
SN50310,2023-09-01 06:00:00+00:00,mean(air_temperature P1M),11.0,degC,5.9636631,60.3889174
SN50231,2023-09-01 06:00:00+00:00,mean(air_temperature P1M),13.1,degC,5.7436545,60.2500911
SN51010,2023-10-01 06:00:00+00:00,mean(air_temperature P1M),7.4,degC,5.7243,60.5205
SN50865,2023-10-01 06:00:00+00:00,mean(air_temperature P1M),4.5,degC,5.542,60.3828
SN50310,2023-10-01 06:00:00+00:00,mean(air_temperature P1M),3.8,degC,5.9636631,60.3889174
SN50539,2023-10-01 06:00:00+00:00,mean(air_temperature P1M),7.6,degC,5.332,60.3837
SN50503,2023-10-01 06:00:00+00:00,mean(air_temperature P1M),6.4,degC,5.3967,60.35
SN50810,2023-10-01 06:00:00+00:00,mean(air_temperature P1M),6.7,degC,5.3418,60.4742
SN50231,2023-10-01 06:00:00+00:00,mean(air_temperature P1M),6.6,degC,5.7436545,60.2500911
SN52310,2023-10-01 06:00:00+00:00,mean(air_temperature P1M),5.5,degC,5.9758,60.859
SN50540,2023-10-01 06:00:00+00:00,mean(air_temperature P1M),7.6,degC,5.3327,60.383
SN50480,2023-10-01 06:00:00+00:00,mean(air_temperature P1M),7.0,degC,5.2777,60.2913
SN50500,2023-10-01 06:00:00+00:00,mean(air_temperature P1M),7.1,degC,5.2265,60.2892
SN50175,2023-10-01 06:00:00+00:00,mean(air_temperature P1M),8.4,degC,5.2038,60.0167
SN50570,2023-10-01 06:00:00+00:00,mean(air_temperature P1M),5.6,degC,5.3358,60.404
SN50500,2023-11-01 06:00:00+00:00,mean(air_temperature P1M),3.3,degC,5.2265,60.2892
SN50540,2023-11-01 06:00:00+00:00,mean(air_temperature P1M),3.8,degC,5.3327,60.383
SN50480,2023-11-01 06:00:00+00:00,mean(air_temperature P1M),2.6,degC,5.2777,60.2913
SN50503,2023-11-01 06:00:00+00:00,mean(air_temperature P1M),2.9,degC,5.3967,60.35
SN50810,2023-11-01 06:00:00+00:00,mean(air_temperature P1M),1.8,degC,5.3418,60.4742
SN50570,2023-11-01 06:00:00+00:00,mean(air_temperature P1M),1.8,degC,5.3358,60.404
SN50231,2023-11-01 06:00:00+00:00,mean(air_temperature P1M),2.9,degC,5.7436545,60.2500911
SN50175,2023-11-01 06:00:00+00:00,mean(air_temperature P1M),4.8,degC,5.2038,60.0167
SN52310,2023-11-01 06:00:00+00:00,mean(air_temperature P1M),0.6,degC,5.9758,60.859
SN50310,2023-11-01 06:00:00+00:00,mean(air_temperature P1M),-0.7,degC,5.9636631,60.3889174
SN50539,2023-11-01 06:00:00+00:00,mean(air_temperature P1M),3.7,degC,5.332,60.3837
SN50865,2023-11-01 06:00:00+00:00,mean(air_temperature P1M),0.1,degC,5.542,60.3828
SN51010,2023-11-01 06:00:00+00:00,mean(air_temperature P1M),3.1,degC,5.7243,60.5205
SN50810,2023-12-01 06:00:00+00:00,mean(air_temperature P1M),0.0,degC,5.3418,60.4742
SN50865,2023-12-01 06:00:00+00:00,mean(air_temperature P1M),-1.6,degC,5.542,60.3828
SN50480,2023-12-01 06:00:00+00:00,mean(air_temperature P1M),0.1,degC,5.2777,60.2913
SN50503,2023-12-01 06:00:00+00:00,mean(air_temperature P1M),0.5,degC,5.3967,60.35
SN50175,2023-12-01 06:00:00+00:00,mean(air_temperature P1M),2.6,degC,5.2038,60.0167
SN50570,2023-12-01 06:00:00+00:00,mean(air_temperature P1M),0.0,degC,5.3358,60.404
SN50231,2023-12-01 06:00:00+00:00,mean(air_temperature P1M),0.3,degC,5.7436545,60.2500911
SN50310,2023-12-01 06:00:00+00:00,mean(air_temperature P1M),-3.3,degC,5.9636631,60.3889174
SN50539,2023-12-01 06:00:00+00:00,mean(air_temperature P1M),1.3,degC,5.332,60.3837
SN52310,2023-12-01 06:00:00+00:00,mean(air_temperature P1M),-2.3,degC,5.9758,60.859
SN50500,2023-12-01 06:00:00+00:00,mean(air_temperature P1M),1.0,degC,5.2265,60.2892
SN51010,2023-12-01 06:00:00+00:00,mean(air_temperature P1M),0.4,degC,5.7243,60.5205
SN50540,2023-12-01 06:00:00+00:00,mean(air_temperature P1M),1.4,degC,5.3327,60.383
SN52310,2024-01-01 06:00:00+00:00,mean(air_temperature P1M),-4.0,degC,5.9758,60.859
SN50175,2024-01-01 06:00:00+00:00,mean(air_temperature P1M),1.8,degC,5.2038,60.0167
SN50500,2024-01-01 06:00:00+00:00,mean(air_temperature P1M),0.6,degC,5.2265,60.2892
SN50570,2024-01-01 06:00:00+00:00,mean(air_temperature P1M),-0.6,degC,5.3358,60.404
SN50540,2024-01-01 06:00:00+00:00,mean(air_temperature P1M),1.0,degC,5.3327,60.383
SN50310,2024-01-01 06:00:00+00:00,mean(air_temperature P1M),-4.0,degC,5.9636631,60.3889174
SN50865,2024-01-01 06:00:00+00:00,mean(air_temperature P1M),-2.3,degC,5.542,60.3828
SN50503,2024-01-01 06:00:00+00:00,mean(air_temperature P1M),-0.3,degC,5.3967,60.35
SN50539,2024-01-01 06:00:00+00:00,mean(air_temperature P1M),1.0,degC,5.332,60.3837
SN50231,2024-01-01 06:00:00+00:00,mean(air_temperature P1M),-0.9,degC,5.7436545,60.2500911
SN50480,2024-01-01 06:00:00+00:00,mean(air_temperature P1M),-0.2,degC,5.2777,60.2913
SN51010,2024-01-01 06:00:00+00:00,mean(air_temperature P1M),-0.9,degC,5.7243,60.5205
SN50810,2024-01-01 06:00:00+00:00,mean(air_temperature P1M),-1.0,degC,5.3418,60.4742
SN50570,2024-02-01 06:00:00+00:00,mean(air_temperature P1M),1.1,degC,5.3358,60.404
SN50175,2024-02-01 06:00:00+00:00,mean(air_temperature P1M),3.2,degC,5.2038,60.0167
SN50503,2024-02-01 06:00:00+00:00,mean(air_temperature P1M),1.6,degC,5.3967,60.35
SN50539,2024-02-01 06:00:00+00:00,mean(air_temperature P1M),2.9,degC,5.332,60.3837
SN50500,2024-02-01 06:00:00+00:00,mean(air_temperature P1M),2.3,degC,5.2265,60.2892
SN50540,2024-02-01 06:00:00+00:00,mean(air_temperature P1M),2.9,degC,5.3327,60.383
SN50865,2024-02-01 06:00:00+00:00,mean(air_temperature P1M),0.2,degC,5.542,60.3828
SN50810,2024-02-01 06:00:00+00:00,mean(air_temperature P1M),1.8,degC,5.3418,60.4742
SN51010,2024-02-01 06:00:00+00:00,mean(air_temperature P1M),2.1,degC,5.7243,60.5205
SN50480,2024-02-01 06:00:00+00:00,mean(air_temperature P1M),2.5,degC,5.2777,60.2913
SN50310,2024-02-01 06:00:00+00:00,mean(air_temperature P1M),-1.2,degC,5.9636631,60.3889174
SN52310,2024-02-01 06:00:00+00:00,mean(air_temperature P1M),0.1,degC,5.9758,60.859
SN50231,2024-02-01 06:00:00+00:00,mean(air_temperature P1M),1.8,degC,5.7436545,60.2500911
SN50865,2024-03-01 06:00:00+00:00,mean(air_temperature P1M),2.6,degC,5.542,60.3828
SN51010,2024-03-01 06:00:00+00:00,mean(air_temperature P1M),5.0,degC,5.7243,60.5205
SN50175,2024-03-01 06:00:00+00:00,mean(air_temperature P1M),5.1,degC,5.2038,60.0167
SN52310,2024-03-01 06:00:00+00:00,mean(air_temperature P1M),3.4,degC,5.9758,60.859
SN50231,2024-03-01 06:00:00+00:00,mean(air_temperature P1M),4.8,degC,5.7436545,60.2500911
SN50540,2024-03-01 06:00:00+00:00,mean(air_temperature P1M),5.6,degC,5.3327,60.383
SN50539,2024-03-01 06:00:00+00:00,mean(air_temperature P1M),5.6,degC,5.332,60.3837
SN50500,2024-03-01 06:00:00+00:00,mean(air_temperature P1M),4.6,degC,5.2265,60.2892
SN50480,2024-03-01 06:00:00+00:00,mean(air_temperature P1M),4.7,degC,5.2777,60.2913
SN50810,2024-03-01 06:00:00+00:00,mean(air_temperature P1M),4.6,degC,5.3418,60.4742
SN50570,2024-03-01 06:00:00+00:00,mean(air_temperature P1M),3.5,degC,5.3358,60.404
SN50310,2024-03-01 06:00:00+00:00,mean(air_temperature P1M),1.7,degC,5.9636631,60.3889174
SN50503,2024-03-01 06:00:00+00:00,mean(air_temperature P1M),4.3,degC,5.3967,60.35
SN50231,2024-04-01 06:00:00+00:00,mean(air_temperature P1M),6.0,degC,5.7436545,60.2500911
SN50500,2024-04-01 06:00:00+00:00,mean(air_temperature P1M),6.1,degC,5.2265,60.2892
SN50540,2024-04-01 06:00:00+00:00,mean(air_temperature P1M),7.0,degC,5.3327,60.383
SN50310,2024-04-01 06:00:00+00:00,mean(air_temperature P1M),3.0,degC,5.9636631,60.3889174
SN50539,2024-04-01 06:00:00+00:00,mean(air_temperature P1M),7.0,degC,5.332,60.3837
SN50480,2024-04-01 06:00:00+00:00,mean(air_temperature P1M),6.6,degC,5.2777,60.2913
SN52310,2024-04-01 06:00:00+00:00,mean(air_temperature P1M),4.9,degC,5.9758,60.859
SN51010,2024-04-01 06:00:00+00:00,mean(air_temperature P1M),6.5,degC,5.7243,60.5205
SN50503,2024-04-01 06:00:00+00:00,mean(air_temperature P1M),5.4,degC,5.3967,60.35
SN50810,2024-04-01 06:00:00+00:00,mean(air_temperature P1M),5.9,degC,5.3418,60.4742
SN50570,2024-04-01 06:00:00+00:00,mean(air_temperature P1M),5.2,degC,5.3358,60.404
SN50865,2024-04-01 06:00:00+00:00,mean(air_temperature P1M),3.7,degC,5.542,60.3828
SN50175,2024-04-01 06:00:00+00:00,mean(air_temperature P1M),6.2,degC,5.2038,60.0167
SN50865,2024-05-01 06:00:00+00:00,mean(air_temperature P1M),13.1,degC,5.542,60.3828
SN50500,2024-05-01 06:00:00+00:00,mean(air_temperature P1M),14.9,degC,5.2265,60.2892
SN52310,2024-05-01 06:00:00+00:00,mean(air_temperature P1M),13.4,degC,5.9758,60.859
SN50570,2024-05-01 06:00:00+00:00,mean(air_temperature P1M),13.9,degC,5.3358,60.404
SN50480,2024-05-01 06:00:00+00:00,mean(air_temperature P1M),15.8,degC,5.2777,60.2913
SN50810,2024-05-01 06:00:00+00:00,mean(air_temperature P1M),15.0,degC,5.3418,60.4742
SN50231,2024-05-01 06:00:00+00:00,mean(air_temperature P1M),15.4,degC,5.7436545,60.2500911
SN50310,2024-05-01 06:00:00+00:00,mean(air_temperature P1M),12.8,degC,5.9636631,60.3889174
SN50503,2024-05-01 06:00:00+00:00,mean(air_temperature P1M),14.7,degC,5.3967,60.35
SN51010,2024-05-01 06:00:00+00:00,mean(air_temperature P1M),15.0,degC,5.7243,60.5205
SN50539,2024-05-01 06:00:00+00:00,mean(air_temperature P1M),15.9,degC,5.332,60.3837
SN50175,2024-05-01 06:00:00+00:00,mean(air_temperature P1M),14.7,degC,5.2038,60.0167
SN50540,2024-05-01 06:00:00+00:00,mean(air_temperature P1M),16.0,degC,5.3327,60.383
SN50570,2024-06-01 06:00:00+00:00,mean(air_temperature P1M),11.3,degC,5.3358,60.404
SN50310,2024-06-01 06:00:00+00:00,mean(air_temperature P1M),10.3,degC,5.9636631,60.3889174
SN51010,2024-06-01 06:00:00+00:00,mean(air_temperature P1M),13.0,degC,5.7243,60.5205
SN50503,2024-06-01 06:00:00+00:00,mean(air_temperature P1M),11.5,degC,5.3967,60.35
SN50810,2024-06-01 06:00:00+00:00,mean(air_temperature P1M),12.4,degC,5.3418,60.4742
SN50175,2024-06-01 06:00:00+00:00,mean(air_temperature P1M),12.5,degC,5.2038,60.0167
SN50480,2024-06-01 06:00:00+00:00,mean(air_temperature P1M),13.2,degC,5.2777,60.2913
SN50540,2024-06-01 06:00:00+00:00,mean(air_temperature P1M),13.4,degC,5.3327,60.383
SN50539,2024-06-01 06:00:00+00:00,mean(air_temperature P1M),13.4,degC,5.332,60.3837
SN50231,2024-06-01 06:00:00+00:00,mean(air_temperature P1M),12.6,degC,5.7436545,60.2500911
SN52310,2024-06-01 06:00:00+00:00,mean(air_temperature P1M),12.2,degC,5.9758,60.859
SN50500,2024-06-01 06:00:00+00:00,mean(air_temperature P1M),12.5,degC,5.2265,60.2892
SN50865,2024-06-01 06:00:00+00:00,mean(air_temperature P1M),10.4,degC,5.542,60.3828
SN50865,2024-07-01 06:00:00+00:00,mean(air_temperature P1M),12.7,degC,5.542,60.3828
SN50570,2024-07-01 06:00:00+00:00,mean(air_temperature P1M),13.4,degC,5.3358,60.404
SN50500,2024-07-01 06:00:00+00:00,mean(air_temperature P1M),14.8,degC,5.2265,60.2892
SN50540,2024-07-01 06:00:00+00:00,mean(air_temperature P1M),15.6,degC,5.3327,60.383
SN50503,2024-07-01 06:00:00+00:00,mean(air_temperature P1M),13.8,degC,5.3967,60.35
SN50231,2024-07-01 06:00:00+00:00,mean(air_temperature P1M),14.8,degC,5.7436545,60.2500911
SN50480,2024-07-01 06:00:00+00:00,mean(air_temperature P1M),15.6,degC,5.2777,60.2913
SN51010,2024-07-01 06:00:00+00:00,mean(air_temperature P1M),15.1,degC,5.7243,60.5205
SN50175,2024-07-01 06:00:00+00:00,mean(air_temperature P1M),14.9,degC,5.2038,60.0167
SN50310,2024-07-01 06:00:00+00:00,mean(air_temperature P1M),12.6,degC,5.9636631,60.3889174
SN50539,2024-07-01 06:00:00+00:00,mean(air_temperature P1M),15.6,degC,5.332,60.3837
SN52310,2024-07-01 06:00:00+00:00,mean(air_temperature P1M),14.6,degC,5.9758,60.859
SN50810,2024-07-01 06:00:00+00:00,mean(air_temperature P1M),14.7,degC,5.3418,60.4742
SN50865,2024-08-01 06:00:00+00:00,mean(air_temperature P1M),12.5,degC,5.542,60.3828
SN50500,2024-08-01 06:00:00+00:00,mean(air_temperature P1M),14.5,degC,5.2265,60.2892
SN50540,2024-08-01 06:00:00+00:00,mean(air_temperature P1M),15.0,degC,5.3327,60.383
SN50503,2024-08-01 06:00:00+00:00,mean(air_temperature P1M),13.3,degC,5.3967,60.35
SN50175,2024-08-01 06:00:00+00:00,mean(air_temperature P1M),14.9,degC,5.2038,60.0167
SN50231,2024-08-01 06:00:00+00:00,mean(air_temperature P1M),13.8,degC,5.7436545,60.2500911
SN50310,2024-08-01 06:00:00+00:00,mean(air_temperature P1M),11.7,degC,5.9636631,60.3889174
SN50539,2024-08-01 06:00:00+00:00,mean(air_temperature P1M),15.0,degC,5.332,60.3837
SN50570,2024-08-01 06:00:00+00:00,mean(air_temperature P1M),13.0,degC,5.3358,60.404
SN50810,2024-08-01 06:00:00+00:00,mean(air_temperature P1M),14.2,degC,5.3418,60.4742
SN50480,2024-08-01 06:00:00+00:00,mean(air_temperature P1M),15.0,degC,5.2777,60.2913
SN52310,2024-08-01 06:00:00+00:00,mean(air_temperature P1M),12.8,degC,5.9758,60.859
SN51010,2024-08-01 06:00:00+00:00,mean(air_temperature P1M),14.4,degC,5.7243,60.5205
SN50175,2024-09-01 06:00:00+00:00,mean(air_temperature P1M),13.0,degC,5.2038,60.0167
SN51010,2024-09-01 06:00:00+00:00,mean(air_temperature P1M),11.9,degC,5.7243,60.5205
SN50310,2024-09-01 06:00:00+00:00,mean(air_temperature P1M),10.2,degC,5.9636631,60.3889174
SN50865,2024-09-01 06:00:00+00:00,mean(air_temperature P1M),10.3,degC,5.542,60.3828
SN50539,2024-09-01 06:00:00+00:00,mean(air_temperature P1M),12.9,degC,5.332,60.3837
SN50503,2024-09-01 06:00:00+00:00,mean(air_temperature P1M),11.8,degC,5.3967,60.35
SN52310,2024-09-01 06:00:00+00:00,mean(air_temperature P1M),10.5,degC,5.9758,60.859
SN50500,2024-09-01 06:00:00+00:00,mean(air_temperature P1M),12.3,degC,5.2265,60.2892
SN50480,2024-09-01 06:00:00+00:00,mean(air_temperature P1M),12.7,degC,5.2777,60.2913
SN50570,2024-09-01 06:00:00+00:00,mean(air_temperature P1M),10.7,degC,5.3358,60.404
SN50540,2024-09-01 06:00:00+00:00,mean(air_temperature P1M),13.0,degC,5.3327,60.383
SN50231,2024-09-01 06:00:00+00:00,mean(air_temperature P1M),12.1,degC,5.7436545,60.2500911
SN50810,2024-09-01 06:00:00+00:00,mean(air_temperature P1M),11.8,degC,5.3418,60.4742
SN50503,2024-10-01 06:00:00+00:00,mean(air_temperature P1M),8.7,degC,5.3967,60.35
SN50480,2024-10-01 06:00:00+00:00,mean(air_temperature P1M),10.1,degC,5.2777,60.2913
SN50500,2024-10-01 06:00:00+00:00,mean(air_temperature P1M),9.7,degC,5.2265,60.2892
SN50175,2024-10-01 06:00:00+00:00,mean(air_temperature P1M),10.4,degC,5.2038,60.0167
SN50231,2024-10-01 06:00:00+00:00,mean(air_temperature P1M),9.0,degC,5.7436545,60.2500911
SN50310,2024-10-01 06:00:00+00:00,mean(air_temperature P1M),6.5,degC,5.9636631,60.3889174
SN50539,2024-10-01 06:00:00+00:00,mean(air_temperature P1M),10.2,degC,5.332,60.3837
SN50570,2024-10-01 06:00:00+00:00,mean(air_temperature P1M),8.2,degC,5.3358,60.404
SN50865,2024-10-01 06:00:00+00:00,mean(air_temperature P1M),7.6,degC,5.542,60.3828
SN50540,2024-10-01 06:00:00+00:00,mean(air_temperature P1M),10.2,degC,5.3327,60.383
SN52310,2024-10-01 06:00:00+00:00,mean(air_temperature P1M),7.2,degC,5.9758,60.859
SN50810,2024-10-01 06:00:00+00:00,mean(air_temperature P1M),9.3,degC,5.3418,60.4742
SN51010,2024-10-01 06:00:00+00:00,mean(air_temperature P1M),9.3,degC,5.7243,60.5205
SN50539,2024-11-01 06:00:00+00:00,mean(air_temperature P1M),5.8,degC,5.332,60.3837
SN51010,2024-11-01 06:00:00+00:00,mean(air_temperature P1M),4.7,degC,5.7243,60.5205
SN50480,2024-11-01 06:00:00+00:00,mean(air_temperature P1M),5.5,degC,5.2777,60.2913
SN50310,2024-11-01 06:00:00+00:00,mean(air_temperature P1M),1.6,degC,5.9636631,60.3889174
SN50231,2024-11-01 06:00:00+00:00,mean(air_temperature P1M),4.3,degC,5.7436545,60.2500911
SN50810,2024-11-01 06:00:00+00:00,mean(air_temperature P1M),4.9,degC,5.3418,60.4742
SN50175,2024-11-01 06:00:00+00:00,mean(air_temperature P1M),6.2,degC,5.2038,60.0167
SN50865,2024-11-01 06:00:00+00:00,mean(air_temperature P1M),3.0,degC,5.542,60.3828
SN50570,2024-11-01 06:00:00+00:00,mean(air_temperature P1M),4.1,degC,5.3358,60.404
SN50500,2024-11-01 06:00:00+00:00,mean(air_temperature P1M),5.3,degC,5.2265,60.2892
SN52310,2024-11-01 06:00:00+00:00,mean(air_temperature P1M),2.4,degC,5.9758,60.859
SN50540,2024-11-01 06:00:00+00:00,mean(air_temperature P1M),5.9,degC,5.3327,60.383
SN50810,2024-12-01 06:00:00+00:00,mean(air_temperature P1M),4.4,degC,5.3418,60.4742
SN50480,2024-12-01 06:00:00+00:00,mean(air_temperature P1M),5.0,degC,5.2777,60.2913
SN50175,2024-12-01 06:00:00+00:00,mean(air_temperature P1M),5.6,degC,5.2038,60.0167
SN50503,2024-12-01 06:00:00+00:00,mean(air_temperature P1M),3.8,degC,5.3967,60.35
SN50539,2024-12-01 06:00:00+00:00,mean(air_temperature P1M),5.2,degC,5.332,60.3837
SN50310,2024-12-01 06:00:00+00:00,mean(air_temperature P1M),1.1,degC,5.9636631,60.3889174
SN51010,2024-12-01 06:00:00+00:00,mean(air_temperature P1M),4.5,degC,5.7243,60.5205
SN50570,2024-12-01 06:00:00+00:00,mean(air_temperature P1M),3.5,degC,5.3358,60.404
SN50865,2024-12-01 06:00:00+00:00,mean(air_temperature P1M),2.7,degC,5.542,60.3828
SN50231,2024-12-01 06:00:00+00:00,mean(air_temperature P1M),3.9,degC,5.7436545,60.2500911
SN52310,2024-12-01 06:00:00+00:00,mean(air_temperature P1M),1.7,degC,5.9758,60.859
SN50500,2024-12-01 06:00:00+00:00,mean(air_temperature P1M),4.8,degC,5.2265,60.2892
SN50540,2024-12-01 06:00:00+00:00,mean(air_temperature P1M),5.3,degC,5.3327,60.383
SN50500,2025-01-01 06:00:00+00:00,mean(air_temperature P1M),1.3,degC,5.2265,60.2892
SN50480,2025-01-01 06:00:00+00:00,mean(air_temperature P1M),0.8,degC,5.2777,60.2913
SN50175,2025-01-01 06:00:00+00:00,mean(air_temperature P1M),2.6,degC,5.2038,60.0167
SN50503,2025-01-01 06:00:00+00:00,mean(air_temperature P1M),1.1,degC,5.3967,60.35
SN50865,2025-01-01 06:00:00+00:00,mean(air_temperature P1M),-0.9,degC,5.542,60.3828
SN52310,2025-01-01 06:00:00+00:00,mean(air_temperature P1M),-1.2,degC,5.9758,60.859
SN50540,2025-01-01 06:00:00+00:00,mean(air_temperature P1M),1.9,degC,5.3327,60.383
SN51010,2025-01-01 06:00:00+00:00,mean(air_temperature P1M),1.1,degC,5.7243,60.5205
SN50310,2025-01-01 06:00:00+00:00,mean(air_temperature P1M),-2.2,degC,5.9636631,60.3889174
SN50539,2025-01-01 06:00:00+00:00,mean(air_temperature P1M),1.9,degC,5.332,60.3837
SN50810,2025-01-01 06:00:00+00:00,mean(air_temperature P1M),0.4,degC,5.3418,60.4742
SN50570,2025-01-01 06:00:00+00:00,mean(air_temperature P1M),0.4,degC,5.3358,60.404
SN50231,2025-01-01 06:00:00+00:00,mean(air_temperature P1M),1.1,degC,5.7436545,60.2500911
SN50503,2025-02-01 06:00:00+00:00,mean(air_temperature P1M),2.2,degC,5.3967,60.35
SN50570,2025-02-01 06:00:00+00:00,mean(air_temperature P1M),1.3,degC,5.3358,60.404
SN50480,2025-02-01 06:00:00+00:00,mean(air_temperature P1M),2.4,degC,5.2777,60.2913
SN50810,2025-02-01 06:00:00+00:00,mean(air_temperature P1M),1.9,degC,5.3418,60.4742
SN50231,2025-02-01 06:00:00+00:00,mean(air_temperature P1M),2.3,degC,5.7436545,60.2500911
SN50175,2025-02-01 06:00:00+00:00,mean(air_temperature P1M),3.6,degC,5.2038,60.0167
SN50310,2025-02-01 06:00:00+00:00,mean(air_temperature P1M),-1.3,degC,5.9636631,60.3889174
SN50500,2025-02-01 06:00:00+00:00,mean(air_temperature P1M),2.5,degC,5.2265,60.2892
SN52310,2025-02-01 06:00:00+00:00,mean(air_temperature P1M),-0.1,degC,5.9758,60.859
SN50539,2025-02-01 06:00:00+00:00,mean(air_temperature P1M),3.0,degC,5.332,60.3837
SN51010,2025-02-01 06:00:00+00:00,mean(air_temperature P1M),2.3,degC,5.7243,60.5205
SN50865,2025-02-01 06:00:00+00:00,mean(air_temperature P1M),-0.1,degC,5.542,60.3828
SN50540,2025-02-01 06:00:00+00:00,mean(air_temperature P1M),3.0,degC,5.3327,60.383
SN50865,2025-03-01 06:00:00+00:00,mean(air_temperature P1M),3.0,degC,5.542,60.3828
SN50539,2025-03-01 06:00:00+00:00,mean(air_temperature P1M),5.9,degC,5.332,60.3837
SN51010,2025-03-01 06:00:00+00:00,mean(air_temperature P1M),5.6,degC,5.7243,60.5205
SN50500,2025-03-01 06:00:00+00:00,mean(air_temperature P1M),5.2,degC,5.2265,60.2892
SN50540,2025-03-01 06:00:00+00:00,mean(air_temperature P1M),6.0,degC,5.3327,60.383
SN50310,2025-03-01 06:00:00+00:00,mean(air_temperature P1M),2.3,degC,5.9636631,60.3889174
SN50810,2025-03-01 06:00:00+00:00,mean(air_temperature P1M),5.1,degC,5.3418,60.4742
SN50175,2025-03-01 06:00:00+00:00,mean(air_temperature P1M),5.7,degC,5.2038,60.0167
SN50231,2025-03-01 06:00:00+00:00,mean(air_temperature P1M),5.0,degC,5.7436545,60.2500911
SN50503,2025-03-01 06:00:00+00:00,mean(air_temperature P1M),4.4,degC,5.3967,60.35
SN50480,2025-03-01 06:00:00+00:00,mean(air_temperature P1M),5.6,degC,5.2777,60.2913
SN50570,2025-03-01 06:00:00+00:00,mean(air_temperature P1M),4.1,degC,5.3358,60.404
SN52310,2025-03-01 06:00:00+00:00,mean(air_temperature P1M),3.5,degC,5.9758,60.859
SN50865,2025-04-01 06:00:00+00:00,mean(air_temperature P1M),6.0,degC,5.542,60.3828
SN50810,2025-04-01 06:00:00+00:00,mean(air_temperature P1M),8.0,degC,5.3418,60.4742
SN51010,2025-04-01 06:00:00+00:00,mean(air_temperature P1M),8.5,degC,5.7243,60.5205
SN52310,2025-04-01 06:00:00+00:00,mean(air_temperature P1M),6.9,degC,5.9758,60.859
SN50175,2025-04-01 06:00:00+00:00,mean(air_temperature P1M),8.1,degC,5.2038,60.0167
SN50500,2025-04-01 06:00:00+00:00,mean(air_temperature P1M),8.0,degC,5.2265,60.2892
SN50570,2025-04-01 06:00:00+00:00,mean(air_temperature P1M),6.9,degC,5.3358,60.404
SN50540,2025-04-01 06:00:00+00:00,mean(air_temperature P1M),9.1,degC,5.3327,60.383
SN50480,2025-04-01 06:00:00+00:00,mean(air_temperature P1M),8.8,degC,5.2777,60.2913
SN50539,2025-04-01 06:00:00+00:00,mean(air_temperature P1M),9.1,degC,5.332,60.3837
SN50310,2025-04-01 06:00:00+00:00,mean(air_temperature P1M),6.1,degC,5.9636631,60.3889174
SN50231,2025-04-01 06:00:00+00:00,mean(air_temperature P1M),8.3,degC,5.7436545,60.2500911
SN50503,2025-04-01 06:00:00+00:00,mean(air_temperature P1M),7.5,degC,5.3967,60.35
SN50503,2025-05-01 00:00:00+00:00,mean(air_temperature P1M),9.9,degC,5.3967,60.35
SN50539,2025-05-01 06:00:00+00:00,mean(air_temperature P1M),11.7,degC,5.332,60.3837
SN51010,2025-05-01 06:00:00+00:00,mean(air_temperature P1M),11.1,degC,5.7243,60.5205
SN50500,2025-05-01 06:00:00+00:00,mean(air_temperature P1M),10.3,degC,5.2265,60.2892
SN50570,2025-05-01 06:00:00+00:00,mean(air_temperature P1M),9.4,degC,5.3358,60.404
SN50480,2025-05-01 06:00:00+00:00,mean(air_temperature P1M),11.3,degC,5.2777,60.2913
SN50310,2025-05-01 06:00:00+00:00,mean(air_temperature P1M),9.1,degC,5.9636631,60.3889174
SN50810,2025-05-01 06:00:00+00:00,mean(air_temperature P1M),10.5,degC,5.3418,60.4742
SN50231,2025-05-01 06:00:00+00:00,mean(air_temperature P1M),11.3,degC,5.7436545,60.2500911
SN50175,2025-05-01 06:00:00+00:00,mean(air_temperature P1M),10.0,degC,5.2038,60.0167
SN50865,2025-05-01 06:00:00+00:00,mean(air_temperature P1M),8.4,degC,5.542,60.3828
SN50540,2025-05-01 06:00:00+00:00,mean(air_temperature P1M),11.7,degC,5.3327,60.383
SN52310,2025-05-01 06:00:00+00:00,mean(air_temperature P1M),9.6,degC,5.9758,60.859
