sourceId,referenceTimestamp,datatype,value,unit,lon,lat
SN27330,2015-01-01 06:00:00+00:00,mean(air_temperature P1M),0.7,degC,10.2983,59.2938
SN27315,2015-01-01 06:00:00+00:00,mean(air_temperature P1M),0.7,degC,10.2397,59.3808
SN27450,2015-01-01 06:00:00+00:00,mean(air_temperature P1M),1.4,degC,10.345751,59.229738
SN27780,2015-01-01 06:00:00+00:00,mean(air_temperature P1M),2.0,degC,10.1250557,59.045747
SN27330,2015-02-01 06:00:00+00:00,mean(air_temperature P1M),0.2,degC,10.2983,59.2938
SN27450,2015-02-01 06:00:00+00:00,mean(air_temperature P1M),0.9,degC,10.345751,59.229738
SN27780,2015-02-01 06:00:00+00:00,mean(air_temperature P1M),1.4,degC,10.1250557,59.045747
SN27315,2015-02-01 06:00:00+00:00,mean(air_temperature P1M),-0.1,degC,10.2397,59.3808
SN27450,2015-03-01 06:00:00+00:00,mean(air_temperature P1M),3.4,degC,10.345751,59.229738
SN27780,2015-03-01 06:00:00+00:00,mean(air_temperature P1M),3.4,degC,10.1250557,59.045747
SN27330,2015-03-01 06:00:00+00:00,mean(air_temperature P1M),3.2,degC,10.2983,59.2938
SN27315,2015-03-01 06:00:00+00:00,mean(air_temperature P1M),3.2,degC,10.2397,59.3808
SN27315,2015-04-01 06:00:00+00:00,mean(air_temperature P1M),7.2,degC,10.2397,59.3808
SN27450,2015-04-01 06:00:00+00:00,mean(air_temperature P1M),7.2,degC,10.345751,59.229738
SN27780,2015-04-01 06:00:00+00:00,mean(air_temperature P1M),6.9,degC,10.1250557,59.045747
SN27330,2015-04-01 06:00:00+00:00,mean(air_temperature P1M),6.9,degC,10.2983,59.2938
SN27315,2015-05-01 06:00:00+00:00,mean(air_temperature P1M),8.8,degC,10.2397,59.3808
SN27780,2015-05-01 06:00:00+00:00,mean(air_temperature P1M),8.8,degC,10.1250557,59.045747
SN27330,2015-05-01 06:00:00+00:00,mean(air_temperature P1M),8.8,degC,10.2983,59.2938
SN27450,2015-05-01 06:00:00+00:00,mean(air_temperature P1M),9.1,degC,10.345751,59.229738
SN27160,2015-06-01 00:00:00+00:00,mean(air_temperature P1M),14.0,degC,10.4647,59.4198
SN27120,2015-06-01 00:00:00+00:00,mean(air_temperature P1M),13.6,degC,10.3847,59.4283
SN27450,2015-06-01 06:00:00+00:00,mean(air_temperature P1M),13.9,degC,10.345751,59.229738
SN27780,2015-06-01 06:00:00+00:00,mean(air_temperature P1M),13.2,degC,10.1250557,59.045747
SN27315,2015-06-01 06:00:00+00:00,mean(air_temperature P1M),13.6,degC,10.2397,59.3808
SN27330,2015-06-01 06:00:00+00:00,mean(air_temperature P1M),13.6,degC,10.2983,59.2938
SN27330,2015-07-01 06:00:00+00:00,mean(air_temperature P1M),15.7,degC,10.2983,59.2938
SN27160,2015-07-01 06:00:00+00:00,mean(air_temperature P1M),15.8,degC,10.4647,59.4198
SN27450,2015-07-01 06:00:00+00:00,mean(air_temperature P1M),15.9,degC,10.345751,59.229738
SN27120,2015-07-01 06:00:00+00:00,mean(air_temperature P1M),15.5,degC,10.3847,59.4283
SN27780,2015-07-01 06:00:00+00:00,mean(air_temperature P1M),15.9,degC,10.1250557,59.045747
SN27315,2015-07-01 06:00:00+00:00,mean(air_temperature P1M),15.6,degC,10.2397,59.3808
SN27780,2015-08-01 00:00:00+00:00,mean(air_temperature P1M),16.7,degC,10.1250557,59.045747
SN27120,2015-08-01 06:00:00+00:00,mean(air_temperature P1M),15.3,degC,10.3847,59.4283
SN27160,2015-08-01 06:00:00+00:00,mean(air_temperature P1M),16.4,degC,10.4647,59.4198
SN27450,2015-08-01 06:00:00+00:00,mean(air_temperature P1M),16.1,degC,10.345751,59.229738
SN27315,2015-08-01 06:00:00+00:00,mean(air_temperature P1M),15.4,degC,10.2397,59.3808
SN27330,2015-08-01 06:00:00+00:00,mean(air_temperature P1M),15.5,degC,10.2983,59.2938
SN27450,2015-09-01 06:00:00+00:00,mean(air_temperature P1M),12.7,degC,10.345751,59.229738
SN27315,2015-09-01 06:00:00+00:00,mean(air_temperature P1M),12.1,degC,10.2397,59.3808
SN27330,2015-09-01 06:00:00+00:00,mean(air_temperature P1M),12.2,degC,10.2983,59.2938
SN27780,2015-09-01 06:00:00+00:00,mean(air_temperature P1M),13.1,degC,10.1250557,59.045747
SN27160,2015-09-01 06:00:00+00:00,mean(air_temperature P1M),12.8,degC,10.4647,59.4198
SN27120,2015-09-01 06:00:00+00:00,mean(air_temperature P1M),12.0,degC,10.3847,59.4283
SN27450,2015-10-01 06:00:00+00:00,mean(air_temperature P1M),7.7,degC,10.345751,59.229738
SN27780,2015-10-01 06:00:00+00:00,mean(air_temperature P1M),8.1,degC,10.1250557,59.045747
SN27315,2015-10-01 06:00:00+00:00,mean(air_temperature P1M),7.1,degC,10.2397,59.3808
SN27120,2015-10-01 06:00:00+00:00,mean(air_temperature P1M),7.0,degC,10.3847,59.4283
SN27160,2015-10-01 06:00:00+00:00,mean(air_temperature P1M),7.9,degC,10.4647,59.4198
SN27330,2015-10-01 06:00:00+00:00,mean(air_temperature P1M),7.1,degC,10.2983,59.2938
SN27450,2015-11-01 00:00:00+00:00,mean(air_temperature P1M),4.2,degC,10.345751,59.229738
SN27160,2015-11-01 06:00:00+00:00,mean(air_temperature P1M),4.4,degC,10.4647,59.4198
SN27315,2015-11-01 06:00:00+00:00,mean(air_temperature P1M),3.2,degC,10.2397,59.3808
SN27780,2015-11-01 06:00:00+00:00,mean(air_temperature P1M),5.0,degC,10.1250557,59.045747
SN27120,2015-11-01 06:00:00+00:00,mean(air_temperature P1M),3.6,degC,10.3847,59.4283
SN27330,2015-11-01 06:00:00+00:00,mean(air_temperature P1M),3.3,degC,10.2983,59.2938
SN27780,2015-12-01 06:00:00+00:00,mean(air_temperature P1M),4.0,degC,10.1250557,59.045747
SN27120,2015-12-01 06:00:00+00:00,mean(air_temperature P1M),2.5,degC,10.3847,59.4283
SN27450,2015-12-01 06:00:00+00:00,mean(air_temperature P1M),3.3,degC,10.345751,59.229738
SN27160,2015-12-01 06:00:00+00:00,mean(air_temperature P1M),3.3,degC,10.4647,59.4198
SN27315,2015-12-01 06:00:00+00:00,mean(air_temperature P1M),2.1,degC,10.2397,59.3808
SN27330,2015-12-01 06:00:00+00:00,mean(air_temperature P1M),2.4,degC,10.2983,59.2938
SN27403,2016-01-01 00:00:00+00:00,mean(air_temperature P1M),-4.7,degC,10.45442,59.2084
SN27406,2016-01-01 00:00:00+00:00,mean(air_temperature P1M),-4.3,degC,10.4238,59.169
SN27433,2016-01-01 00:00:00+00:00,mean(air_temperature P1M),-4.8,degC,10.3655,59.1745
SN27400,2016-01-01 00:00:00+00:00,mean(air_temperature P1M),-4.8,degC,10.45604,59.23662
SN27435,2016-01-01 00:00:00+00:00,mean(air_temperature P1M),-5.2,degC,10.4023,59.2417
SN27450,2016-01-01 06:00:00+00:00,mean(air_temperature P1M),-5.5,degC,10.345751,59.229738
SN27460,2016-01-01 06:00:00+00:00,mean(air_temperature P1M),-6.1,degC,10.4103,59.2173
SN27120,2016-01-01 06:00:00+00:00,mean(air_temperature P1M),-5.9,degC,10.3847,59.4283
SN27780,2016-01-01 06:00:00+00:00,mean(air_temperature P1M),-4.4,degC,10.1250557,59.045747
SN27315,2016-01-01 06:00:00+00:00,mean(air_temperature P1M),-7.1,degC,10.2397,59.3808
SN27160,2016-01-01 06:00:00+00:00,mean(air_temperature P1M),-4.6,degC,10.4647,59.4198
SN27330,2016-01-01 06:00:00+00:00,mean(air_temperature P1M),-6.1,degC,10.2983,59.2938
SN27330,2016-02-01 06:00:00+00:00,mean(air_temperature P1M),-0.6,degC,10.2983,59.2938
SN27400,2016-02-01 06:00:00+00:00,mean(air_temperature P1M),0.3,degC,10.45604,59.23662
SN27315,2016-02-01 06:00:00+00:00,mean(air_temperature P1M),-1.2,degC,10.2397,59.3808
SN27780,2016-02-01 06:00:00+00:00,mean(air_temperature P1M),0.6,degC,10.1250557,59.045747
SN27433,2016-02-01 06:00:00+00:00,mean(air_temperature P1M),0.2,degC,10.3655,59.1745
SN27406,2016-02-01 06:00:00+00:00,mean(air_temperature P1M),0.4,degC,10.4238,59.169
SN27435,2016-02-01 06:00:00+00:00,mean(air_temperature P1M),-0.1,degC,10.4023,59.2417
SN27403,2016-02-01 06:00:00+00:00,mean(air_temperature P1M),0.4,degC,10.45442,59.2084
SN27120,2016-02-01 06:00:00+00:00,mean(air_temperature P1M),-0.5,degC,10.3847,59.4283
SN27450,2016-02-01 06:00:00+00:00,mean(air_temperature P1M),0.0,degC,10.345751,59.229738
SN27460,2016-02-01 06:00:00+00:00,mean(air_temperature P1M),0.2,degC,10.4103,59.2173
SN27160,2016-02-01 06:00:00+00:00,mean(air_temperature P1M),0.2,degC,10.4647,59.4198
SN27330,2016-03-01 06:00:00+00:00,mean(air_temperature P1M),2.2,degC,10.2983,59.2938
SN27433,2016-03-01 06:00:00+00:00,mean(air_temperature P1M),2.7,degC,10.3655,59.1745
SN27160,2016-03-01 06:00:00+00:00,mean(air_temperature P1M),2.9,degC,10.4647,59.4198
SN27400,2016-03-01 06:00:00+00:00,mean(air_temperature P1M),2.9,degC,10.45604,59.23662
SN27120,2016-03-01 06:00:00+00:00,mean(air_temperature P1M),2.1,degC,10.3847,59.4283
SN27315,2016-03-01 06:00:00+00:00,mean(air_temperature P1M),1.2,degC,10.2397,59.3808
SN27460,2016-03-01 06:00:00+00:00,mean(air_temperature P1M),2.4,degC,10.4103,59.2173
SN27780,2016-03-01 06:00:00+00:00,mean(air_temperature P1M),2.8,degC,10.1250557,59.045747
SN27406,2016-03-01 06:00:00+00:00,mean(air_temperature P1M),2.9,degC,10.4238,59.169
SN27450,2016-03-01 06:00:00+00:00,mean(air_temperature P1M),2.6,degC,10.345751,59.229738
SN27403,2016-03-01 06:00:00+00:00,mean(air_temperature P1M),2.8,degC,10.45442,59.2084
SN27435,2016-03-01 06:00:00+00:00,mean(air_temperature P1M),2.7,degC,10.4023,59.2417
SN27406,2016-04-01 06:00:00+00:00,mean(air_temperature P1M),6.2,degC,10.4238,59.169
SN27160,2016-04-01 06:00:00+00:00,mean(air_temperature P1M),6.0,degC,10.4647,59.4198
SN27460,2016-04-01 06:00:00+00:00,mean(air_temperature P1M),6.1,degC,10.4103,59.2173
SN27433,2016-04-01 06:00:00+00:00,mean(air_temperature P1M),6.2,degC,10.3655,59.1745
SN27450,2016-04-01 06:00:00+00:00,mean(air_temperature P1M),6.1,degC,10.345751,59.229738
SN27400,2016-04-01 06:00:00+00:00,mean(air_temperature P1M),6.4,degC,10.45604,59.23662
SN27330,2016-04-01 06:00:00+00:00,mean(air_temperature P1M),5.9,degC,10.2983,59.2938
SN27270,2016-04-01 06:00:00+00:00,mean(air_temperature P1M),6.1,degC,10.4312,59.2782
SN27780,2016-04-01 06:00:00+00:00,mean(air_temperature P1M),6.1,degC,10.1250557,59.045747
SN27435,2016-04-01 06:00:00+00:00,mean(air_temperature P1M),6.2,degC,10.4023,59.2417
SN27315,2016-04-01 06:00:00+00:00,mean(air_temperature P1M),5.8,degC,10.2397,59.3808
SN27120,2016-04-01 06:00:00+00:00,mean(air_temperature P1M),5.7,degC,10.3847,59.4283
SN27403,2016-04-01 06:00:00+00:00,mean(air_temperature P1M),6.3,degC,10.45442,59.2084
SN27330,2016-05-01 06:00:00+00:00,mean(air_temperature P1M),11.7,degC,10.2983,59.2938
SN27270,2016-05-01 06:00:00+00:00,mean(air_temperature P1M),10.6,degC,10.4312,59.2782
SN27403,2016-05-01 06:00:00+00:00,mean(air_temperature P1M),11.8,degC,10.45442,59.2084
SN27780,2016-05-01 06:00:00+00:00,mean(air_temperature P1M),11.8,degC,10.1250557,59.045747
SN27460,2016-05-01 06:00:00+00:00,mean(air_temperature P1M),11.8,degC,10.4103,59.2173
SN27120,2016-05-01 06:00:00+00:00,mean(air_temperature P1M),11.4,degC,10.3847,59.4283
SN27160,2016-05-01 06:00:00+00:00,mean(air_temperature P1M),11.7,degC,10.4647,59.4198
SN27406,2016-05-01 06:00:00+00:00,mean(air_temperature P1M),11.7,degC,10.4238,59.169
SN27450,2016-05-01 06:00:00+00:00,mean(air_temperature P1M),11.8,degC,10.345751,59.229738
SN27315,2016-05-01 06:00:00+00:00,mean(air_temperature P1M),11.6,degC,10.2397,59.3808
SN27400,2016-05-01 06:00:00+00:00,mean(air_temperature P1M),12.0,degC,10.45604,59.23662
SN27435,2016-05-01 06:00:00+00:00,mean(air_temperature P1M),11.9,degC,10.4023,59.2417
SN27433,2016-05-01 06:00:00+00:00,mean(air_temperature P1M),11.7,degC,10.3655,59.1745
SN27780,2016-06-01 06:00:00+00:00,mean(air_temperature P1M),16.4,degC,10.1250557,59.045747
SN27160,2016-06-01 06:00:00+00:00,mean(air_temperature P1M),16.5,degC,10.4647,59.4198
SN27435,2016-06-01 06:00:00+00:00,mean(air_temperature P1M),16.6,degC,10.4023,59.2417
SN27406,2016-06-01 06:00:00+00:00,mean(air_temperature P1M),16.7,degC,10.4238,59.169
SN27120,2016-06-01 06:00:00+00:00,mean(air_temperature P1M),15.8,degC,10.3847,59.4283
SN27450,2016-06-01 06:00:00+00:00,mean(air_temperature P1M),16.4,degC,10.345751,59.229738
SN27433,2016-06-01 06:00:00+00:00,mean(air_temperature P1M),16.6,degC,10.3655,59.1745
SN27270,2016-06-01 06:00:00+00:00,mean(air_temperature P1M),14.3,degC,10.4312,59.2782
SN27460,2016-06-01 06:00:00+00:00,mean(air_temperature P1M),16.5,degC,10.4103,59.2173
SN27315,2016-06-01 06:00:00+00:00,mean(air_temperature P1M),15.8,degC,10.2397,59.3808
SN27403,2016-06-01 06:00:00+00:00,mean(air_temperature P1M),16.6,degC,10.45442,59.2084
SN27330,2016-06-01 06:00:00+00:00,mean(air_temperature P1M),16.0,degC,10.2983,59.2938
SN27400,2016-06-01 06:00:00+00:00,mean(air_temperature P1M),16.9,degC,10.45604,59.23662
SN27400,2016-07-01 06:00:00+00:00,mean(air_temperature P1M),17.2,degC,10.45604,59.23662
SN27450,2016-07-01 06:00:00+00:00,mean(air_temperature P1M),16.7,degC,10.345751,59.229738
SN27460,2016-07-01 06:00:00+00:00,mean(air_temperature P1M),16.9,degC,10.4103,59.2173
SN27780,2016-07-01 06:00:00+00:00,mean(air_temperature P1M),16.7,degC,10.1250557,59.045747
SN27403,2016-07-01 06:00:00+00:00,mean(air_temperature P1M),16.9,degC,10.45442,59.2084
SN27433,2016-07-01 06:00:00+00:00,mean(air_temperature P1M),16.9,degC,10.3655,59.1745
SN27270,2016-07-01 06:00:00+00:00,mean(air_temperature P1M),14.6,degC,10.4312,59.2782
SN27435,2016-07-01 06:00:00+00:00,mean(air_temperature P1M),16.8,degC,10.4023,59.2417
SN27315,2016-07-01 06:00:00+00:00,mean(air_temperature P1M),15.9,degC,10.2397,59.3808
SN27406,2016-07-01 06:00:00+00:00,mean(air_temperature P1M),17.1,degC,10.4238,59.169
SN27160,2016-07-01 06:00:00+00:00,mean(air_temperature P1M),16.7,degC,10.4647,59.4198
SN27330,2016-07-01 06:00:00+00:00,mean(air_temperature P1M),16.1,degC,10.2983,59.2938
SN27120,2016-07-01 06:00:00+00:00,mean(air_temperature P1M),16.2,degC,10.3847,59.4283
SN27780,2016-08-01 00:00:00+00:00,mean(air_temperature P1M),15.5,degC,10.1250557,59.045747
SN27315,2016-08-01 00:00:00+00:00,mean(air_temperature P1M),14.7,degC,10.2397,59.3808
SN27450,2016-08-01 06:00:00+00:00,mean(air_temperature P1M),15.3,degC,10.345751,59.229738
SN27403,2016-08-01 06:00:00+00:00,mean(air_temperature P1M),15.8,degC,10.45442,59.2084
SN27433,2016-08-01 06:00:00+00:00,mean(air_temperature P1M),15.7,degC,10.3655,59.1745
SN27160,2016-08-01 06:00:00+00:00,mean(air_temperature P1M),15.4,degC,10.4647,59.4198
SN27120,2016-08-01 06:00:00+00:00,mean(air_temperature P1M),14.8,degC,10.3847,59.4283
SN27460,2016-08-01 06:00:00+00:00,mean(air_temperature P1M),15.3,degC,10.4103,59.2173
SN27406,2016-08-01 06:00:00+00:00,mean(air_temperature P1M),15.7,degC,10.4238,59.169
SN27330,2016-08-01 06:00:00+00:00,mean(air_temperature P1M),14.8,degC,10.2983,59.2938
SN27435,2016-08-01 06:00:00+00:00,mean(air_temperature P1M),15.4,degC,10.4023,59.2417
SN27400,2016-08-01 06:00:00+00:00,mean(air_temperature P1M),15.9,degC,10.45604,59.23662
SN27406,2016-09-01 00:00:00+00:00,mean(air_temperature P1M),15.4,degC,10.4238,59.169
SN27400,2016-09-01 00:00:00+00:00,mean(air_temperature P1M),15.4,degC,10.45604,59.23662
SN27433,2016-09-01 06:00:00+00:00,mean(air_temperature P1M),15.5,degC,10.3655,59.1745
SN27780,2016-09-01 06:00:00+00:00,mean(air_temperature P1M),15.4,degC,10.1250557,59.045747
SN27160,2016-09-01 06:00:00+00:00,mean(air_temperature P1M),15.1,degC,10.4647,59.4198
SN27315,2016-09-01 06:00:00+00:00,mean(air_temperature P1M),14.5,degC,10.2397,59.3808
SN27403,2016-09-01 06:00:00+00:00,mean(air_temperature P1M),15.4,degC,10.45442,59.2084
SN27435,2016-09-01 06:00:00+00:00,mean(air_temperature P1M),15.2,degC,10.4023,59.2417
SN27120,2016-09-01 06:00:00+00:00,mean(air_temperature P1M),14.5,degC,10.3847,59.4283
SN27330,2016-09-01 06:00:00+00:00,mean(air_temperature P1M),14.6,degC,10.2983,59.2938
SN27450,2016-09-01 06:00:00+00:00,mean(air_temperature P1M),15.0,degC,10.345751,59.229738
SN27420,2016-09-01 06:00:00+00:00,mean(air_temperature P1M),15.4,degC,10.398,59.1205
SN27460,2016-09-01 06:00:00+00:00,mean(air_temperature P1M),14.8,degC,10.4103,59.2173
SN27460,2016-10-01 00:00:00+00:00,mean(air_temperature P1M),6.6,degC,10.4103,59.2173
SN27400,2016-10-01 06:00:00+00:00,mean(air_temperature P1M),7.5,degC,10.45604,59.23662
SN27780,2016-10-01 06:00:00+00:00,mean(air_temperature P1M),6.9,degC,10.1250557,59.045747
SN27330,2016-10-01 06:00:00+00:00,mean(air_temperature P1M),6.3,degC,10.2983,59.2938
SN27315,2016-10-01 06:00:00+00:00,mean(air_temperature P1M),6.2,degC,10.2397,59.3808
SN27435,2016-10-01 06:00:00+00:00,mean(air_temperature P1M),6.8,degC,10.4023,59.2417
SN27120,2016-10-01 06:00:00+00:00,mean(air_temperature P1M),6.4,degC,10.3847,59.4283
SN27160,2016-10-01 06:00:00+00:00,mean(air_temperature P1M),6.7,degC,10.4647,59.4198
SN27420,2016-10-01 06:00:00+00:00,mean(air_temperature P1M),7.4,degC,10.398,59.1205
SN27450,2016-10-01 06:00:00+00:00,mean(air_temperature P1M),6.7,degC,10.345751,59.229738
SN27403,2016-10-01 06:00:00+00:00,mean(air_temperature P1M),7.5,degC,10.45442,59.2084
SN27433,2016-10-01 06:00:00+00:00,mean(air_temperature P1M),7.1,degC,10.3655,59.1745
SN27406,2016-10-01 06:00:00+00:00,mean(air_temperature P1M),7.3,degC,10.4238,59.169
SN27400,2016-11-01 06:00:00+00:00,mean(air_temperature P1M),2.4,degC,10.45604,59.23662
SN27330,2016-11-01 06:00:00+00:00,mean(air_temperature P1M),0.6,degC,10.2983,59.2938
SN27120,2016-11-01 06:00:00+00:00,mean(air_temperature P1M),0.9,degC,10.3847,59.4283
SN27315,2016-11-01 06:00:00+00:00,mean(air_temperature P1M),0.2,degC,10.2397,59.3808
SN27403,2016-11-01 06:00:00+00:00,mean(air_temperature P1M),2.6,degC,10.45442,59.2084
SN27160,2016-11-01 06:00:00+00:00,mean(air_temperature P1M),1.8,degC,10.4647,59.4198
SN27450,2016-11-01 06:00:00+00:00,mean(air_temperature P1M),1.7,degC,10.345751,59.229738
SN27433,2016-11-01 06:00:00+00:00,mean(air_temperature P1M),2.4,degC,10.3655,59.1745
SN27420,2016-11-01 06:00:00+00:00,mean(air_temperature P1M),2.7,degC,10.398,59.1205
SN27780,2016-11-01 06:00:00+00:00,mean(air_temperature P1M),2.1,degC,10.1250557,59.045747
SN27270,2016-11-01 06:00:00+00:00,mean(air_temperature P1M),1.9,degC,10.4312,59.2782
SN27460,2016-11-01 06:00:00+00:00,mean(air_temperature P1M),1.9,degC,10.4103,59.2173
SN27406,2016-11-01 06:00:00+00:00,mean(air_temperature P1M),2.5,degC,10.4238,59.169
SN27435,2016-11-01 06:00:00+00:00,mean(air_temperature P1M),1.8,degC,10.4023,59.2417
SN27450,2016-12-01 06:00:00+00:00,mean(air_temperature P1M),2.0,degC,10.345751,59.229738
SN27406,2016-12-01 06:00:00+00:00,mean(air_temperature P1M),2.8,degC,10.4238,59.169
SN27120,2016-12-01 06:00:00+00:00,mean(air_temperature P1M),0.9,degC,10.3847,59.4283
SN27420,2016-12-01 06:00:00+00:00,mean(air_temperature P1M),2.9,degC,10.398,59.1205
SN27780,2016-12-01 06:00:00+00:00,mean(air_temperature P1M),2.9,degC,10.1250557,59.045747
SN27460,2016-12-01 06:00:00+00:00,mean(air_temperature P1M),1.9,degC,10.4103,59.2173
SN27330,2016-12-01 06:00:00+00:00,mean(air_temperature P1M),0.8,degC,10.2983,59.2938
SN27435,2016-12-01 06:00:00+00:00,mean(air_temperature P1M),2.0,degC,10.4023,59.2417
SN27433,2016-12-01 06:00:00+00:00,mean(air_temperature P1M),2.6,degC,10.3655,59.1745
SN27270,2016-12-01 06:00:00+00:00,mean(air_temperature P1M),1.7,degC,10.4312,59.2782
SN27403,2016-12-01 06:00:00+00:00,mean(air_temperature P1M),2.7,degC,10.45442,59.2084
SN27160,2016-12-01 06:00:00+00:00,mean(air_temperature P1M),2.1,degC,10.4647,59.4198
SN27315,2016-12-01 06:00:00+00:00,mean(air_temperature P1M),0.8,degC,10.2397,59.3808
SN27400,2016-12-01 06:00:00+00:00,mean(air_temperature P1M),2.3,degC,10.45604,59.23662
SN27315,2017-01-01 00:00:00+00:00,mean(air_temperature P1M),-1.2,degC,10.2397,59.3808
SN27450,2017-01-01 06:00:00+00:00,mean(air_temperature P1M),0.3,degC,10.345751,59.229738
SN27160,2017-01-01 06:00:00+00:00,mean(air_temperature P1M),0.1,degC,10.4647,59.4198
SN27403,2017-01-01 06:00:00+00:00,mean(air_temperature P1M),0.9,degC,10.45442,59.2084
SN27435,2017-01-01 06:00:00+00:00,mean(air_temperature P1M),0.2,degC,10.4023,59.2417
SN27406,2017-01-01 06:00:00+00:00,mean(air_temperature P1M),0.9,degC,10.4238,59.169
SN27120,2017-01-01 06:00:00+00:00,mean(air_temperature P1M),-0.8,degC,10.3847,59.4283
SN27433,2017-01-01 06:00:00+00:00,mean(air_temperature P1M),0.7,degC,10.3655,59.1745
SN27270,2017-01-01 06:00:00+00:00,mean(air_temperature P1M),0.2,degC,10.4312,59.2782
SN27460,2017-01-01 06:00:00+00:00,mean(air_temperature P1M),0.3,degC,10.4103,59.2173
SN27780,2017-01-01 06:00:00+00:00,mean(air_temperature P1M),1.0,degC,10.1250557,59.045747
SN27400,2017-01-01 06:00:00+00:00,mean(air_temperature P1M),0.6,degC,10.45604,59.23662
SN27330,2017-01-01 06:00:00+00:00,mean(air_temperature P1M),-0.7,degC,10.2983,59.2938
SN27420,2017-01-01 06:00:00+00:00,mean(air_temperature P1M),1.0,degC,10.398,59.1205
SN27420,2017-02-01 06:00:00+00:00,mean(air_temperature P1M),-0.5,degC,10.398,59.1205
SN27330,2017-02-01 06:00:00+00:00,mean(air_temperature P1M),-1.3,degC,10.2983,59.2938
SN27270,2017-02-01 06:00:00+00:00,mean(air_temperature P1M),-0.7,degC,10.4312,59.2782
SN27460,2017-02-01 06:00:00+00:00,mean(air_temperature P1M),-0.8,degC,10.4103,59.2173
SN27403,2017-02-01 06:00:00+00:00,mean(air_temperature P1M),-0.4,degC,10.45442,59.2084
SN27780,2017-02-01 06:00:00+00:00,mean(air_temperature P1M),-0.6,degC,10.1250557,59.045747
SN27160,2017-02-01 06:00:00+00:00,mean(air_temperature P1M),-1.1,degC,10.4647,59.4198
SN27450,2017-02-01 06:00:00+00:00,mean(air_temperature P1M),-0.9,degC,10.345751,59.229738
SN27406,2017-02-01 06:00:00+00:00,mean(air_temperature P1M),-0.6,degC,10.4238,59.169
SN27433,2017-02-01 06:00:00+00:00,mean(air_temperature P1M),-0.6,degC,10.3655,59.1745
SN27120,2017-02-01 06:00:00+00:00,mean(air_temperature P1M),-1.8,degC,10.3847,59.4283
SN27315,2017-02-01 06:00:00+00:00,mean(air_temperature P1M),-1.7,degC,10.2397,59.3808
SN27400,2017-02-01 06:00:00+00:00,mean(air_temperature P1M),-0.5,degC,10.45604,59.23662
SN27435,2017-02-01 06:00:00+00:00,mean(air_temperature P1M),-0.8,degC,10.4023,59.2417
SN27406,2017-03-01 06:00:00+00:00,mean(air_temperature P1M),3.0,degC,10.4238,59.169
SN27403,2017-03-01 06:00:00+00:00,mean(air_temperature P1M),3.2,degC,10.45442,59.2084
SN27420,2017-03-01 06:00:00+00:00,mean(air_temperature P1M),2.9,degC,10.398,59.1205
SN27160,2017-03-01 06:00:00+00:00,mean(air_temperature P1M),2.7,degC,10.4647,59.4198
SN27450,2017-03-01 06:00:00+00:00,mean(air_temperature P1M),2.9,degC,10.345751,59.229738
SN27435,2017-03-01 06:00:00+00:00,mean(air_temperature P1M),2.9,degC,10.4023,59.2417
SN27433,2017-03-01 06:00:00+00:00,mean(air_temperature P1M),2.9,degC,10.3655,59.1745
SN27400,2017-03-01 06:00:00+00:00,mean(air_temperature P1M),3.1,degC,10.45604,59.23662
SN27120,2017-03-01 06:00:00+00:00,mean(air_temperature P1M),2.2,degC,10.3847,59.4283
SN27330,2017-03-01 06:00:00+00:00,mean(air_temperature P1M),2.5,degC,10.2983,59.2938
SN27460,2017-03-01 06:00:00+00:00,mean(air_temperature P1M),3.0,degC,10.4103,59.2173
SN27315,2017-03-01 06:00:00+00:00,mean(air_temperature P1M),2.5,degC,10.2397,59.3808
SN27270,2017-03-01 06:00:00+00:00,mean(air_temperature P1M),3.2,degC,10.4312,59.2782
SN27780,2017-03-01 06:00:00+00:00,mean(air_temperature P1M),3.0,degC,10.1250557,59.045747
SN27330,2017-04-01 00:00:00+00:00,mean(air_temperature P1M),5.3,degC,10.2983,59.2938
SN27400,2017-04-01 06:00:00+00:00,mean(air_temperature P1M),5.9,degC,10.45604,59.23662
SN27460,2017-04-01 06:00:00+00:00,mean(air_temperature P1M),5.6,degC,10.4103,59.2173
SN27403,2017-04-01 06:00:00+00:00,mean(air_temperature P1M),5.7,degC,10.45442,59.2084
SN27435,2017-04-01 06:00:00+00:00,mean(air_temperature P1M),5.5,degC,10.4023,59.2417
SN27270,2017-04-01 06:00:00+00:00,mean(air_temperature P1M),5.9,degC,10.4312,59.2782
SN27780,2017-04-01 06:00:00+00:00,mean(air_temperature P1M),5.6,degC,10.1250557,59.045747
SN27315,2017-04-01 06:00:00+00:00,mean(air_temperature P1M),5.1,degC,10.2397,59.3808
SN27120,2017-04-01 06:00:00+00:00,mean(air_temperature P1M),5.0,degC,10.3847,59.4283
SN27406,2017-04-01 06:00:00+00:00,mean(air_temperature P1M),5.5,degC,10.4238,59.169
SN27450,2017-04-01 06:00:00+00:00,mean(air_temperature P1M),5.5,degC,10.345751,59.229738
SN27160,2017-04-01 06:00:00+00:00,mean(air_temperature P1M),5.4,degC,10.4647,59.4198
SN27420,2017-04-01 06:00:00+00:00,mean(air_temperature P1M),5.5,degC,10.398,59.1205
SN27433,2017-04-01 06:00:00+00:00,mean(air_temperature P1M),5.5,degC,10.3655,59.1745
SN27403,2017-05-01 06:00:00+00:00,mean(air_temperature P1M),11.2,degC,10.45442,59.2084
SN27270,2017-05-01 06:00:00+00:00,mean(air_temperature P1M),11.8,degC,10.4312,59.2782
SN27433,2017-05-01 06:00:00+00:00,mean(air_temperature P1M),11.2,degC,10.3655,59.1745
SN27406,2017-05-01 06:00:00+00:00,mean(air_temperature P1M),11.3,degC,10.4238,59.169
SN27330,2017-05-01 06:00:00+00:00,mean(air_temperature P1M),11.0,degC,10.2983,59.2938
SN27435,2017-05-01 06:00:00+00:00,mean(air_temperature P1M),11.4,degC,10.4023,59.2417
SN27400,2017-05-01 06:00:00+00:00,mean(air_temperature P1M),11.5,degC,10.45604,59.23662
SN27315,2017-05-01 06:00:00+00:00,mean(air_temperature P1M),11.0,degC,10.2397,59.3808
SN27450,2017-05-01 06:00:00+00:00,mean(air_temperature P1M),11.3,degC,10.345751,59.229738
SN27420,2017-05-01 06:00:00+00:00,mean(air_temperature P1M),11.2,degC,10.398,59.1205
SN27460,2017-05-01 06:00:00+00:00,mean(air_temperature P1M),11.3,degC,10.4103,59.2173
SN27120,2017-05-01 06:00:00+00:00,mean(air_temperature P1M),10.7,degC,10.3847,59.4283
SN27160,2017-05-01 06:00:00+00:00,mean(air_temperature P1M),11.0,degC,10.4647,59.4198
SN27780,2017-05-01 06:00:00+00:00,mean(air_temperature P1M),11.2,degC,10.1250557,59.045747
SN27780,2017-06-01 06:00:00+00:00,mean(air_temperature P1M),14.8,degC,10.1250557,59.045747
SN27270,2017-06-01 06:00:00+00:00,mean(air_temperature P1M),15.8,degC,10.4312,59.2782
SN27450,2017-06-01 06:00:00+00:00,mean(air_temperature P1M),15.0,degC,10.345751,59.229738
SN27160,2017-06-01 06:00:00+00:00,mean(air_temperature P1M),14.8,degC,10.4647,59.4198
SN27403,2017-06-01 06:00:00+00:00,mean(air_temperature P1M),15.2,degC,10.45442,59.2084
SN27460,2017-06-01 06:00:00+00:00,mean(air_temperature P1M),15.0,degC,10.4103,59.2173
SN27315,2017-06-01 06:00:00+00:00,mean(air_temperature P1M),14.5,degC,10.2397,59.3808
SN27330,2017-06-01 06:00:00+00:00,mean(air_temperature P1M),14.8,degC,10.2983,59.2938
SN27433,2017-06-01 06:00:00+00:00,mean(air_temperature P1M),15.0,degC,10.3655,59.1745
SN27120,2017-06-01 06:00:00+00:00,mean(air_temperature P1M),14.7,degC,10.3847,59.4283
SN27400,2017-06-01 06:00:00+00:00,mean(air_temperature P1M),15.5,degC,10.45604,59.23662
SN27406,2017-06-01 06:00:00+00:00,mean(air_temperature P1M),15.0,degC,10.4238,59.169
SN27420,2017-06-01 06:00:00+00:00,mean(air_temperature P1M),14.9,degC,10.398,59.1205
SN27435,2017-06-01 06:00:00+00:00,mean(air_temperature P1M),15.1,degC,10.4023,59.2417
SN27400,2017-07-01 06:00:00+00:00,mean(air_temperature P1M),17.2,degC,10.45604,59.23662
SN27460,2017-07-01 06:00:00+00:00,mean(air_temperature P1M),16.6,degC,10.4103,59.2173
SN27435,2017-07-01 06:00:00+00:00,mean(air_temperature P1M),16.8,degC,10.4023,59.2417
SN27450,2017-07-01 06:00:00+00:00,mean(air_temperature P1M),16.7,degC,10.345751,59.229738
SN27315,2017-07-01 06:00:00+00:00,mean(air_temperature P1M),16.0,degC,10.2397,59.3808
SN27120,2017-07-01 06:00:00+00:00,mean(air_temperature P1M),16.1,degC,10.3847,59.4283
SN27160,2017-07-01 06:00:00+00:00,mean(air_temperature P1M),16.8,degC,10.4647,59.4198
SN27330,2017-07-01 06:00:00+00:00,mean(air_temperature P1M),16.4,degC,10.2983,59.2938
SN27780,2017-07-01 06:00:00+00:00,mean(air_temperature P1M),16.6,degC,10.1250557,59.045747
SN27270,2017-07-01 06:00:00+00:00,mean(air_temperature P1M),17.4,degC,10.4312,59.2782
SN27406,2017-07-01 06:00:00+00:00,mean(air_temperature P1M),16.9,degC,10.4238,59.169
SN27420,2017-07-01 06:00:00+00:00,mean(air_temperature P1M),16.8,degC,10.398,59.1205
SN27403,2017-07-01 06:00:00+00:00,mean(air_temperature P1M),17.0,degC,10.45442,59.2084
SN27433,2017-07-01 06:00:00+00:00,mean(air_temperature P1M),16.9,degC,10.3655,59.1745
SN27460,2017-08-01 06:00:00+00:00,mean(air_temperature P1M),15.3,degC,10.4103,59.2173
SN27120,2017-08-01 06:00:00+00:00,mean(air_temperature P1M),14.7,degC,10.3847,59.4283
SN27435,2017-08-01 06:00:00+00:00,mean(air_temperature P1M),15.3,degC,10.4023,59.2417
SN27400,2017-08-01 06:00:00+00:00,mean(air_temperature P1M),15.8,degC,10.45604,59.23662
SN27420,2017-08-01 06:00:00+00:00,mean(air_temperature P1M),15.6,degC,10.398,59.1205
SN27160,2017-08-01 06:00:00+00:00,mean(air_temperature P1M),15.1,degC,10.4647,59.4198
SN27406,2017-08-01 06:00:00+00:00,mean(air_temperature P1M),15.7,degC,10.4238,59.169
SN27315,2017-08-01 06:00:00+00:00,mean(air_temperature P1M),14.5,degC,10.2397,59.3808
SN27450,2017-08-01 06:00:00+00:00,mean(air_temperature P1M),15.3,degC,10.345751,59.229738
SN27433,2017-08-01 06:00:00+00:00,mean(air_temperature P1M),15.7,degC,10.3655,59.1745
SN27330,2017-08-01 06:00:00+00:00,mean(air_temperature P1M),14.7,degC,10.2983,59.2938
SN27270,2017-08-01 06:00:00+00:00,mean(air_temperature P1M),15.8,degC,10.4312,59.2782
SN27403,2017-08-01 06:00:00+00:00,mean(air_temperature P1M),15.7,degC,10.45442,59.2084
SN27780,2017-08-01 06:00:00+00:00,mean(air_temperature P1M),15.4,degC,10.1250557,59.045747
SN27330,2017-09-01 06:00:00+00:00,mean(air_temperature P1M),12.1,degC,10.2983,59.2938
SN27406,2017-09-01 06:00:00+00:00,mean(air_temperature P1M),12.9,degC,10.4238,59.169
SN27460,2017-09-01 06:00:00+00:00,mean(air_temperature P1M),12.2,degC,10.4103,59.2173
SN27270,2017-09-01 06:00:00+00:00,mean(air_temperature P1M),12.7,degC,10.4312,59.2782
SN27400,2017-09-01 06:00:00+00:00,mean(air_temperature P1M),13.0,degC,10.45604,59.23662
SN27120,2017-09-01 06:00:00+00:00,mean(air_temperature P1M),11.8,degC,10.3847,59.4283
SN27420,2017-09-01 06:00:00+00:00,mean(air_temperature P1M),12.8,degC,10.398,59.1205
SN27435,2017-09-01 06:00:00+00:00,mean(air_temperature P1M),12.6,degC,10.4023,59.2417
SN27160,2017-09-01 06:00:00+00:00,mean(air_temperature P1M),12.3,degC,10.4647,59.4198
SN27450,2017-09-01 06:00:00+00:00,mean(air_temperature P1M),12.3,degC,10.345751,59.229738
SN27780,2017-09-01 06:00:00+00:00,mean(air_temperature P1M),12.7,degC,10.1250557,59.045747
SN27433,2017-09-01 06:00:00+00:00,mean(air_temperature P1M),12.8,degC,10.3655,59.1745
SN27315,2017-09-01 06:00:00+00:00,mean(air_temperature P1M),11.7,degC,10.2397,59.3808
SN27403,2017-09-01 06:00:00+00:00,mean(air_temperature P1M),12.9,degC,10.45442,59.2084
SN27433,2017-10-01 00:00:00+00:00,mean(air_temperature P1M),8.6,degC,10.3655,59.1745
SN27270,2017-10-01 00:00:00+00:00,mean(air_temperature P1M),8.2,degC,10.4312,59.2782
SN27400,2017-10-01 00:00:00+00:00,mean(air_temperature P1M),8.6,degC,10.45604,59.23662
SN27160,2017-10-01 00:00:00+00:00,mean(air_temperature P1M),8.0,degC,10.4647,59.4198
SN27435,2017-10-01 00:00:00+00:00,mean(air_temperature P1M),8.0,degC,10.4023,59.2417
SN27120,2017-10-01 00:00:00+00:00,mean(air_temperature P1M),7.2,degC,10.3847,59.4283
SN27420,2017-10-01 00:00:00+00:00,mean(air_temperature P1M),8.8,degC,10.398,59.1205
SN27460,2017-10-01 00:00:00+00:00,mean(air_temperature P1M),8.0,degC,10.4103,59.2173
SN27406,2017-10-01 00:00:00+00:00,mean(air_temperature P1M),8.5,degC,10.4238,59.169
SN27315,2017-10-01 06:00:00+00:00,mean(air_temperature P1M),7.3,degC,10.2397,59.3808
SN27450,2017-10-01 06:00:00+00:00,mean(air_temperature P1M),8.2,degC,10.345751,59.229738
SN27780,2017-10-01 06:00:00+00:00,mean(air_temperature P1M),8.7,degC,10.1250557,59.045747
SN27403,2017-10-01 06:00:00+00:00,mean(air_temperature P1M),8.8,degC,10.45442,59.2084
SN27330,2017-10-01 06:00:00+00:00,mean(air_temperature P1M),7.4,degC,10.2983,59.2938
SN27120,2017-11-01 06:00:00+00:00,mean(air_temperature P1M),1.7,degC,10.3847,59.4283
SN27433,2017-11-01 06:00:00+00:00,mean(air_temperature P1M),3.5,degC,10.3655,59.1745
SN27403,2017-11-01 06:00:00+00:00,mean(air_temperature P1M),3.7,degC,10.45442,59.2084
SN27315,2017-11-01 06:00:00+00:00,mean(air_temperature P1M),1.2,degC,10.2397,59.3808
SN27400,2017-11-01 06:00:00+00:00,mean(air_temperature P1M),3.3,degC,10.45604,59.23662
SN27435,2017-11-01 06:00:00+00:00,mean(air_temperature P1M),2.7,degC,10.4023,59.2417
SN27160,2017-11-01 06:00:00+00:00,mean(air_temperature P1M),3.0,degC,10.4647,59.4198
SN27330,2017-11-01 06:00:00+00:00,mean(air_temperature P1M),1.6,degC,10.2983,59.2938
SN27270,2017-11-01 06:00:00+00:00,mean(air_temperature P1M),2.7,degC,10.4312,59.2782
SN27450,2017-11-01 06:00:00+00:00,mean(air_temperature P1M),2.8,degC,10.345751,59.229738
SN27406,2017-11-01 06:00:00+00:00,mean(air_temperature P1M),3.8,degC,10.4238,59.169
SN27460,2017-11-01 06:00:00+00:00,mean(air_temperature P1M),2.8,degC,10.4103,59.2173
SN27780,2017-11-01 06:00:00+00:00,mean(air_temperature P1M),3.5,degC,10.1250557,59.045747
SN27420,2017-11-01 06:00:00+00:00,mean(air_temperature P1M),3.9,degC,10.398,59.1205
SN27460,2017-12-01 06:00:00+00:00,mean(air_temperature P1M),-0.7,degC,10.4103,59.2173
SN27780,2017-12-01 06:00:00+00:00,mean(air_temperature P1M),0.1,degC,10.1250557,59.045747
SN27406,2017-12-01 06:00:00+00:00,mean(air_temperature P1M),0.4,degC,10.4238,59.169
SN27420,2017-12-01 06:00:00+00:00,mean(air_temperature P1M),0.5,degC,10.398,59.1205
SN27450,2017-12-01 06:00:00+00:00,mean(air_temperature P1M),-0.9,degC,10.345751,59.229738
SN27403,2017-12-01 06:00:00+00:00,mean(air_temperature P1M),0.2,degC,10.45442,59.2084
SN27160,2017-12-01 06:00:00+00:00,mean(air_temperature P1M),-0.1,degC,10.4647,59.4198
SN27435,2017-12-01 06:00:00+00:00,mean(air_temperature P1M),-0.8,degC,10.4023,59.2417
SN27270,2017-12-01 06:00:00+00:00,mean(air_temperature P1M),-0.8,degC,10.4312,59.2782
SN27433,2017-12-01 06:00:00+00:00,mean(air_temperature P1M),0.0,degC,10.3655,59.1745
SN27330,2017-12-01 06:00:00+00:00,mean(air_temperature P1M),-2.2,degC,10.2983,59.2938
SN27315,2017-12-01 06:00:00+00:00,mean(air_temperature P1M),-2.5,degC,10.2397,59.3808
SN27120,2017-12-01 06:00:00+00:00,mean(air_temperature P1M),-1.4,degC,10.3847,59.4283
SN27400,2017-12-01 06:00:00+00:00,mean(air_temperature P1M),-0.1,degC,10.45604,59.23662
SN27315,2018-01-01 00:00:00+00:00,mean(air_temperature P1M),-3.4,degC,10.2397,59.3808
SN27450,2018-01-01 06:00:00+00:00,mean(air_temperature P1M),-1.3,degC,10.345751,59.229738
SN27406,2018-01-01 06:00:00+00:00,mean(air_temperature P1M),-0.2,degC,10.4238,59.169
SN27433,2018-01-01 06:00:00+00:00,mean(air_temperature P1M),-0.5,degC,10.3655,59.1745
SN27780,2018-01-01 06:00:00+00:00,mean(air_temperature P1M),-0.3,degC,10.1250557,59.045747
SN27435,2018-01-01 06:00:00+00:00,mean(air_temperature P1M),-1.1,degC,10.4023,59.2417
SN27270,2018-01-01 06:00:00+00:00,mean(air_temperature P1M),-1.0,degC,10.4312,59.2782
SN27460,2018-01-01 06:00:00+00:00,mean(air_temperature P1M),-0.9,degC,10.4103,59.2173
SN27330,2018-01-01 06:00:00+00:00,mean(air_temperature P1M),-2.2,degC,10.2983,59.2938
SN27420,2018-01-01 06:00:00+00:00,mean(air_temperature P1M),-0.1,degC,10.398,59.1205
SN27120,2018-01-01 06:00:00+00:00,mean(air_temperature P1M),-2.5,degC,10.3847,59.4283
SN27160,2018-01-01 06:00:00+00:00,mean(air_temperature P1M),-1.4,degC,10.4647,59.4198
SN27403,2018-01-01 06:00:00+00:00,mean(air_temperature P1M),-0.3,degC,10.45442,59.2084
SN27400,2018-01-01 06:00:00+00:00,mean(air_temperature P1M),-0.5,degC,10.45604,59.23662
SN27460,2018-02-01 06:00:00+00:00,mean(air_temperature P1M),-3.2,degC,10.4103,59.2173
SN27160,2018-02-01 06:00:00+00:00,mean(air_temperature P1M),-3.5,degC,10.4647,59.4198
SN27315,2018-02-01 06:00:00+00:00,mean(air_temperature P1M),-4.7,degC,10.2397,59.3808
SN27330,2018-02-01 06:00:00+00:00,mean(air_temperature P1M),-3.8,degC,10.2983,59.2938
SN27403,2018-02-01 06:00:00+00:00,mean(air_temperature P1M),-2.5,degC,10.45442,59.2084
SN27406,2018-02-01 06:00:00+00:00,mean(air_temperature P1M),-2.4,degC,10.4238,59.169
SN27780,2018-02-01 06:00:00+00:00,mean(air_temperature P1M),-2.7,degC,10.1250557,59.045747
SN27120,2018-02-01 06:00:00+00:00,mean(air_temperature P1M),-4.2,degC,10.3847,59.4283
SN27450,2018-02-01 06:00:00+00:00,mean(air_temperature P1M),-3.2,degC,10.345751,59.229738
SN27420,2018-02-01 06:00:00+00:00,mean(air_temperature P1M),-2.5,degC,10.398,59.1205
SN27433,2018-02-01 06:00:00+00:00,mean(air_temperature P1M),-2.7,degC,10.3655,59.1745
SN27435,2018-02-01 06:00:00+00:00,mean(air_temperature P1M),-3.1,degC,10.4023,59.2417
SN27270,2018-02-01 06:00:00+00:00,mean(air_temperature P1M),-3.0,degC,10.4312,59.2782
SN27400,2018-02-01 06:00:00+00:00,mean(air_temperature P1M),-2.6,degC,10.45604,59.23662
SN27403,2018-03-01 06:00:00+00:00,mean(air_temperature P1M),-1.8,degC,10.45442,59.2084
SN27435,2018-03-01 06:00:00+00:00,mean(air_temperature P1M),-2.3,degC,10.4023,59.2417
SN27160,2018-03-01 06:00:00+00:00,mean(air_temperature P1M),-2.4,degC,10.4647,59.4198
SN27270,2018-03-01 06:00:00+00:00,mean(air_temperature P1M),-2.2,degC,10.4312,59.2782
SN27780,2018-03-01 06:00:00+00:00,mean(air_temperature P1M),-2.3,degC,10.1250557,59.045747
SN27406,2018-03-01 06:00:00+00:00,mean(air_temperature P1M),-1.9,degC,10.4238,59.169
SN27330,2018-03-01 06:00:00+00:00,mean(air_temperature P1M),-3.0,degC,10.2983,59.2938
SN27315,2018-03-01 06:00:00+00:00,mean(air_temperature P1M),-3.9,degC,10.2397,59.3808
SN27420,2018-03-01 06:00:00+00:00,mean(air_temperature P1M),-2.0,degC,10.398,59.1205
SN27433,2018-03-01 06:00:00+00:00,mean(air_temperature P1M),-2.3,degC,10.3655,59.1745
SN27120,2018-03-01 06:00:00+00:00,mean(air_temperature P1M),-3.6,degC,10.3847,59.4283
SN27450,2018-03-01 06:00:00+00:00,mean(air_temperature P1M),-2.8,degC,10.345751,59.229738
SN27400,2018-03-01 06:00:00+00:00,mean(air_temperature P1M),-1.9,degC,10.45604,59.23662
SN27460,2018-03-01 06:00:00+00:00,mean(air_temperature P1M),-2.7,degC,10.4103,59.2173
SN27120,2018-04-01 00:00:00+00:00,mean(air_temperature P1M),5.2,degC,10.3847,59.4283
SN27330,2018-04-01 06:00:00+00:00,mean(air_temperature P1M),5.6,degC,10.2983,59.2938
SN27160,2018-04-01 06:00:00+00:00,mean(air_temperature P1M),5.5,degC,10.4647,59.4198
SN27780,2018-04-01 06:00:00+00:00,mean(air_temperature P1M),5.7,degC,10.1250557,59.045747
SN27435,2018-04-01 06:00:00+00:00,mean(air_temperature P1M),6.0,degC,10.4023,59.2417
SN27403,2018-04-01 06:00:00+00:00,mean(air_temperature P1M),5.9,degC,10.45442,59.2084
SN27460,2018-04-01 06:00:00+00:00,mean(air_temperature P1M),5.8,degC,10.4103,59.2173
SN27400,2018-04-01 06:00:00+00:00,mean(air_temperature P1M),6.0,degC,10.45604,59.23662
SN27420,2018-04-01 06:00:00+00:00,mean(air_temperature P1M),5.8,degC,10.398,59.1205
SN27315,2018-04-01 06:00:00+00:00,mean(air_temperature P1M),4.7,degC,10.2397,59.3808
SN27270,2018-04-01 06:00:00+00:00,mean(air_temperature P1M),6.2,degC,10.4312,59.2782
SN27406,2018-04-01 06:00:00+00:00,mean(air_temperature P1M),5.9,degC,10.4238,59.169
SN27433,2018-04-01 06:00:00+00:00,mean(air_temperature P1M),5.8,degC,10.3655,59.1745
SN27450,2018-04-01 06:00:00+00:00,mean(air_temperature P1M),5.7,degC,10.345751,59.229738
SN27120,2018-05-01 06:00:00+00:00,mean(air_temperature P1M),14.2,degC,10.3847,59.4283
SN27420,2018-05-01 06:00:00+00:00,mean(air_temperature P1M),14.6,degC,10.398,59.1205
SN27330,2018-05-01 06:00:00+00:00,mean(air_temperature P1M),14.6,degC,10.2983,59.2938
SN27160,2018-05-01 06:00:00+00:00,mean(air_temperature P1M),15.1,degC,10.4647,59.4198
SN27315,2018-05-01 06:00:00+00:00,mean(air_temperature P1M),14.4,degC,10.2397,59.3808
SN27433,2018-05-01 06:00:00+00:00,mean(air_temperature P1M),14.6,degC,10.3655,59.1745
SN27450,2018-05-01 06:00:00+00:00,mean(air_temperature P1M),14.8,degC,10.345751,59.229738
SN27406,2018-05-01 06:00:00+00:00,mean(air_temperature P1M),14.7,degC,10.4238,59.169
SN27270,2018-05-01 06:00:00+00:00,mean(air_temperature P1M),15.5,degC,10.4312,59.2782
SN27403,2018-05-01 06:00:00+00:00,mean(air_temperature P1M),14.7,degC,10.45442,59.2084
SN27400,2018-05-01 06:00:00+00:00,mean(air_temperature P1M),14.9,degC,10.45604,59.23662
SN27435,2018-05-01 06:00:00+00:00,mean(air_temperature P1M),14.9,degC,10.4023,59.2417
SN27780,2018-05-01 06:00:00+00:00,mean(air_temperature P1M),14.5,degC,10.1250557,59.045747
SN27460,2018-05-01 06:00:00+00:00,mean(air_temperature P1M),14.8,degC,10.4103,59.2173
SN27435,2018-06-01 06:00:00+00:00,mean(air_temperature P1M),17.4,degC,10.4023,59.2417
SN27780,2018-06-01 06:00:00+00:00,mean(air_temperature P1M),17.0,degC,10.1250557,59.045747
SN27400,2018-06-01 06:00:00+00:00,mean(air_temperature P1M),17.7,degC,10.45604,59.23662
SN27406,2018-06-01 06:00:00+00:00,mean(air_temperature P1M),17.4,degC,10.4238,59.169
SN27160,2018-06-01 06:00:00+00:00,mean(air_temperature P1M),17.7,degC,10.4647,59.4198
SN27433,2018-06-01 06:00:00+00:00,mean(air_temperature P1M),17.3,degC,10.3655,59.1745
SN27403,2018-06-01 06:00:00+00:00,mean(air_temperature P1M),17.4,degC,10.45442,59.2084
SN27460,2018-06-01 06:00:00+00:00,mean(air_temperature P1M),17.4,degC,10.4103,59.2173
SN27120,2018-06-01 06:00:00+00:00,mean(air_temperature P1M),17.1,degC,10.3847,59.4283
SN27270,2018-06-01 06:00:00+00:00,mean(air_temperature P1M),18.2,degC,10.4312,59.2782
SN27450,2018-06-01 06:00:00+00:00,mean(air_temperature P1M),17.4,degC,10.345751,59.229738
SN27420,2018-06-01 06:00:00+00:00,mean(air_temperature P1M),17.2,degC,10.398,59.1205
SN27315,2018-06-01 06:00:00+00:00,mean(air_temperature P1M),17.0,degC,10.2397,59.3808
SN27330,2018-06-01 06:00:00+00:00,mean(air_temperature P1M),17.2,degC,10.2983,59.2938
SN27433,2018-07-01 06:00:00+00:00,mean(air_temperature P1M),20.3,degC,10.3655,59.1745
SN27406,2018-07-01 06:00:00+00:00,mean(air_temperature P1M),20.8,degC,10.4238,59.169
SN27120,2018-07-01 06:00:00+00:00,mean(air_temperature P1M),20.3,degC,10.3847,59.4283
SN27330,2018-07-01 06:00:00+00:00,mean(air_temperature P1M),20.5,degC,10.2983,59.2938
SN27435,2018-07-01 06:00:00+00:00,mean(air_temperature P1M),20.7,degC,10.4023,59.2417
SN27780,2018-07-01 06:00:00+00:00,mean(air_temperature P1M),20.1,degC,10.1250557,59.045747
SN27420,2018-07-01 06:00:00+00:00,mean(air_temperature P1M),20.1,degC,10.398,59.1205
SN27270,2018-07-01 06:00:00+00:00,mean(air_temperature P1M),21.3,degC,10.4312,59.2782
SN27315,2018-07-01 06:00:00+00:00,mean(air_temperature P1M),20.3,degC,10.2397,59.3808
SN27403,2018-07-01 06:00:00+00:00,mean(air_temperature P1M),20.5,degC,10.45442,59.2084
SN27460,2018-07-01 06:00:00+00:00,mean(air_temperature P1M),20.3,degC,10.4103,59.2173
SN27450,2018-07-01 06:00:00+00:00,mean(air_temperature P1M),20.6,degC,10.345751,59.229738
SN27400,2018-07-01 06:00:00+00:00,mean(air_temperature P1M),20.8,degC,10.45604,59.23662
SN27330,2018-08-01 06:00:00+00:00,mean(air_temperature P1M),16.0,degC,10.2983,59.2938
SN27120,2018-08-01 06:00:00+00:00,mean(air_temperature P1M),15.9,degC,10.3847,59.4283
SN27315,2018-08-01 06:00:00+00:00,mean(air_temperature P1M),15.7,degC,10.2397,59.3808
SN27460,2018-08-01 06:00:00+00:00,mean(air_temperature P1M),16.1,degC,10.4103,59.2173
SN27270,2018-08-01 06:00:00+00:00,mean(air_temperature P1M),16.9,degC,10.4312,59.2782
SN27433,2018-08-01 06:00:00+00:00,mean(air_temperature P1M),16.9,degC,10.3655,59.1745
SN27406,2018-08-01 06:00:00+00:00,mean(air_temperature P1M),16.9,degC,10.4238,59.169
SN27400,2018-08-01 06:00:00+00:00,mean(air_temperature P1M),17.0,degC,10.45604,59.23662
SN27420,2018-08-01 06:00:00+00:00,mean(air_temperature P1M),16.7,degC,10.398,59.1205
SN27160,2018-08-01 06:00:00+00:00,mean(air_temperature P1M),16.6,degC,10.4647,59.4198
SN27780,2018-08-01 06:00:00+00:00,mean(air_temperature P1M),16.5,degC,10.1250557,59.045747
SN27450,2018-08-01 06:00:00+00:00,mean(air_temperature P1M),16.4,degC,10.345751,59.229738
SN27403,2018-08-01 06:00:00+00:00,mean(air_temperature P1M),16.8,degC,10.45442,59.2084
SN27435,2018-08-01 06:00:00+00:00,mean(air_temperature P1M),16.5,degC,10.4023,59.2417
SN27420,2018-09-01 06:00:00+00:00,mean(air_temperature P1M),13.7,degC,10.398,59.1205
SN27460,2018-09-01 06:00:00+00:00,mean(air_temperature P1M),13.1,degC,10.4103,59.2173
SN27406,2018-09-01 06:00:00+00:00,mean(air_temperature P1M),13.9,degC,10.4238,59.169
SN27120,2018-09-01 06:00:00+00:00,mean(air_temperature P1M),12.5,degC,10.3847,59.4283
SN27435,2018-09-01 06:00:00+00:00,mean(air_temperature P1M),13.3,degC,10.4023,59.2417
SN27780,2018-09-01 06:00:00+00:00,mean(air_temperature P1M),13.5,degC,10.1250557,59.045747
SN27450,2018-09-01 06:00:00+00:00,mean(air_temperature P1M),13.1,degC,10.345751,59.229738
SN27270,2018-09-01 06:00:00+00:00,mean(air_temperature P1M),13.5,degC,10.4312,59.2782
SN27330,2018-09-01 06:00:00+00:00,mean(air_temperature P1M),12.5,degC,10.2983,59.2938
SN27400,2018-09-01 06:00:00+00:00,mean(air_temperature P1M),13.7,degC,10.45604,59.23662
SN27315,2018-09-01 06:00:00+00:00,mean(air_temperature P1M),12.4,degC,10.2397,59.3808
SN27160,2018-09-01 06:00:00+00:00,mean(air_temperature P1M),12.9,degC,10.4647,59.4198
SN27403,2018-09-01 06:00:00+00:00,mean(air_temperature P1M),13.8,degC,10.45442,59.2084
SN27433,2018-09-01 06:00:00+00:00,mean(air_temperature P1M),13.9,degC,10.3655,59.1745
SN27406,2018-10-01 06:00:00+00:00,mean(air_temperature P1M),8.7,degC,10.4238,59.169
SN27160,2018-10-01 06:00:00+00:00,mean(air_temperature P1M),8.1,degC,10.4647,59.4198
SN27433,2018-10-01 06:00:00+00:00,mean(air_temperature P1M),8.8,degC,10.3655,59.1745
SN27162,2018-10-01 06:00:00+00:00,mean(air_temperature P1M),8.4,degC,10.46,59.3563
SN27315,2018-10-01 06:00:00+00:00,mean(air_temperature P1M),7.4,degC,10.2397,59.3808
SN27435,2018-10-01 06:00:00+00:00,mean(air_temperature P1M),8.2,degC,10.4023,59.2417
SN27460,2018-10-01 06:00:00+00:00,mean(air_temperature P1M),8.1,degC,10.4103,59.2173
SN27330,2018-10-01 06:00:00+00:00,mean(air_temperature P1M),7.5,degC,10.2983,59.2938
SN27450,2018-10-01 06:00:00+00:00,mean(air_temperature P1M),8.1,degC,10.345751,59.229738
SN27420,2018-10-01 06:00:00+00:00,mean(air_temperature P1M),8.8,degC,10.398,59.1205
SN27120,2018-10-01 06:00:00+00:00,mean(air_temperature P1M),7.5,degC,10.3847,59.4283
SN27400,2018-10-01 06:00:00+00:00,mean(air_temperature P1M),8.8,degC,10.45604,59.23662
SN27403,2018-10-01 06:00:00+00:00,mean(air_temperature P1M),8.8,degC,10.45442,59.2084
SN27270,2018-10-01 06:00:00+00:00,mean(air_temperature P1M),8.4,degC,10.4312,59.2782
SN27780,2018-10-01 06:00:00+00:00,mean(air_temperature P1M),8.4,degC,10.1250557,59.045747
SN27161,2018-11-01 06:00:00+00:00,mean(air_temperature P1M),3.5,degC,10.3985,59.3845
SN27403,2018-11-01 06:00:00+00:00,mean(air_temperature P1M),4.8,degC,10.45442,59.2084
SN27315,2018-11-01 06:00:00+00:00,mean(air_temperature P1M),3.2,degC,10.2397,59.3808
SN27420,2018-11-01 06:00:00+00:00,mean(air_temperature P1M),4.8,degC,10.398,59.1205
SN27406,2018-11-01 06:00:00+00:00,mean(air_temperature P1M),4.8,degC,10.4238,59.169
SN27433,2018-11-01 06:00:00+00:00,mean(air_temperature P1M),4.8,degC,10.3655,59.1745
SN27400,2018-11-01 06:00:00+00:00,mean(air_temperature P1M),4.8,degC,10.45604,59.23662
SN27435,2018-11-01 06:00:00+00:00,mean(air_temperature P1M),4.2,degC,10.4023,59.2417
SN27780,2018-11-01 06:00:00+00:00,mean(air_temperature P1M),4.5,degC,10.1250557,59.045747
SN27160,2018-11-01 06:00:00+00:00,mean(air_temperature P1M),3.8,degC,10.4647,59.4198
SN27460,2018-11-01 06:00:00+00:00,mean(air_temperature P1M),4.4,degC,10.4103,59.2173
SN27270,2018-11-01 06:00:00+00:00,mean(air_temperature P1M),4.3,degC,10.4312,59.2782
SN27162,2018-11-01 06:00:00+00:00,mean(air_temperature P1M),4.3,degC,10.46,59.3563
SN27120,2018-11-01 06:00:00+00:00,mean(air_temperature P1M),3.6,degC,10.3847,59.4283
SN27450,2018-11-01 06:00:00+00:00,mean(air_temperature P1M),4.2,degC,10.345751,59.229738
SN27330,2018-11-01 06:00:00+00:00,mean(air_temperature P1M),3.8,degC,10.2983,59.2938
SN27450,2018-12-01 06:00:00+00:00,mean(air_temperature P1M),-0.3,degC,10.345751,59.229738
SN27406,2018-12-01 06:00:00+00:00,mean(air_temperature P1M),0.5,degC,10.4238,59.169
SN27315,2018-12-01 06:00:00+00:00,mean(air_temperature P1M),-1.7,degC,10.2397,59.3808
SN27330,2018-12-01 06:00:00+00:00,mean(air_temperature P1M),-1.1,degC,10.2983,59.2938
SN27435,2018-12-01 06:00:00+00:00,mean(air_temperature P1M),-0.2,degC,10.4023,59.2417
SN27161,2018-12-01 06:00:00+00:00,mean(air_temperature P1M),-1.0,degC,10.3985,59.3845
SN27780,2018-12-01 06:00:00+00:00,mean(air_temperature P1M),0.5,degC,10.1250557,59.045747
SN27460,2018-12-01 06:00:00+00:00,mean(air_temperature P1M),-0.1,degC,10.4103,59.2173
SN27270,2018-12-01 06:00:00+00:00,mean(air_temperature P1M),-0.1,degC,10.4312,59.2782
SN27403,2018-12-01 06:00:00+00:00,mean(air_temperature P1M),0.5,degC,10.45442,59.2084
SN27400,2018-12-01 06:00:00+00:00,mean(air_temperature P1M),0.4,degC,10.45604,59.23662
SN27420,2018-12-01 06:00:00+00:00,mean(air_temperature P1M),0.8,degC,10.398,59.1205
SN27120,2018-12-01 06:00:00+00:00,mean(air_temperature P1M),-1.1,degC,10.3847,59.4283
SN27162,2018-12-01 06:00:00+00:00,mean(air_temperature P1M),0.0,degC,10.46,59.3563
SN27433,2018-12-01 06:00:00+00:00,mean(air_temperature P1M),0.4,degC,10.3655,59.1745
SN27160,2018-12-01 06:00:00+00:00,mean(air_temperature P1M),-0.3,degC,10.4647,59.4198
SN27160,2019-01-01 00:00:00+00:00,mean(air_temperature P1M),-1.9,degC,10.4647,59.4198
SN27435,2019-01-01 06:00:00+00:00,mean(air_temperature P1M),-2.0,degC,10.4023,59.2417
SN27400,2019-01-01 06:00:00+00:00,mean(air_temperature P1M),-1.5,degC,10.45604,59.23662
SN27433,2019-01-01 06:00:00+00:00,mean(air_temperature P1M),-1.5,degC,10.3655,59.1745
SN27780,2019-01-01 06:00:00+00:00,mean(air_temperature P1M),-1.3,degC,10.1250557,59.045747
SN27460,2019-01-01 06:00:00+00:00,mean(air_temperature P1M),-2.4,degC,10.4103,59.2173
SN27420,2019-01-01 06:00:00+00:00,mean(air_temperature P1M),-0.9,degC,10.398,59.1205
SN27450,2019-01-01 06:00:00+00:00,mean(air_temperature P1M),-2.2,degC,10.345751,59.229738
SN27406,2019-01-01 06:00:00+00:00,mean(air_temperature P1M),-1.1,degC,10.4238,59.169
SN27270,2019-01-01 06:00:00+00:00,mean(air_temperature P1M),-2.1,degC,10.4312,59.2782
SN27330,2019-01-01 06:00:00+00:00,mean(air_temperature P1M),-3.2,degC,10.2983,59.2938
SN27403,2019-01-01 06:00:00+00:00,mean(air_temperature P1M),-1.4,degC,10.45442,59.2084
SN27315,2019-01-01 06:00:00+00:00,mean(air_temperature P1M),-3.1,degC,10.2397,59.3808
SN27120,2019-01-01 06:00:00+00:00,mean(air_temperature P1M),-2.6,degC,10.3847,59.4283
SN27161,2019-01-01 06:00:00+00:00,mean(air_temperature P1M),-2.4,degC,10.3985,59.3845
SN27162,2019-01-01 06:00:00+00:00,mean(air_temperature P1M),-1.2,degC,10.46,59.3563
SN27120,2019-02-01 06:00:00+00:00,mean(air_temperature P1M),0.1,degC,10.3847,59.4283
SN27330,2019-02-01 06:00:00+00:00,mean(air_temperature P1M),0.1,degC,10.2983,59.2938
SN27780,2019-02-01 06:00:00+00:00,mean(air_temperature P1M),1.6,degC,10.1250557,59.045747
SN27403,2019-02-01 06:00:00+00:00,mean(air_temperature P1M),1.5,degC,10.45442,59.2084
SN27400,2019-02-01 06:00:00+00:00,mean(air_temperature P1M),1.4,degC,10.45604,59.23662
SN27450,2019-02-01 06:00:00+00:00,mean(air_temperature P1M),0.8,degC,10.345751,59.229738
SN27160,2019-02-01 06:00:00+00:00,mean(air_temperature P1M),1.0,degC,10.4647,59.4198
SN27460,2019-02-01 06:00:00+00:00,mean(air_temperature P1M),0.8,degC,10.4103,59.2173
SN27406,2019-02-01 06:00:00+00:00,mean(air_temperature P1M),1.6,degC,10.4238,59.169
SN27161,2019-02-01 06:00:00+00:00,mean(air_temperature P1M),0.2,degC,10.3985,59.3845
SN27270,2019-02-01 06:00:00+00:00,mean(air_temperature P1M),1.0,degC,10.4312,59.2782
SN27433,2019-02-01 06:00:00+00:00,mean(air_temperature P1M),1.2,degC,10.3655,59.1745
SN27435,2019-02-01 06:00:00+00:00,mean(air_temperature P1M),0.9,degC,10.4023,59.2417
SN27162,2019-02-01 06:00:00+00:00,mean(air_temperature P1M),1.2,degC,10.46,59.3563
SN27315,2019-02-01 06:00:00+00:00,mean(air_temperature P1M),0.2,degC,10.2397,59.3808
SN27420,2019-02-01 06:00:00+00:00,mean(air_temperature P1M),1.6,degC,10.398,59.1205
SN27406,2019-03-01 06:00:00+00:00,mean(air_temperature P1M),3.4,degC,10.4238,59.169
SN27315,2019-03-01 06:00:00+00:00,mean(air_temperature P1M),2.9,degC,10.2397,59.3808
SN27330,2019-03-01 06:00:00+00:00,mean(air_temperature P1M),2.4,degC,10.2983,59.2938
SN27433,2019-03-01 06:00:00+00:00,mean(air_temperature P1M),3.3,degC,10.3655,59.1745
SN27780,2019-03-01 06:00:00+00:00,mean(air_temperature P1M),3.4,degC,10.1250557,59.045747
SN27420,2019-03-01 06:00:00+00:00,mean(air_temperature P1M),3.4,degC,10.398,59.1205
SN27450,2019-03-01 06:00:00+00:00,mean(air_temperature P1M),3.0,degC,10.345751,59.229738
SN27400,2019-03-01 06:00:00+00:00,mean(air_temperature P1M),3.5,degC,10.45604,59.23662
SN27162,2019-03-01 06:00:00+00:00,mean(air_temperature P1M),3.1,degC,10.46,59.3563
SN27403,2019-03-01 06:00:00+00:00,mean(air_temperature P1M),3.4,degC,10.45442,59.2084
SN27460,2019-03-01 06:00:00+00:00,mean(air_temperature P1M),3.1,degC,10.4103,59.2173
SN27270,2019-03-01 06:00:00+00:00,mean(air_temperature P1M),3.3,degC,10.4312,59.2782
SN27120,2019-03-01 06:00:00+00:00,mean(air_temperature P1M),2.0,degC,10.3847,59.4283
SN27160,2019-03-01 06:00:00+00:00,mean(air_temperature P1M),2.9,degC,10.4647,59.4198
SN27435,2019-03-01 06:00:00+00:00,mean(air_temperature P1M),3.1,degC,10.4023,59.2417
SN27161,2019-03-01 06:00:00+00:00,mean(air_temperature P1M),2.3,degC,10.3985,59.3845
SN27162,2019-04-01 00:00:00+00:00,mean(air_temperature P1M),8.6,degC,10.46,59.3563
SN27161,2019-04-01 00:00:00+00:00,mean(air_temperature P1M),8.2,degC,10.3985,59.3845
SN27315,2019-04-01 00:00:00+00:00,mean(air_temperature P1M),8.1,degC,10.2397,59.3808
SN27435,2019-04-01 06:00:00+00:00,mean(air_temperature P1M),7.9,degC,10.4023,59.2417
SN27160,2019-04-01 06:00:00+00:00,mean(air_temperature P1M),7.9,degC,10.4647,59.4198
SN27270,2019-04-01 06:00:00+00:00,mean(air_temperature P1M),7.8,degC,10.4312,59.2782
SN27403,2019-04-01 06:00:00+00:00,mean(air_temperature P1M),7.7,degC,10.45442,59.2084
SN27470,2019-04-01 06:00:00+00:00,mean(air_temperature P1M),7.7,degC,10.2553,59.1845
SN27120,2019-04-01 06:00:00+00:00,mean(air_temperature P1M),6.7,degC,10.3847,59.4283
SN27460,2019-04-01 06:00:00+00:00,mean(air_temperature P1M),7.4,degC,10.4103,59.2173
SN27450,2019-04-01 06:00:00+00:00,mean(air_temperature P1M),7.7,degC,10.345751,59.229738
SN27780,2019-04-01 06:00:00+00:00,mean(air_temperature P1M),7.7,degC,10.1250557,59.045747
SN27406,2019-04-01 06:00:00+00:00,mean(air_temperature P1M),8.1,degC,10.4238,59.169
SN27420,2019-04-01 06:00:00+00:00,mean(air_temperature P1M),7.9,degC,10.398,59.1205
SN27433,2019-04-01 06:00:00+00:00,mean(air_temperature P1M),7.8,degC,10.3655,59.1745
SN27400,2019-04-01 06:00:00+00:00,mean(air_temperature P1M),8.0,degC,10.45604,59.23662
SN27330,2019-04-01 06:00:00+00:00,mean(air_temperature P1M),7.5,degC,10.2983,59.2938
SN27435,2019-05-01 06:00:00+00:00,mean(air_temperature P1M),10.3,degC,10.4023,59.2417
SN27160,2019-05-01 06:00:00+00:00,mean(air_temperature P1M),10.1,degC,10.4647,59.4198
SN27162,2019-05-01 06:00:00+00:00,mean(air_temperature P1M),10.4,degC,10.46,59.3563
SN27270,2019-05-01 06:00:00+00:00,mean(air_temperature P1M),10.7,degC,10.4312,59.2782
SN27315,2019-05-01 06:00:00+00:00,mean(air_temperature P1M),10.4,degC,10.2397,59.3808
SN27433,2019-05-01 06:00:00+00:00,mean(air_temperature P1M),10.5,degC,10.3655,59.1745
SN27470,2019-05-01 06:00:00+00:00,mean(air_temperature P1M),10.0,degC,10.2553,59.1845
SN27403,2019-05-01 06:00:00+00:00,mean(air_temperature P1M),10.5,degC,10.45442,59.2084
SN27406,2019-05-01 06:00:00+00:00,mean(air_temperature P1M),10.4,degC,10.4238,59.169
SN27400,2019-05-01 06:00:00+00:00,mean(air_temperature P1M),10.6,degC,10.45604,59.23662
SN27460,2019-05-01 06:00:00+00:00,mean(air_temperature P1M),10.3,degC,10.4103,59.2173
SN27450,2019-05-01 06:00:00+00:00,mean(air_temperature P1M),10.3,degC,10.345751,59.229738
SN27330,2019-05-01 06:00:00+00:00,mean(air_temperature P1M),10.1,degC,10.2983,59.2938
SN27161,2019-05-01 06:00:00+00:00,mean(air_temperature P1M),10.2,degC,10.3985,59.3845
SN27420,2019-05-01 06:00:00+00:00,mean(air_temperature P1M),10.3,degC,10.398,59.1205
SN27780,2019-05-01 06:00:00+00:00,mean(air_temperature P1M),10.2,degC,10.1250557,59.045747
SN27120,2019-05-01 06:00:00+00:00,mean(air_temperature P1M),9.7,degC,10.3847,59.4283
SN27120,2019-06-01 00:00:00+00:00,mean(air_temperature P1M),14.6,degC,10.3847,59.4283
SN27315,2019-06-01 06:00:00+00:00,mean(air_temperature P1M),15.1,degC,10.2397,59.3808
SN27406,2019-06-01 06:00:00+00:00,mean(air_temperature P1M),14.9,degC,10.4238,59.169
SN27162,2019-06-01 06:00:00+00:00,mean(air_temperature P1M),14.9,degC,10.46,59.3563
SN27161,2019-06-01 06:00:00+00:00,mean(air_temperature P1M),14.8,degC,10.3985,59.3845
SN27420,2019-06-01 06:00:00+00:00,mean(air_temperature P1M),14.7,degC,10.398,59.1205
SN27450,2019-06-01 06:00:00+00:00,mean(air_temperature P1M),14.9,degC,10.345751,59.229738
SN27780,2019-06-01 06:00:00+00:00,mean(air_temperature P1M),14.5,degC,10.1250557,59.045747
SN27460,2019-06-01 06:00:00+00:00,mean(air_temperature P1M),14.9,degC,10.4103,59.2173
SN27330,2019-06-01 06:00:00+00:00,mean(air_temperature P1M),14.7,degC,10.2983,59.2938
SN27403,2019-06-01 06:00:00+00:00,mean(air_temperature P1M),14.9,degC,10.45442,59.2084
SN27435,2019-06-01 06:00:00+00:00,mean(air_temperature P1M),14.9,degC,10.4023,59.2417
SN27400,2019-06-01 06:00:00+00:00,mean(air_temperature P1M),15.1,degC,10.45604,59.23662
SN27270,2019-06-01 06:00:00+00:00,mean(air_temperature P1M),15.4,degC,10.4312,59.2782
SN27433,2019-06-01 06:00:00+00:00,mean(air_temperature P1M),14.8,degC,10.3655,59.1745
SN27160,2019-06-01 06:00:00+00:00,mean(air_temperature P1M),14.7,degC,10.4647,59.4198
SN27470,2019-06-01 06:00:00+00:00,mean(air_temperature P1M),14.5,degC,10.2553,59.1845
SN27160,2019-07-01 06:00:00+00:00,mean(air_temperature P1M),17.5,degC,10.4647,59.4198
SN27433,2019-07-01 06:00:00+00:00,mean(air_temperature P1M),17.6,degC,10.3655,59.1745
SN27435,2019-07-01 06:00:00+00:00,mean(air_temperature P1M),17.6,degC,10.4023,59.2417
SN27450,2019-07-01 06:00:00+00:00,mean(air_temperature P1M),17.4,degC,10.345751,59.229738
SN27470,2019-07-01 06:00:00+00:00,mean(air_temperature P1M),17.0,degC,10.2553,59.1845
SN27162,2019-07-01 06:00:00+00:00,mean(air_temperature P1M),17.7,degC,10.46,59.3563
SN27403,2019-07-01 06:00:00+00:00,mean(air_temperature P1M),17.6,degC,10.45442,59.2084
SN27330,2019-07-01 06:00:00+00:00,mean(air_temperature P1M),17.2,degC,10.2983,59.2938
SN27460,2019-07-01 06:00:00+00:00,mean(air_temperature P1M),17.5,degC,10.4103,59.2173
SN27780,2019-07-01 06:00:00+00:00,mean(air_temperature P1M),17.0,degC,10.1250557,59.045747
SN27120,2019-07-01 06:00:00+00:00,mean(air_temperature P1M),17.1,degC,10.3847,59.4283
SN27400,2019-07-01 06:00:00+00:00,mean(air_temperature P1M),17.9,degC,10.45604,59.23662
SN27270,2019-07-01 06:00:00+00:00,mean(air_temperature P1M),18.1,degC,10.4312,59.2782
SN27420,2019-07-01 06:00:00+00:00,mean(air_temperature P1M),17.4,degC,10.398,59.1205
SN27161,2019-07-01 06:00:00+00:00,mean(air_temperature P1M),17.5,degC,10.3985,59.3845
SN27406,2019-07-01 06:00:00+00:00,mean(air_temperature P1M),17.7,degC,10.4238,59.169
SN27315,2019-07-01 06:00:00+00:00,mean(air_temperature P1M),17.6,degC,10.2397,59.3808
SN27460,2019-08-01 06:00:00+00:00,mean(air_temperature P1M),16.6,degC,10.4103,59.2173
SN27161,2019-08-01 06:00:00+00:00,mean(air_temperature P1M),16.3,degC,10.3985,59.3845
SN27403,2019-08-01 06:00:00+00:00,mean(air_temperature P1M),17.0,degC,10.45442,59.2084
SN27330,2019-08-01 06:00:00+00:00,mean(air_temperature P1M),16.0,degC,10.2983,59.2938
SN27470,2019-08-01 06:00:00+00:00,mean(air_temperature P1M),16.3,degC,10.2553,59.1845
SN27450,2019-08-01 06:00:00+00:00,mean(air_temperature P1M),16.6,degC,10.345751,59.229738
SN27120,2019-08-01 06:00:00+00:00,mean(air_temperature P1M),16.0,degC,10.3847,59.4283
SN27406,2019-08-01 06:00:00+00:00,mean(air_temperature P1M),17.2,degC,10.4238,59.169
SN27400,2019-08-01 06:00:00+00:00,mean(air_temperature P1M),17.1,degC,10.45604,59.23662
SN27780,2019-08-01 06:00:00+00:00,mean(air_temperature P1M),16.8,degC,10.1250557,59.045747
SN27162,2019-08-01 06:00:00+00:00,mean(air_temperature P1M),16.8,degC,10.46,59.3563
SN27315,2019-08-01 06:00:00+00:00,mean(air_temperature P1M),16.5,degC,10.2397,59.3808
SN27270,2019-08-01 06:00:00+00:00,mean(air_temperature P1M),17.2,degC,10.4312,59.2782
SN27435,2019-08-01 06:00:00+00:00,mean(air_temperature P1M),16.8,degC,10.4023,59.2417
SN27420,2019-08-01 06:00:00+00:00,mean(air_temperature P1M),17.0,degC,10.398,59.1205
SN27160,2019-08-01 06:00:00+00:00,mean(air_temperature P1M),16.5,degC,10.4647,59.4198
SN27433,2019-08-01 06:00:00+00:00,mean(air_temperature P1M),17.2,degC,10.3655,59.1745
SN27403,2019-09-01 06:00:00+00:00,mean(air_temperature P1M),12.8,degC,10.45442,59.2084
SN27315,2019-09-01 06:00:00+00:00,mean(air_temperature P1M),11.9,degC,10.2397,59.3808
SN27120,2019-09-01 06:00:00+00:00,mean(air_temperature P1M),11.4,degC,10.3847,59.4283
SN27330,2019-09-01 06:00:00+00:00,mean(air_temperature P1M),11.4,degC,10.2983,59.2938
SN27406,2019-09-01 06:00:00+00:00,mean(air_temperature P1M),12.7,degC,10.4238,59.169
SN27780,2019-09-01 06:00:00+00:00,mean(air_temperature P1M),12.7,degC,10.1250557,59.045747
SN27400,2019-09-01 06:00:00+00:00,mean(air_temperature P1M),12.7,degC,10.45604,59.23662
SN27433,2019-09-01 06:00:00+00:00,mean(air_temperature P1M),12.7,degC,10.3655,59.1745
SN27420,2019-09-01 06:00:00+00:00,mean(air_temperature P1M),12.7,degC,10.398,59.1205
SN27270,2019-09-01 06:00:00+00:00,mean(air_temperature P1M),12.5,degC,10.4312,59.2782
SN27470,2019-09-01 06:00:00+00:00,mean(air_temperature P1M),12.0,degC,10.2553,59.1845
SN27435,2019-09-01 06:00:00+00:00,mean(air_temperature P1M),12.2,degC,10.4023,59.2417
SN27161,2019-09-01 06:00:00+00:00,mean(air_temperature P1M),11.7,degC,10.3985,59.3845
SN27450,2019-09-01 06:00:00+00:00,mean(air_temperature P1M),12.1,degC,10.345751,59.229738
SN27162,2019-09-01 06:00:00+00:00,mean(air_temperature P1M),12.3,degC,10.46,59.3563
SN27160,2019-09-01 06:00:00+00:00,mean(air_temperature P1M),12.1,degC,10.4647,59.4198
SN27460,2019-09-01 06:00:00+00:00,mean(air_temperature P1M),12.0,degC,10.4103,59.2173
SN27435,2019-10-01 06:00:00+00:00,mean(air_temperature P1M),6.2,degC,10.4023,59.2417
SN27420,2019-10-01 06:00:00+00:00,mean(air_temperature P1M),6.8,degC,10.398,59.1205
SN27161,2019-10-01 06:00:00+00:00,mean(air_temperature P1M),5.6,degC,10.3985,59.3845
SN27403,2019-10-01 06:00:00+00:00,mean(air_temperature P1M),6.8,degC,10.45442,59.2084
SN27400,2019-10-01 06:00:00+00:00,mean(air_temperature P1M),6.7,degC,10.45604,59.23662
SN27470,2019-10-01 06:00:00+00:00,mean(air_temperature P1M),5.9,degC,10.2553,59.1845
SN27460,2019-10-01 06:00:00+00:00,mean(air_temperature P1M),6.1,degC,10.4103,59.2173
SN27450,2019-10-01 06:00:00+00:00,mean(air_temperature P1M),6.1,degC,10.345751,59.229738
SN27433,2019-10-01 06:00:00+00:00,mean(air_temperature P1M),6.6,degC,10.3655,59.1745
SN27270,2019-10-01 06:00:00+00:00,mean(air_temperature P1M),6.2,degC,10.4312,59.2782
SN27330,2019-10-01 06:00:00+00:00,mean(air_temperature P1M),5.4,degC,10.2983,59.2938
SN27120,2019-10-01 06:00:00+00:00,mean(air_temperature P1M),5.3,degC,10.3847,59.4283
SN27160,2019-10-01 06:00:00+00:00,mean(air_temperature P1M),6.1,degC,10.4647,59.4198
SN27406,2019-10-01 06:00:00+00:00,mean(air_temperature P1M),6.7,degC,10.4238,59.169
SN27162,2019-10-01 06:00:00+00:00,mean(air_temperature P1M),6.4,degC,10.46,59.3563
SN27315,2019-10-01 06:00:00+00:00,mean(air_temperature P1M),5.6,degC,10.2397,59.3808
SN27270,2019-11-01 06:00:00+00:00,mean(air_temperature P1M),1.8,degC,10.4312,59.2782
SN27403,2019-11-01 06:00:00+00:00,mean(air_temperature P1M),2.4,degC,10.45442,59.2084
SN27160,2019-11-01 06:00:00+00:00,mean(air_temperature P1M),1.5,degC,10.4647,59.4198
SN27460,2019-11-01 06:00:00+00:00,mean(air_temperature P1M),1.7,degC,10.4103,59.2173
SN27400,2019-11-01 06:00:00+00:00,mean(air_temperature P1M),2.3,degC,10.45604,59.23662
SN27780,2019-11-01 06:00:00+00:00,mean(air_temperature P1M),2.0,degC,10.1250557,59.045747
SN27161,2019-11-01 06:00:00+00:00,mean(air_temperature P1M),1.3,degC,10.3985,59.3845
SN27315,2019-11-01 06:00:00+00:00,mean(air_temperature P1M),1.1,degC,10.2397,59.3808
SN27450,2019-11-01 06:00:00+00:00,mean(air_temperature P1M),1.4,degC,10.345751,59.229738
SN27120,2019-11-01 06:00:00+00:00,mean(air_temperature P1M),1.1,degC,10.3847,59.4283
SN27330,2019-11-01 06:00:00+00:00,mean(air_temperature P1M),1.1,degC,10.2983,59.2938
SN27162,2019-11-01 06:00:00+00:00,mean(air_temperature P1M),1.8,degC,10.46,59.3563
SN27433,2019-11-01 06:00:00+00:00,mean(air_temperature P1M),2.0,degC,10.3655,59.1745
SN27435,2019-11-01 06:00:00+00:00,mean(air_temperature P1M),1.6,degC,10.4023,59.2417
SN27470,2019-11-01 06:00:00+00:00,mean(air_temperature P1M),1.1,degC,10.2553,59.1845
SN27420,2019-11-01 06:00:00+00:00,mean(air_temperature P1M),2.1,degC,10.398,59.1205
SN27406,2019-11-01 06:00:00+00:00,mean(air_temperature P1M),2.1,degC,10.4238,59.169
SN27460,2019-12-01 06:00:00+00:00,mean(air_temperature P1M),1.0,degC,10.4103,59.2173
SN27470,2019-12-01 06:00:00+00:00,mean(air_temperature P1M),1.3,degC,10.2553,59.1845
SN27120,2019-12-01 06:00:00+00:00,mean(air_temperature P1M),0.0,degC,10.3847,59.4283
SN27403,2019-12-01 06:00:00+00:00,mean(air_temperature P1M),1.7,degC,10.45442,59.2084
SN27420,2019-12-01 06:00:00+00:00,mean(air_temperature P1M),2.0,degC,10.398,59.1205
SN27160,2019-12-01 06:00:00+00:00,mean(air_temperature P1M),1.1,degC,10.4647,59.4198
SN27400,2019-12-01 06:00:00+00:00,mean(air_temperature P1M),1.5,degC,10.45604,59.23662
SN27270,2019-12-01 06:00:00+00:00,mean(air_temperature P1M),1.0,degC,10.4312,59.2782
SN27780,2019-12-01 06:00:00+00:00,mean(air_temperature P1M),2.0,degC,10.1250557,59.045747
SN27406,2019-12-01 06:00:00+00:00,mean(air_temperature P1M),1.9,degC,10.4238,59.169
SN27161,2019-12-01 06:00:00+00:00,mean(air_temperature P1M),0.5,degC,10.3985,59.3845
SN27450,2019-12-01 06:00:00+00:00,mean(air_temperature P1M),0.9,degC,10.345751,59.229738
SN27435,2019-12-01 06:00:00+00:00,mean(air_temperature P1M),1.0,degC,10.4023,59.2417
SN27433,2019-12-01 06:00:00+00:00,mean(air_temperature P1M),1.6,degC,10.3655,59.1745
SN27315,2019-12-01 06:00:00+00:00,mean(air_temperature P1M),0.0,degC,10.2397,59.3808
SN27330,2019-12-01 06:00:00+00:00,mean(air_temperature P1M),0.2,degC,10.2983,59.2938
SN27162,2019-12-01 06:00:00+00:00,mean(air_temperature P1M),1.3,degC,10.46,59.3563
SN27420,2020-01-01 00:00:00+00:00,mean(air_temperature P1M),4.7,degC,10.398,59.1205
SN27470,2020-01-01 06:00:00+00:00,mean(air_temperature P1M),4.2,degC,10.2553,59.1845
SN27403,2020-01-01 06:00:00+00:00,mean(air_temperature P1M),4.9,degC,10.45442,59.2084
SN27160,2020-01-01 06:00:00+00:00,mean(air_temperature P1M),4.0,degC,10.4647,59.4198
SN27400,2020-01-01 06:00:00+00:00,mean(air_temperature P1M),4.6,degC,10.45604,59.23662
SN27270,2020-01-01 06:00:00+00:00,mean(air_temperature P1M),4.4,degC,10.4312,59.2782
SN27450,2020-01-01 06:00:00+00:00,mean(air_temperature P1M),4.3,degC,10.345751,59.229738
SN27120,2020-01-01 06:00:00+00:00,mean(air_temperature P1M),3.4,degC,10.3847,59.4283
SN27162,2020-01-01 06:00:00+00:00,mean(air_temperature P1M),4.2,degC,10.46,59.3563
SN27406,2020-01-01 06:00:00+00:00,mean(air_temperature P1M),4.7,degC,10.4238,59.169
SN27330,2020-01-01 06:00:00+00:00,mean(air_temperature P1M),3.4,degC,10.2983,59.2938
SN27315,2020-01-01 06:00:00+00:00,mean(air_temperature P1M),3.7,degC,10.2397,59.3808
SN27460,2020-01-01 06:00:00+00:00,mean(air_temperature P1M),4.5,degC,10.4103,59.2173
SN27433,2020-01-01 06:00:00+00:00,mean(air_temperature P1M),4.7,degC,10.3655,59.1745
SN27161,2020-01-01 06:00:00+00:00,mean(air_temperature P1M),3.3,degC,10.3985,59.3845
SN27780,2020-01-01 06:00:00+00:00,mean(air_temperature P1M),4.7,degC,10.1250557,59.045747
SN27435,2020-01-01 06:00:00+00:00,mean(air_temperature P1M),4.3,degC,10.4023,59.2417
SN27435,2020-02-01 06:00:00+00:00,mean(air_temperature P1M),2.8,degC,10.4023,59.2417
SN27460,2020-02-01 06:00:00+00:00,mean(air_temperature P1M),3.0,degC,10.4103,59.2173
SN27403,2020-02-01 06:00:00+00:00,mean(air_temperature P1M),3.4,degC,10.45442,59.2084
SN27450,2020-02-01 06:00:00+00:00,mean(air_temperature P1M),2.9,degC,10.345751,59.229738
SN27470,2020-02-01 06:00:00+00:00,mean(air_temperature P1M),2.8,degC,10.2553,59.1845
SN27270,2020-02-01 06:00:00+00:00,mean(air_temperature P1M),2.9,degC,10.4312,59.2782
SN27400,2020-02-01 06:00:00+00:00,mean(air_temperature P1M),3.2,degC,10.45604,59.23662
SN27780,2020-02-01 06:00:00+00:00,mean(air_temperature P1M),3.2,degC,10.1250557,59.045747
SN27162,2020-02-01 06:00:00+00:00,mean(air_temperature P1M),3.0,degC,10.46,59.3563
SN27120,2020-02-01 06:00:00+00:00,mean(air_temperature P1M),2.0,degC,10.3847,59.4283
SN27433,2020-02-01 06:00:00+00:00,mean(air_temperature P1M),3.2,degC,10.3655,59.1745
SN27406,2020-02-01 06:00:00+00:00,mean(air_temperature P1M),3.0,degC,10.4238,59.169
SN27315,2020-02-01 06:00:00+00:00,mean(air_temperature P1M),2.6,degC,10.2397,59.3808
SN27160,2020-02-01 06:00:00+00:00,mean(air_temperature P1M),2.8,degC,10.4647,59.4198
SN27161,2020-02-01 06:00:00+00:00,mean(air_temperature P1M),2.3,degC,10.3985,59.3845
SN27330,2020-02-01 06:00:00+00:00,mean(air_temperature P1M),2.3,degC,10.2983,59.2938
SN27420,2020-02-01 06:00:00+00:00,mean(air_temperature P1M),3.3,degC,10.398,59.1205
SN27315,2020-03-01 06:00:00+00:00,mean(air_temperature P1M),3.1,degC,10.2397,59.3808
SN27161,2020-03-01 06:00:00+00:00,mean(air_temperature P1M),2.9,degC,10.3985,59.3845
SN27433,2020-03-01 06:00:00+00:00,mean(air_temperature P1M),3.4,degC,10.3655,59.1745
SN27162,2020-03-01 06:00:00+00:00,mean(air_temperature P1M),3.3,degC,10.46,59.3563
SN27420,2020-03-01 06:00:00+00:00,mean(air_temperature P1M),3.4,degC,10.398,59.1205
SN27270,2020-03-01 06:00:00+00:00,mean(air_temperature P1M),3.5,degC,10.4312,59.2782
SN27435,2020-03-01 06:00:00+00:00,mean(air_temperature P1M),3.2,degC,10.4023,59.2417
SN27780,2020-03-01 06:00:00+00:00,mean(air_temperature P1M),3.4,degC,10.1250557,59.045747
SN27450,2020-03-01 06:00:00+00:00,mean(air_temperature P1M),3.2,degC,10.345751,59.229738
SN27330,2020-03-01 06:00:00+00:00,mean(air_temperature P1M),2.9,degC,10.2983,59.2938
SN27470,2020-03-01 06:00:00+00:00,mean(air_temperature P1M),2.9,degC,10.2553,59.1845
SN27460,2020-03-01 06:00:00+00:00,mean(air_temperature P1M),3.4,degC,10.4103,59.2173
SN27406,2020-03-01 06:00:00+00:00,mean(air_temperature P1M),3.1,degC,10.4238,59.169
SN27400,2020-03-01 06:00:00+00:00,mean(air_temperature P1M),3.6,degC,10.45604,59.23662
SN27120,2020-03-01 06:00:00+00:00,mean(air_temperature P1M),2.5,degC,10.3847,59.4283
SN27160,2020-03-01 06:00:00+00:00,mean(air_temperature P1M),3.0,degC,10.4647,59.4198
SN27403,2020-03-01 06:00:00+00:00,mean(air_temperature P1M),3.6,degC,10.45442,59.2084
SN27780,2020-04-01 06:00:00+00:00,mean(air_temperature P1M),7.2,degC,10.1250557,59.045747
SN27160,2020-04-01 06:00:00+00:00,mean(air_temperature P1M),7.5,degC,10.4647,59.4198
SN27420,2020-04-01 06:00:00+00:00,mean(air_temperature P1M),7.3,degC,10.398,59.1205
SN27450,2020-04-01 06:00:00+00:00,mean(air_temperature P1M),7.3,degC,10.345751,59.229738
SN27406,2020-04-01 06:00:00+00:00,mean(air_temperature P1M),7.2,degC,10.4238,59.169
SN27315,2020-04-01 06:00:00+00:00,mean(air_temperature P1M),7.4,degC,10.2397,59.3808
SN27433,2020-04-01 06:00:00+00:00,mean(air_temperature P1M),7.3,degC,10.3655,59.1745
SN27330,2020-04-01 06:00:00+00:00,mean(air_temperature P1M),6.9,degC,10.2983,59.2938
SN27470,2020-04-01 06:00:00+00:00,mean(air_temperature P1M),7.2,degC,10.2553,59.1845
SN27435,2020-04-01 06:00:00+00:00,mean(air_temperature P1M),7.4,degC,10.4023,59.2417
SN27460,2020-04-01 06:00:00+00:00,mean(air_temperature P1M),7.3,degC,10.4103,59.2173
SN27400,2020-04-01 06:00:00+00:00,mean(air_temperature P1M),7.7,degC,10.45604,59.23662
SN27162,2020-04-01 06:00:00+00:00,mean(air_temperature P1M),7.8,degC,10.46,59.3563
SN27161,2020-04-01 06:00:00+00:00,mean(air_temperature P1M),7.3,degC,10.3985,59.3845
SN27270,2020-04-01 06:00:00+00:00,mean(air_temperature P1M),7.6,degC,10.4312,59.2782
SN27120,2020-04-01 06:00:00+00:00,mean(air_temperature P1M),6.6,degC,10.3847,59.4283
SN27403,2020-04-01 06:00:00+00:00,mean(air_temperature P1M),7.5,degC,10.45442,59.2084
SN27120,2020-05-01 06:00:00+00:00,mean(air_temperature P1M),9.2,degC,10.3847,59.4283
SN27315,2020-05-01 06:00:00+00:00,mean(air_temperature P1M),9.8,degC,10.2397,59.3808
SN27403,2020-05-01 06:00:00+00:00,mean(air_temperature P1M),9.8,degC,10.45442,59.2084
SN27433,2020-05-01 06:00:00+00:00,mean(air_temperature P1M),9.7,degC,10.3655,59.1745
SN27435,2020-05-01 06:00:00+00:00,mean(air_temperature P1M),9.7,degC,10.4023,59.2417
SN27470,2020-05-01 06:00:00+00:00,mean(air_temperature P1M),9.4,degC,10.2553,59.1845
SN27270,2020-05-01 06:00:00+00:00,mean(air_temperature P1M),10.2,degC,10.4312,59.2782
SN27450,2020-05-01 06:00:00+00:00,mean(air_temperature P1M),9.7,degC,10.345751,59.229738
SN27406,2020-05-01 06:00:00+00:00,mean(air_temperature P1M),9.7,degC,10.4238,59.169
SN27330,2020-05-01 06:00:00+00:00,mean(air_temperature P1M),9.4,degC,10.2983,59.2938
SN27161,2020-05-01 06:00:00+00:00,mean(air_temperature P1M),9.6,degC,10.3985,59.3845
SN27420,2020-05-01 06:00:00+00:00,mean(air_temperature P1M),9.6,degC,10.398,59.1205
SN27162,2020-05-01 06:00:00+00:00,mean(air_temperature P1M),9.9,degC,10.46,59.3563
SN27160,2020-05-01 06:00:00+00:00,mean(air_temperature P1M),9.6,degC,10.4647,59.4198
SN27400,2020-05-01 06:00:00+00:00,mean(air_temperature P1M),10.1,degC,10.45604,59.23662
SN27460,2020-05-01 06:00:00+00:00,mean(air_temperature P1M),9.6,degC,10.4103,59.2173
SN27780,2020-05-01 06:00:00+00:00,mean(air_temperature P1M),9.5,degC,10.1250557,59.045747
SN27780,2020-06-01 06:00:00+00:00,mean(air_temperature P1M),17.8,degC,10.1250557,59.045747
SN27161,2020-06-01 06:00:00+00:00,mean(air_temperature P1M),17.9,degC,10.3985,59.3845
SN27460,2020-06-01 06:00:00+00:00,mean(air_temperature P1M),18.4,degC,10.4103,59.2173
SN27270,2020-06-01 06:00:00+00:00,mean(air_temperature P1M),18.6,degC,10.4312,59.2782
SN27315,2020-06-01 06:00:00+00:00,mean(air_temperature P1M),17.8,degC,10.2397,59.3808
SN27433,2020-06-01 06:00:00+00:00,mean(air_temperature P1M),18.3,degC,10.3655,59.1745
SN27420,2020-06-01 06:00:00+00:00,mean(air_temperature P1M),18.0,degC,10.398,59.1205
SN27160,2020-06-01 06:00:00+00:00,mean(air_temperature P1M),18.2,degC,10.4647,59.4198
SN27450,2020-06-01 06:00:00+00:00,mean(air_temperature P1M),18.1,degC,10.345751,59.229738
SN27120,2020-06-01 06:00:00+00:00,mean(air_temperature P1M),17.3,degC,10.3847,59.4283
SN27470,2020-06-01 06:00:00+00:00,mean(air_temperature P1M),17.8,degC,10.2553,59.1845
SN27400,2020-06-01 06:00:00+00:00,mean(air_temperature P1M),18.5,degC,10.45604,59.23662
SN27403,2020-06-01 06:00:00+00:00,mean(air_temperature P1M),18.2,degC,10.45442,59.2084
SN27330,2020-06-01 06:00:00+00:00,mean(air_temperature P1M),17.5,degC,10.2983,59.2938
SN27435,2020-06-01 06:00:00+00:00,mean(air_temperature P1M),18.2,degC,10.4023,59.2417
SN27162,2020-06-01 06:00:00+00:00,mean(air_temperature P1M),18.3,degC,10.46,59.3563
SN27406,2020-06-01 06:00:00+00:00,mean(air_temperature P1M),18.3,degC,10.4238,59.169
SN27780,2020-07-01 06:00:00+00:00,mean(air_temperature P1M),14.9,degC,10.1250557,59.045747
SN27272,2020-07-01 06:00:00+00:00,mean(air_temperature P1M),14.9,degC,10.4275,59.2937
SN27120,2020-07-01 06:00:00+00:00,mean(air_temperature P1M),14.3,degC,10.3847,59.4283
SN27330,2020-07-01 06:00:00+00:00,mean(air_temperature P1M),14.4,degC,10.2983,59.2938
SN27281,2020-07-01 06:00:00+00:00,mean(air_temperature P1M),14.8,degC,10.3957,59.3173
SN27470,2020-07-01 06:00:00+00:00,mean(air_temperature P1M),14.5,degC,10.2553,59.1845
SN27270,2020-07-01 06:00:00+00:00,mean(air_temperature P1M),15.5,degC,10.4312,59.2782
SN27460,2020-07-01 06:00:00+00:00,mean(air_temperature P1M),15.7,degC,10.4103,59.2173
SN27161,2020-07-01 06:00:00+00:00,mean(air_temperature P1M),14.6,degC,10.3985,59.3845
SN27450,2020-07-01 06:00:00+00:00,mean(air_temperature P1M),14.9,degC,10.345751,59.229738
SN27315,2020-07-01 06:00:00+00:00,mean(air_temperature P1M),14.8,degC,10.2397,59.3808
SN27400,2020-07-01 06:00:00+00:00,mean(air_temperature P1M),15.4,degC,10.45604,59.23662
SN27282,2020-07-01 06:00:00+00:00,mean(air_temperature P1M),14.4,degC,10.3603,59.2632
SN27420,2020-07-01 06:00:00+00:00,mean(air_temperature P1M),15.1,degC,10.398,59.1205
SN27433,2020-07-01 06:00:00+00:00,mean(air_temperature P1M),15.3,degC,10.3655,59.1745
SN27162,2020-07-01 06:00:00+00:00,mean(air_temperature P1M),14.9,degC,10.46,59.3563
SN27435,2020-07-01 06:00:00+00:00,mean(air_temperature P1M),15.0,degC,10.4023,59.2417
SN27406,2020-07-01 06:00:00+00:00,mean(air_temperature P1M),15.1,degC,10.4238,59.169
SN27261,2020-07-01 06:00:00+00:00,mean(air_temperature P1M),15.6,degC,10.4985,59.2625
SN27160,2020-07-01 06:00:00+00:00,mean(air_temperature P1M),14.8,degC,10.4647,59.4198
SN27403,2020-07-01 06:00:00+00:00,mean(air_temperature P1M),15.2,degC,10.45442,59.2084
SN27433,2020-08-01 06:00:00+00:00,mean(air_temperature P1M),17.3,degC,10.3655,59.1745
SN27435,2020-08-01 06:00:00+00:00,mean(air_temperature P1M),17.0,degC,10.4023,59.2417
SN27160,2020-08-01 06:00:00+00:00,mean(air_temperature P1M),17.0,degC,10.4647,59.4198
SN27780,2020-08-01 06:00:00+00:00,mean(air_temperature P1M),17.1,degC,10.1250557,59.045747
SN27270,2020-08-01 06:00:00+00:00,mean(air_temperature P1M),17.4,degC,10.4312,59.2782
SN27281,2020-08-01 06:00:00+00:00,mean(air_temperature P1M),16.8,degC,10.3957,59.3173
SN27450,2020-08-01 06:00:00+00:00,mean(air_temperature P1M),16.9,degC,10.345751,59.229738
SN27282,2020-08-01 06:00:00+00:00,mean(air_temperature P1M),16.2,degC,10.3603,59.2632
SN27261,2020-08-01 06:00:00+00:00,mean(air_temperature P1M),17.6,degC,10.4985,59.2625
SN27162,2020-08-01 06:00:00+00:00,mean(air_temperature P1M),17.3,degC,10.46,59.3563
SN27460,2020-08-01 06:00:00+00:00,mean(air_temperature P1M),17.4,degC,10.4103,59.2173
SN27330,2020-08-01 06:00:00+00:00,mean(air_temperature P1M),16.5,degC,10.2983,59.2938
SN27470,2020-08-01 06:00:00+00:00,mean(air_temperature P1M),16.8,degC,10.2553,59.1845
SN27406,2020-08-01 06:00:00+00:00,mean(air_temperature P1M),17.3,degC,10.4238,59.169
SN27400,2020-08-01 06:00:00+00:00,mean(air_temperature P1M),17.4,degC,10.45604,59.23662
SN27315,2020-08-01 06:00:00+00:00,mean(air_temperature P1M),17.0,degC,10.2397,59.3808
SN27420,2020-08-01 06:00:00+00:00,mean(air_temperature P1M),17.2,degC,10.398,59.1205
SN27120,2020-08-01 06:00:00+00:00,mean(air_temperature P1M),16.2,degC,10.3847,59.4283
SN27272,2020-08-01 06:00:00+00:00,mean(air_temperature P1M),16.7,degC,10.4275,59.2937
SN27161,2020-08-01 06:00:00+00:00,mean(air_temperature P1M),16.8,degC,10.3985,59.3845
SN27403,2020-08-01 06:00:00+00:00,mean(air_temperature P1M),17.2,degC,10.45442,59.2084
SN27120,2020-09-01 06:00:00+00:00,mean(air_temperature P1M),12.2,degC,10.3847,59.4283
SN27282,2020-09-01 06:00:00+00:00,mean(air_temperature P1M),12.0,degC,10.3603,59.2632
SN27272,2020-09-01 06:00:00+00:00,mean(air_temperature P1M),12.4,degC,10.4275,59.2937
SN27330,2020-09-01 06:00:00+00:00,mean(air_temperature P1M),12.3,degC,10.2983,59.2938
SN27161,2020-09-01 06:00:00+00:00,mean(air_temperature P1M),12.6,degC,10.3985,59.3845
SN27281,2020-09-01 06:00:00+00:00,mean(air_temperature P1M),12.7,degC,10.3957,59.3173
SN27450,2020-09-01 06:00:00+00:00,mean(air_temperature P1M),12.9,degC,10.345751,59.229738
SN27435,2020-09-01 06:00:00+00:00,mean(air_temperature P1M),13.1,degC,10.4023,59.2417
SN27406,2020-09-01 06:00:00+00:00,mean(air_temperature P1M),13.5,degC,10.4238,59.169
SN27315,2020-09-01 06:00:00+00:00,mean(air_temperature P1M),12.7,degC,10.2397,59.3808
SN27160,2020-09-01 06:00:00+00:00,mean(air_temperature P1M),13.0,degC,10.4647,59.4198
SN27403,2020-09-01 06:00:00+00:00,mean(air_temperature P1M),13.4,degC,10.45442,59.2084
SN27270,2020-09-01 06:00:00+00:00,mean(air_temperature P1M),13.3,degC,10.4312,59.2782
SN27433,2020-09-01 06:00:00+00:00,mean(air_temperature P1M),13.5,degC,10.3655,59.1745
SN27162,2020-09-01 06:00:00+00:00,mean(air_temperature P1M),13.2,degC,10.46,59.3563
SN27400,2020-09-01 06:00:00+00:00,mean(air_temperature P1M),13.5,degC,10.45604,59.23662
SN27261,2020-09-01 06:00:00+00:00,mean(air_temperature P1M),13.7,degC,10.4985,59.2625
SN27780,2020-09-01 06:00:00+00:00,mean(air_temperature P1M),13.2,degC,10.1250557,59.045747
SN27420,2020-09-01 06:00:00+00:00,mean(air_temperature P1M),13.4,degC,10.398,59.1205
SN27460,2020-09-01 06:00:00+00:00,mean(air_temperature P1M),12.9,degC,10.4103,59.2173
SN27470,2020-09-01 06:00:00+00:00,mean(air_temperature P1M),12.8,degC,10.2553,59.1845
SN27406,2020-10-01 06:00:00+00:00,mean(air_temperature P1M),9.2,degC,10.4238,59.169
SN27470,2020-10-01 06:00:00+00:00,mean(air_temperature P1M),8.3,degC,10.2553,59.1845
SN27450,2020-10-01 06:00:00+00:00,mean(air_temperature P1M),8.4,degC,10.345751,59.229738
SN27403,2020-10-01 06:00:00+00:00,mean(air_temperature P1M),9.0,degC,10.45442,59.2084
SN27282,2020-10-01 06:00:00+00:00,mean(air_temperature P1M),7.5,degC,10.3603,59.2632
SN27162,2020-10-01 06:00:00+00:00,mean(air_temperature P1M),8.7,degC,10.46,59.3563
SN27281,2020-10-01 06:00:00+00:00,mean(air_temperature P1M),7.9,degC,10.3957,59.3173
SN27315,2020-10-01 06:00:00+00:00,mean(air_temperature P1M),7.7,degC,10.2397,59.3808
SN27261,2020-10-01 06:00:00+00:00,mean(air_temperature P1M),9.3,degC,10.4985,59.2625
SN27120,2020-10-01 06:00:00+00:00,mean(air_temperature P1M),7.6,degC,10.3847,59.4283
SN27420,2020-10-01 06:00:00+00:00,mean(air_temperature P1M),9.2,degC,10.398,59.1205
SN27160,2020-10-01 06:00:00+00:00,mean(air_temperature P1M),8.5,degC,10.4647,59.4198
SN27400,2020-10-01 06:00:00+00:00,mean(air_temperature P1M),9.0,degC,10.45604,59.23662
SN27161,2020-10-01 06:00:00+00:00,mean(air_temperature P1M),8.1,degC,10.3985,59.3845
SN27330,2020-10-01 06:00:00+00:00,mean(air_temperature P1M),7.9,degC,10.2983,59.2938
SN27433,2020-10-01 06:00:00+00:00,mean(air_temperature P1M),9.0,degC,10.3655,59.1745
SN27272,2020-10-01 06:00:00+00:00,mean(air_temperature P1M),8.1,degC,10.4275,59.2937
SN27460,2020-10-01 06:00:00+00:00,mean(air_temperature P1M),8.4,degC,10.4103,59.2173
SN27270,2020-10-01 06:00:00+00:00,mean(air_temperature P1M),8.5,degC,10.4312,59.2782
SN27780,2020-10-01 06:00:00+00:00,mean(air_temperature P1M),8.9,degC,10.1250557,59.045747
SN27435,2020-10-01 06:00:00+00:00,mean(air_temperature P1M),8.5,degC,10.4023,59.2417
SN27161,2020-11-01 06:00:00+00:00,mean(air_temperature P1M),5.5,degC,10.3985,59.3845
SN27450,2020-11-01 06:00:00+00:00,mean(air_temperature P1M),6.2,degC,10.345751,59.229738
SN27271,2020-11-01 06:00:00+00:00,mean(air_temperature P1M),6.5,degC,10.4019,59.27
SN27120,2020-11-01 06:00:00+00:00,mean(air_temperature P1M),5.3,degC,10.3847,59.4283
SN27162,2020-11-01 06:00:00+00:00,mean(air_temperature P1M),6.3,degC,10.46,59.3563
SN27272,2020-11-01 06:00:00+00:00,mean(air_temperature P1M),5.7,degC,10.4275,59.2937
SN27160,2020-11-01 06:00:00+00:00,mean(air_temperature P1M),6.0,degC,10.4647,59.4198
SN27470,2020-11-01 06:00:00+00:00,mean(air_temperature P1M),6.1,degC,10.2553,59.1845
SN27460,2020-11-01 06:00:00+00:00,mean(air_temperature P1M),6.3,degC,10.4103,59.2173
SN27330,2020-11-01 06:00:00+00:00,mean(air_temperature P1M),5.5,degC,10.2983,59.2938
SN27406,2020-11-01 06:00:00+00:00,mean(air_temperature P1M),7.0,degC,10.4238,59.169
SN27403,2020-11-01 06:00:00+00:00,mean(air_temperature P1M),6.9,degC,10.45442,59.2084
SN27281,2020-11-01 06:00:00+00:00,mean(air_temperature P1M),5.7,degC,10.3957,59.3173
SN27433,2020-11-01 06:00:00+00:00,mean(air_temperature P1M),6.8,degC,10.3655,59.1745
SN27420,2020-11-01 06:00:00+00:00,mean(air_temperature P1M),6.9,degC,10.398,59.1205
SN27261,2020-11-01 06:00:00+00:00,mean(air_temperature P1M),6.8,degC,10.4985,59.2625
SN27282,2020-11-01 06:00:00+00:00,mean(air_temperature P1M),5.3,degC,10.3603,59.2632
SN27780,2020-11-01 06:00:00+00:00,mean(air_temperature P1M),6.7,degC,10.1250557,59.045747
SN27315,2020-11-01 06:00:00+00:00,mean(air_temperature P1M),5.5,degC,10.2397,59.3808
SN27435,2020-11-01 06:00:00+00:00,mean(air_temperature P1M),6.3,degC,10.4023,59.2417
SN27400,2020-11-01 06:00:00+00:00,mean(air_temperature P1M),6.6,degC,10.45604,59.23662
SN27270,2020-11-01 06:00:00+00:00,mean(air_temperature P1M),6.4,degC,10.4312,59.2782
SN27120,2020-12-01 06:00:00+00:00,mean(air_temperature P1M),2.3,degC,10.3847,59.4283
SN27433,2020-12-01 06:00:00+00:00,mean(air_temperature P1M),3.5,degC,10.3655,59.1745
SN27160,2020-12-01 06:00:00+00:00,mean(air_temperature P1M),2.6,degC,10.4647,59.4198
SN27270,2020-12-01 06:00:00+00:00,mean(air_temperature P1M),3.1,degC,10.4312,59.2782
SN27282,2020-12-01 06:00:00+00:00,mean(air_temperature P1M),2.5,degC,10.3603,59.2632
SN27450,2020-12-01 06:00:00+00:00,mean(air_temperature P1M),3.0,degC,10.345751,59.229738
SN27315,2020-12-01 06:00:00+00:00,mean(air_temperature P1M),2.3,degC,10.2397,59.3808
SN27403,2020-12-01 06:00:00+00:00,mean(air_temperature P1M),3.6,degC,10.45442,59.2084
SN27470,2020-12-01 06:00:00+00:00,mean(air_temperature P1M),2.8,degC,10.2553,59.1845
SN27435,2020-12-01 06:00:00+00:00,mean(air_temperature P1M),3.1,degC,10.4023,59.2417
SN27420,2020-12-01 06:00:00+00:00,mean(air_temperature P1M),3.7,degC,10.398,59.1205
SN27400,2020-12-01 06:00:00+00:00,mean(air_temperature P1M),3.5,degC,10.45604,59.23662
SN27161,2020-12-01 06:00:00+00:00,mean(air_temperature P1M),2.5,degC,10.3985,59.3845
SN27406,2020-12-01 06:00:00+00:00,mean(air_temperature P1M),3.7,degC,10.4238,59.169
SN27162,2020-12-01 06:00:00+00:00,mean(air_temperature P1M),3.0,degC,10.46,59.3563
SN27330,2020-12-01 06:00:00+00:00,mean(air_temperature P1M),2.5,degC,10.2983,59.2938
SN27281,2020-12-01 06:00:00+00:00,mean(air_temperature P1M),2.5,degC,10.3957,59.3173
SN27780,2020-12-01 06:00:00+00:00,mean(air_temperature P1M),3.6,degC,10.1250557,59.045747
SN27271,2020-12-01 06:00:00+00:00,mean(air_temperature P1M),3.1,degC,10.4019,59.27
SN27460,2020-12-01 06:00:00+00:00,mean(air_temperature P1M),3.2,degC,10.4103,59.2173
SN27272,2020-12-01 06:00:00+00:00,mean(air_temperature P1M),2.8,degC,10.4275,59.2937
SN27261,2020-12-01 06:00:00+00:00,mean(air_temperature P1M),3.7,degC,10.4985,59.2625
SN27272,2021-01-01 00:00:00+00:00,mean(air_temperature P1M),-4.3,degC,10.4275,59.2937
SN27281,2021-01-01 00:00:00+00:00,mean(air_temperature P1M),-5.1,degC,10.3957,59.3173
SN27406,2021-01-01 00:00:00+00:00,mean(air_temperature P1M),-3.3,degC,10.4238,59.169
SN27433,2021-01-01 00:00:00+00:00,mean(air_temperature P1M),-3.5,degC,10.3655,59.1745
SN27420,2021-01-01 00:00:00+00:00,mean(air_temperature P1M),-3.0,degC,10.398,59.1205
SN27282,2021-01-01 00:00:00+00:00,mean(air_temperature P1M),-5.0,degC,10.3603,59.2632
SN27400,2021-01-01 00:00:00+00:00,mean(air_temperature P1M),-3.5,degC,10.45604,59.23662
SN27261,2021-01-01 00:00:00+00:00,mean(air_temperature P1M),-3.0,degC,10.4985,59.2625
SN27403,2021-01-01 00:00:00+00:00,mean(air_temperature P1M),-3.4,degC,10.45442,59.2084
SN27120,2021-01-01 00:00:00+00:00,mean(air_temperature P1M),-5.1,degC,10.3847,59.4283
SN27271,2021-01-01 00:00:00+00:00,mean(air_temperature P1M),-4.5,degC,10.4019,59.27
SN27460,2021-01-01 00:00:00+00:00,mean(air_temperature P1M),-4.1,degC,10.4103,59.2173
SN27162,2021-01-01 00:00:00+00:00,mean(air_temperature P1M),-3.8,degC,10.46,59.3563
SN27161,2021-01-01 00:00:00+00:00,mean(air_temperature P1M),-4.6,degC,10.3985,59.3845
SN27160,2021-01-01 00:00:00+00:00,mean(air_temperature P1M),-4.1,degC,10.4647,59.4198
SN27450,2021-01-01 06:00:00+00:00,mean(air_temperature P1M),-4.5,degC,10.345751,59.229738
SN27470,2021-01-01 06:00:00+00:00,mean(air_temperature P1M),-4.5,degC,10.2553,59.1845
SN27330,2021-01-01 06:00:00+00:00,mean(air_temperature P1M),-5.0,degC,10.2983,59.2938
SN27780,2021-01-01 06:00:00+00:00,mean(air_temperature P1M),-3.7,degC,10.1250557,59.045747
SN27270,2021-01-01 06:00:00+00:00,mean(air_temperature P1M),-3.9,degC,10.4312,59.2782
SN27435,2021-01-01 06:00:00+00:00,mean(air_temperature P1M),-4.0,degC,10.4023,59.2417
SN27315,2021-01-01 06:00:00+00:00,mean(air_temperature P1M),-5.0,degC,10.2397,59.3808
SN27420,2021-02-01 00:00:00+00:00,mean(air_temperature P1M),-2.4,degC,10.398,59.1205
SN27282,2021-02-01 06:00:00+00:00,mean(air_temperature P1M),-4.0,degC,10.3603,59.2632
SN27261,2021-02-01 06:00:00+00:00,mean(air_temperature P1M),-2.4,degC,10.4985,59.2625
SN27161,2021-02-01 06:00:00+00:00,mean(air_temperature P1M),-3.6,degC,10.3985,59.3845
SN27270,2021-02-01 06:00:00+00:00,mean(air_temperature P1M),-3.4,degC,10.4312,59.2782
SN27403,2021-02-01 06:00:00+00:00,mean(air_temperature P1M),-2.8,degC,10.45442,59.2084
SN27780,2021-02-01 06:00:00+00:00,mean(air_temperature P1M),-3.0,degC,10.1250557,59.045747
SN27271,2021-02-01 06:00:00+00:00,mean(air_temperature P1M),-3.9,degC,10.4019,59.27
SN27435,2021-02-01 06:00:00+00:00,mean(air_temperature P1M),-3.4,degC,10.4023,59.2417
SN27315,2021-02-01 06:00:00+00:00,mean(air_temperature P1M),-3.8,degC,10.2397,59.3808
SN27120,2021-02-01 06:00:00+00:00,mean(air_temperature P1M),-4.2,degC,10.3847,59.4283
SN27406,2021-02-01 06:00:00+00:00,mean(air_temperature P1M),-2.7,degC,10.4238,59.169
SN27470,2021-02-01 06:00:00+00:00,mean(air_temperature P1M),-3.6,degC,10.2553,59.1845
SN27162,2021-02-01 06:00:00+00:00,mean(air_temperature P1M),-3.0,degC,10.46,59.3563
SN27281,2021-02-01 06:00:00+00:00,mean(air_temperature P1M),-3.9,degC,10.3957,59.3173
SN27460,2021-02-01 06:00:00+00:00,mean(air_temperature P1M),-3.7,degC,10.4103,59.2173
SN27272,2021-02-01 06:00:00+00:00,mean(air_temperature P1M),-3.4,degC,10.4275,59.2937
SN27400,2021-02-01 06:00:00+00:00,mean(air_temperature P1M),-3.1,degC,10.45604,59.23662
SN27450,2021-02-01 06:00:00+00:00,mean(air_temperature P1M),-3.8,degC,10.345751,59.229738
SN27330,2021-02-01 06:00:00+00:00,mean(air_temperature P1M),-4.1,degC,10.2983,59.2938
SN27160,2021-02-01 06:00:00+00:00,mean(air_temperature P1M),-3.4,degC,10.4647,59.4198
SN27433,2021-02-01 06:00:00+00:00,mean(air_temperature P1M),-3.2,degC,10.3655,59.1745
SN27780,2021-03-01 06:00:00+00:00,mean(air_temperature P1M),3.5,degC,10.1250557,59.045747
SN27160,2021-03-01 06:00:00+00:00,mean(air_temperature P1M),3.5,degC,10.4647,59.4198
SN27261,2021-03-01 06:00:00+00:00,mean(air_temperature P1M),3.7,degC,10.4985,59.2625
SN27270,2021-03-01 06:00:00+00:00,mean(air_temperature P1M),3.6,degC,10.4312,59.2782
SN27162,2021-03-01 06:00:00+00:00,mean(air_temperature P1M),3.7,degC,10.46,59.3563
SN27470,2021-03-01 06:00:00+00:00,mean(air_temperature P1M),3.6,degC,10.2553,59.1845
SN27450,2021-03-01 06:00:00+00:00,mean(air_temperature P1M),3.3,degC,10.345751,59.229738
SN27400,2021-03-01 06:00:00+00:00,mean(air_temperature P1M),3.5,degC,10.45604,59.23662
SN27435,2021-03-01 06:00:00+00:00,mean(air_temperature P1M),3.4,degC,10.4023,59.2417
SN27282,2021-03-01 06:00:00+00:00,mean(air_temperature P1M),2.8,degC,10.3603,59.2632
SN27330,2021-03-01 06:00:00+00:00,mean(air_temperature P1M),2.9,degC,10.2983,59.2938
SN27433,2021-03-01 06:00:00+00:00,mean(air_temperature P1M),3.2,degC,10.3655,59.1745
SN27406,2021-03-01 06:00:00+00:00,mean(air_temperature P1M),3.4,degC,10.4238,59.169
SN27272,2021-03-01 06:00:00+00:00,mean(air_temperature P1M),3.4,degC,10.4275,59.2937
SN27403,2021-03-01 06:00:00+00:00,mean(air_temperature P1M),3.6,degC,10.45442,59.2084
SN27120,2021-03-01 06:00:00+00:00,mean(air_temperature P1M),2.8,degC,10.3847,59.4283
SN27315,2021-03-01 06:00:00+00:00,mean(air_temperature P1M),3.4,degC,10.2397,59.3808
SN27161,2021-03-01 06:00:00+00:00,mean(air_temperature P1M),3.2,degC,10.3985,59.3845
SN27271,2021-03-01 06:00:00+00:00,mean(air_temperature P1M),3.6,degC,10.4019,59.27
SN27460,2021-03-01 06:00:00+00:00,mean(air_temperature P1M),3.4,degC,10.4103,59.2173
SN27420,2021-03-01 06:00:00+00:00,mean(air_temperature P1M),3.4,degC,10.398,59.1205
SN27281,2021-03-01 06:00:00+00:00,mean(air_temperature P1M),3.2,degC,10.3957,59.3173
SN27271,2021-04-01 00:00:00+00:00,mean(air_temperature P1M),6.0,degC,10.4019,59.27
SN27315,2021-04-01 06:00:00+00:00,mean(air_temperature P1M),5.9,degC,10.2397,59.3808
SN27403,2021-04-01 06:00:00+00:00,mean(air_temperature P1M),6.0,degC,10.45442,59.2084
SN27330,2021-04-01 06:00:00+00:00,mean(air_temperature P1M),5.5,degC,10.2983,59.2938
SN27470,2021-04-01 06:00:00+00:00,mean(air_temperature P1M),5.5,degC,10.2553,59.1845
SN27160,2021-04-01 06:00:00+00:00,mean(air_temperature P1M),5.8,degC,10.4647,59.4198
SN27261,2021-04-01 06:00:00+00:00,mean(air_temperature P1M),6.2,degC,10.4985,59.2625
SN27282,2021-04-01 06:00:00+00:00,mean(air_temperature P1M),5.2,degC,10.3603,59.2632
SN27435,2021-04-01 06:00:00+00:00,mean(air_temperature P1M),5.9,degC,10.4023,59.2417
SN27406,2021-04-01 06:00:00+00:00,mean(air_temperature P1M),5.9,degC,10.4238,59.169
SN27162,2021-04-01 06:00:00+00:00,mean(air_temperature P1M),6.1,degC,10.46,59.3563
SN27433,2021-04-01 06:00:00+00:00,mean(air_temperature P1M),5.9,degC,10.3655,59.1745
SN27780,2021-04-01 06:00:00+00:00,mean(air_temperature P1M),5.8,degC,10.1250557,59.045747
SN27400,2021-04-01 06:00:00+00:00,mean(air_temperature P1M),6.1,degC,10.45604,59.23662
SN27120,2021-04-01 06:00:00+00:00,mean(air_temperature P1M),5.1,degC,10.3847,59.4283
SN27270,2021-04-01 06:00:00+00:00,mean(air_temperature P1M),6.0,degC,10.4312,59.2782
SN27460,2021-04-01 06:00:00+00:00,mean(air_temperature P1M),5.6,degC,10.4103,59.2173
SN27281,2021-04-01 06:00:00+00:00,mean(air_temperature P1M),5.5,degC,10.3957,59.3173
SN27161,2021-04-01 06:00:00+00:00,mean(air_temperature P1M),5.8,degC,10.3985,59.3845
SN27272,2021-04-01 06:00:00+00:00,mean(air_temperature P1M),6.0,degC,10.4275,59.2937
SN27450,2021-04-01 06:00:00+00:00,mean(air_temperature P1M),5.7,degC,10.345751,59.229738
SN27420,2021-04-01 06:00:00+00:00,mean(air_temperature P1M),6.0,degC,10.398,59.1205
SN27272,2021-05-01 06:00:00+00:00,mean(air_temperature P1M),10.1,degC,10.4275,59.2937
SN27120,2021-05-01 06:00:00+00:00,mean(air_temperature P1M),9.3,degC,10.3847,59.4283
SN27160,2021-05-01 06:00:00+00:00,mean(air_temperature P1M),9.8,degC,10.4647,59.4198
SN27270,2021-05-01 06:00:00+00:00,mean(air_temperature P1M),10.3,degC,10.4312,59.2782
SN27420,2021-05-01 06:00:00+00:00,mean(air_temperature P1M),9.9,degC,10.398,59.1205
SN27330,2021-05-01 06:00:00+00:00,mean(air_temperature P1M),9.6,degC,10.2983,59.2938
SN27271,2021-05-01 06:00:00+00:00,mean(air_temperature P1M),10.4,degC,10.4019,59.27
SN27403,2021-05-01 06:00:00+00:00,mean(air_temperature P1M),10.1,degC,10.45442,59.2084
SN27282,2021-05-01 06:00:00+00:00,mean(air_temperature P1M),9.6,degC,10.3603,59.2632
SN27460,2021-05-01 06:00:00+00:00,mean(air_temperature P1M),10.0,degC,10.4103,59.2173
SN27433,2021-05-01 06:00:00+00:00,mean(air_temperature P1M),9.9,degC,10.3655,59.1745
SN27780,2021-05-01 06:00:00+00:00,mean(air_temperature P1M),9.7,degC,10.1250557,59.045747
SN27162,2021-05-01 06:00:00+00:00,mean(air_temperature P1M),10.1,degC,10.46,59.3563
SN27450,2021-05-01 06:00:00+00:00,mean(air_temperature P1M),9.9,degC,10.345751,59.229738
SN27400,2021-05-01 06:00:00+00:00,mean(air_temperature P1M),10.3,degC,10.45604,59.23662
SN27406,2021-05-01 06:00:00+00:00,mean(air_temperature P1M),10.0,degC,10.4238,59.169
SN27281,2021-05-01 06:00:00+00:00,mean(air_temperature P1M),9.9,degC,10.3957,59.3173
SN27161,2021-05-01 06:00:00+00:00,mean(air_temperature P1M),9.9,degC,10.3985,59.3845
SN27261,2021-05-01 06:00:00+00:00,mean(air_temperature P1M),10.3,degC,10.4985,59.2625
SN27435,2021-05-01 06:00:00+00:00,mean(air_temperature P1M),10.0,degC,10.4023,59.2417
SN27315,2021-05-01 06:00:00+00:00,mean(air_temperature P1M),9.9,degC,10.2397,59.3808
SN27470,2021-05-01 06:00:00+00:00,mean(air_temperature P1M),9.6,degC,10.2553,59.1845
SN27271,2021-06-01 06:00:00+00:00,mean(air_temperature P1M),17.1,degC,10.4019,59.27
SN27460,2021-06-01 06:00:00+00:00,mean(air_temperature P1M),16.3,degC,10.4103,59.2173
SN27420,2021-06-01 06:00:00+00:00,mean(air_temperature P1M),15.9,degC,10.398,59.1205
SN27272,2021-06-01 06:00:00+00:00,mean(air_temperature P1M),16.4,degC,10.4275,59.2937
SN27433,2021-06-01 06:00:00+00:00,mean(air_temperature P1M),16.2,degC,10.3655,59.1745
SN27330,2021-06-01 06:00:00+00:00,mean(air_temperature P1M),16.1,degC,10.2983,59.2938
SN27162,2021-06-01 06:00:00+00:00,mean(air_temperature P1M),16.3,degC,10.46,59.3563
SN27435,2021-06-01 06:00:00+00:00,mean(air_temperature P1M),16.4,degC,10.4023,59.2417
SN27470,2021-06-01 06:00:00+00:00,mean(air_temperature P1M),15.9,degC,10.2553,59.1845
SN27160,2021-06-01 06:00:00+00:00,mean(air_temperature P1M),16.1,degC,10.4647,59.4198
SN27403,2021-06-01 06:00:00+00:00,mean(air_temperature P1M),16.4,degC,10.45442,59.2084
SN27261,2021-06-01 06:00:00+00:00,mean(air_temperature P1M),16.5,degC,10.4985,59.2625
SN27281,2021-06-01 06:00:00+00:00,mean(air_temperature P1M),16.4,degC,10.3957,59.3173
SN27270,2021-06-01 06:00:00+00:00,mean(air_temperature P1M),16.8,degC,10.4312,59.2782
SN27161,2021-06-01 06:00:00+00:00,mean(air_temperature P1M),16.4,degC,10.3985,59.3845
SN27406,2021-06-01 06:00:00+00:00,mean(air_temperature P1M),16.3,degC,10.4238,59.169
SN27400,2021-06-01 06:00:00+00:00,mean(air_temperature P1M),16.5,degC,10.45604,59.23662
SN27780,2021-06-01 06:00:00+00:00,mean(air_temperature P1M),15.9,degC,10.1250557,59.045747
SN27315,2021-06-01 06:00:00+00:00,mean(air_temperature P1M),16.6,degC,10.2397,59.3808
SN27120,2021-06-01 06:00:00+00:00,mean(air_temperature P1M),16.0,degC,10.3847,59.4283
SN27450,2021-06-01 06:00:00+00:00,mean(air_temperature P1M),16.3,degC,10.345751,59.229738
SN27282,2021-06-01 06:00:00+00:00,mean(air_temperature P1M),16.1,degC,10.3603,59.2632
SN27435,2021-07-01 06:00:00+00:00,mean(air_temperature P1M),19.4,degC,10.4023,59.2417
SN27281,2021-07-01 06:00:00+00:00,mean(air_temperature P1M),19.4,degC,10.3957,59.3173
SN27160,2021-07-01 06:00:00+00:00,mean(air_temperature P1M),19.5,degC,10.4647,59.4198
SN27450,2021-07-01 06:00:00+00:00,mean(air_temperature P1M),19.3,degC,10.345751,59.229738
SN27162,2021-07-01 06:00:00+00:00,mean(air_temperature P1M),19.7,degC,10.46,59.3563
SN27433,2021-07-01 06:00:00+00:00,mean(air_temperature P1M),19.4,degC,10.3655,59.1745
SN27315,2021-07-01 06:00:00+00:00,mean(air_temperature P1M),19.2,degC,10.2397,59.3808
SN27400,2021-07-01 06:00:00+00:00,mean(air_temperature P1M),19.9,degC,10.45604,59.23662
SN27470,2021-07-01 06:00:00+00:00,mean(air_temperature P1M),19.0,degC,10.2553,59.1845
SN27780,2021-07-01 06:00:00+00:00,mean(air_temperature P1M),19.1,degC,10.1250557,59.045747
SN27261,2021-07-01 06:00:00+00:00,mean(air_temperature P1M),19.9,degC,10.4985,59.2625
SN27330,2021-07-01 06:00:00+00:00,mean(air_temperature P1M),19.0,degC,10.2983,59.2938
SN27161,2021-07-01 06:00:00+00:00,mean(air_temperature P1M),19.3,degC,10.3985,59.3845
SN27272,2021-07-01 06:00:00+00:00,mean(air_temperature P1M),19.4,degC,10.4275,59.2937
SN27270,2021-07-01 06:00:00+00:00,mean(air_temperature P1M),19.8,degC,10.4312,59.2782
SN27120,2021-07-01 06:00:00+00:00,mean(air_temperature P1M),18.7,degC,10.3847,59.4283
SN27420,2021-07-01 06:00:00+00:00,mean(air_temperature P1M),19.3,degC,10.398,59.1205
SN27271,2021-07-01 06:00:00+00:00,mean(air_temperature P1M),20.0,degC,10.4019,59.27
SN27406,2021-07-01 06:00:00+00:00,mean(air_temperature P1M),19.5,degC,10.4238,59.169
SN27403,2021-07-01 06:00:00+00:00,mean(air_temperature P1M),19.6,degC,10.45442,59.2084
SN27460,2021-07-01 06:00:00+00:00,mean(air_temperature P1M),19.0,degC,10.4103,59.2173
SN27282,2021-07-01 06:00:00+00:00,mean(air_temperature P1M),18.8,degC,10.3603,59.2632
SN27315,2021-08-01 06:00:00+00:00,mean(air_temperature P1M),15.9,degC,10.2397,59.3808
SN27400,2021-08-01 06:00:00+00:00,mean(air_temperature P1M),16.5,degC,10.45604,59.23662
SN27281,2021-08-01 06:00:00+00:00,mean(air_temperature P1M),15.8,degC,10.3957,59.3173
SN27403,2021-08-01 06:00:00+00:00,mean(air_temperature P1M),16.3,degC,10.45442,59.2084
SN27780,2021-08-01 06:00:00+00:00,mean(air_temperature P1M),16.1,degC,10.1250557,59.045747
SN27282,2021-08-01 06:00:00+00:00,mean(air_temperature P1M),15.3,degC,10.3603,59.2632
SN27270,2021-08-01 06:00:00+00:00,mean(air_temperature P1M),16.4,degC,10.4312,59.2782
SN27162,2021-08-01 06:00:00+00:00,mean(air_temperature P1M),16.4,degC,10.46,59.3563
SN27420,2021-08-01 06:00:00+00:00,mean(air_temperature P1M),16.2,degC,10.398,59.1205
SN27120,2021-08-01 06:00:00+00:00,mean(air_temperature P1M),15.4,degC,10.3847,59.4283
SN27450,2021-08-01 06:00:00+00:00,mean(air_temperature P1M),16.0,degC,10.345751,59.229738
SN27470,2021-08-01 06:00:00+00:00,mean(air_temperature P1M),15.8,degC,10.2553,59.1845
SN27330,2021-08-01 06:00:00+00:00,mean(air_temperature P1M),15.7,degC,10.2983,59.2938
SN27160,2021-08-01 06:00:00+00:00,mean(air_temperature P1M),16.2,degC,10.4647,59.4198
SN27271,2021-08-01 06:00:00+00:00,mean(air_temperature P1M),16.6,degC,10.4019,59.27
SN27433,2021-08-01 06:00:00+00:00,mean(air_temperature P1M),16.4,degC,10.3655,59.1745
SN27406,2021-08-01 06:00:00+00:00,mean(air_temperature P1M),16.3,degC,10.4238,59.169
SN27161,2021-08-01 06:00:00+00:00,mean(air_temperature P1M),15.9,degC,10.3985,59.3845
SN27435,2021-08-01 06:00:00+00:00,mean(air_temperature P1M),16.1,degC,10.4023,59.2417
SN27460,2021-08-01 06:00:00+00:00,mean(air_temperature P1M),15.5,degC,10.4103,59.2173
SN27272,2021-08-01 06:00:00+00:00,mean(air_temperature P1M),15.9,degC,10.4275,59.2937
SN27261,2021-08-01 06:00:00+00:00,mean(air_temperature P1M),16.7,degC,10.4985,59.2625
SN27261,2021-09-01 06:00:00+00:00,mean(air_temperature P1M),14.4,degC,10.4985,59.2625
SN27403,2021-09-01 06:00:00+00:00,mean(air_temperature P1M),14.2,degC,10.45442,59.2084
SN27406,2021-09-01 06:00:00+00:00,mean(air_temperature P1M),14.1,degC,10.4238,59.169
SN27281,2021-09-01 06:00:00+00:00,mean(air_temperature P1M),13.6,degC,10.3957,59.3173
SN27161,2021-09-01 06:00:00+00:00,mean(air_temperature P1M),13.5,degC,10.3985,59.3845
SN27282,2021-09-01 06:00:00+00:00,mean(air_temperature P1M),13.0,degC,10.3603,59.2632
SN27420,2021-09-01 06:00:00+00:00,mean(air_temperature P1M),14.0,degC,10.398,59.1205
SN27433,2021-09-01 06:00:00+00:00,mean(air_temperature P1M),14.1,degC,10.3655,59.1745
SN27780,2021-09-01 06:00:00+00:00,mean(air_temperature P1M),13.8,degC,10.1250557,59.045747
SN27120,2021-09-01 06:00:00+00:00,mean(air_temperature P1M),13.2,degC,10.3847,59.4283
SN27270,2021-09-01 06:00:00+00:00,mean(air_temperature P1M),14.1,degC,10.4312,59.2782
SN27162,2021-09-01 06:00:00+00:00,mean(air_temperature P1M),14.0,degC,10.46,59.3563
SN27315,2021-09-01 06:00:00+00:00,mean(air_temperature P1M),13.6,degC,10.2397,59.3808
SN27435,2021-09-01 06:00:00+00:00,mean(air_temperature P1M),13.9,degC,10.4023,59.2417
SN27272,2021-09-01 06:00:00+00:00,mean(air_temperature P1M),13.5,degC,10.4275,59.2937
SN27330,2021-09-01 06:00:00+00:00,mean(air_temperature P1M),13.4,degC,10.2983,59.2938
SN27400,2021-09-01 06:00:00+00:00,mean(air_temperature P1M),14.2,degC,10.45604,59.23662
SN27160,2021-09-01 06:00:00+00:00,mean(air_temperature P1M),13.8,degC,10.4647,59.4198
SN27460,2021-09-01 06:00:00+00:00,mean(air_temperature P1M),13.4,degC,10.4103,59.2173
SN27470,2021-09-01 06:00:00+00:00,mean(air_temperature P1M),13.6,degC,10.2553,59.1845
SN27450,2021-09-01 06:00:00+00:00,mean(air_temperature P1M),13.7,degC,10.345751,59.229738
SN27271,2021-09-01 06:00:00+00:00,mean(air_temperature P1M),14.3,degC,10.4019,59.27
SN27435,2021-10-01 06:00:00+00:00,mean(air_temperature P1M),9.8,degC,10.4023,59.2417
SN27120,2021-10-01 06:00:00+00:00,mean(air_temperature P1M),8.9,degC,10.3847,59.4283
SN27780,2021-10-01 06:00:00+00:00,mean(air_temperature P1M),10.2,degC,10.1250557,59.045747
SN27420,2021-10-01 06:00:00+00:00,mean(air_temperature P1M),10.2,degC,10.398,59.1205
SN27162,2021-10-01 06:00:00+00:00,mean(air_temperature P1M),9.8,degC,10.46,59.3563
SN27281,2021-10-01 06:00:00+00:00,mean(air_temperature P1M),9.3,degC,10.3957,59.3173
SN27261,2021-10-01 06:00:00+00:00,mean(air_temperature P1M),10.4,degC,10.4985,59.2625
SN27282,2021-10-01 06:00:00+00:00,mean(air_temperature P1M),8.9,degC,10.3603,59.2632
SN27406,2021-10-01 06:00:00+00:00,mean(air_temperature P1M),10.4,degC,10.4238,59.169
SN27450,2021-10-01 06:00:00+00:00,mean(air_temperature P1M),9.7,degC,10.345751,59.229738
SN27470,2021-10-01 06:00:00+00:00,mean(air_temperature P1M),9.6,degC,10.2553,59.1845
SN27271,2021-10-01 06:00:00+00:00,mean(air_temperature P1M),10.1,degC,10.4019,59.27
SN27400,2021-10-01 06:00:00+00:00,mean(air_temperature P1M),10.2,degC,10.45604,59.23662
SN27460,2021-10-01 06:00:00+00:00,mean(air_temperature P1M),9.8,degC,10.4103,59.2173
SN27403,2021-10-01 06:00:00+00:00,mean(air_temperature P1M),10.3,degC,10.45442,59.2084
SN27272,2021-10-01 06:00:00+00:00,mean(air_temperature P1M),9.3,degC,10.4275,59.2937
SN27330,2021-10-01 06:00:00+00:00,mean(air_temperature P1M),9.1,degC,10.2983,59.2938
SN27160,2021-10-01 06:00:00+00:00,mean(air_temperature P1M),9.5,degC,10.4647,59.4198
SN27315,2021-10-01 06:00:00+00:00,mean(air_temperature P1M),9.3,degC,10.2397,59.3808
SN27161,2021-10-01 06:00:00+00:00,mean(air_temperature P1M),9.1,degC,10.3985,59.3845
SN27433,2021-10-01 06:00:00+00:00,mean(air_temperature P1M),10.4,degC,10.3655,59.1745
SN27270,2021-10-01 06:00:00+00:00,mean(air_temperature P1M),10.0,degC,10.4312,59.2782
SN27330,2021-11-01 06:00:00+00:00,mean(air_temperature P1M),3.4,degC,10.2983,59.2938
SN27433,2021-11-01 06:00:00+00:00,mean(air_temperature P1M),5.0,degC,10.3655,59.1745
SN27270,2021-11-01 06:00:00+00:00,mean(air_temperature P1M),4.4,degC,10.4312,59.2782
SN27470,2021-11-01 06:00:00+00:00,mean(air_temperature P1M),4.2,degC,10.2553,59.1845
SN27160,2021-11-01 06:00:00+00:00,mean(air_temperature P1M),4.4,degC,10.4647,59.4198
SN27282,2021-11-01 06:00:00+00:00,mean(air_temperature P1M),3.4,degC,10.3603,59.2632
SN27161,2021-11-01 06:00:00+00:00,mean(air_temperature P1M),3.7,degC,10.3985,59.3845
SN27272,2021-11-01 06:00:00+00:00,mean(air_temperature P1M),3.9,degC,10.4275,59.2937
SN27212,2021-11-01 06:00:00+00:00,mean(air_temperature P1M),3.3,degC,10.2087,59.4173
SN27406,2021-11-01 06:00:00+00:00,mean(air_temperature P1M),5.0,degC,10.4238,59.169
SN27271,2021-11-01 06:00:00+00:00,mean(air_temperature P1M),4.5,degC,10.4019,59.27
SN27403,2021-11-01 06:00:00+00:00,mean(air_temperature P1M),5.1,degC,10.45442,59.2084
SN27460,2021-11-01 06:00:00+00:00,mean(air_temperature P1M),4.4,degC,10.4103,59.2173
SN27315,2021-11-01 06:00:00+00:00,mean(air_temperature P1M),3.6,degC,10.2397,59.3808
SN27435,2021-11-01 06:00:00+00:00,mean(air_temperature P1M),4.3,degC,10.4023,59.2417
SN27261,2021-11-01 06:00:00+00:00,mean(air_temperature P1M),5.2,degC,10.4985,59.2625
SN27316,2021-11-01 06:00:00+00:00,mean(air_temperature P1M),3.2,degC,10.2692,59.371
SN27120,2021-11-01 06:00:00+00:00,mean(air_temperature P1M),3.4,degC,10.3847,59.4283
SN27420,2021-11-01 06:00:00+00:00,mean(air_temperature P1M),5.0,degC,10.398,59.1205
SN27162,2021-11-01 06:00:00+00:00,mean(air_temperature P1M),4.5,degC,10.46,59.3563
SN27214,2021-11-01 06:00:00+00:00,mean(air_temperature P1M),3.5,degC,10.2799816,59.4109629
SN27450,2021-11-01 06:00:00+00:00,mean(air_temperature P1M),4.3,degC,10.345751,59.229738
SN27400,2021-11-01 06:00:00+00:00,mean(air_temperature P1M),4.9,degC,10.45604,59.23662
SN27318,2021-11-01 06:00:00+00:00,mean(air_temperature P1M),3.3,degC,10.3672,59.363
SN27281,2021-11-01 06:00:00+00:00,mean(air_temperature P1M),3.7,degC,10.3957,59.3173
SN27780,2021-11-01 06:00:00+00:00,mean(air_temperature P1M),4.8,degC,10.1250557,59.045747
SN27780,2021-12-01 06:00:00+00:00,mean(air_temperature P1M),-1.8,degC,10.1250557,59.045747
SN27316,2021-12-01 06:00:00+00:00,mean(air_temperature P1M),-4.3,degC,10.2692,59.371
SN27470,2021-12-01 06:00:00+00:00,mean(air_temperature P1M),-2.0,degC,10.2553,59.1845
SN27120,2021-12-01 06:00:00+00:00,mean(air_temperature P1M),-3.1,degC,10.3847,59.4283
SN27420,2021-12-01 06:00:00+00:00,mean(air_temperature P1M),-1.4,degC,10.398,59.1205
SN27162,2021-12-01 06:00:00+00:00,mean(air_temperature P1M),-1.6,degC,10.46,59.3563
SN27270,2021-12-01 06:00:00+00:00,mean(air_temperature P1M),-2.4,degC,10.4312,59.2782
SN27435,2021-12-01 06:00:00+00:00,mean(air_temperature P1M),-2.4,degC,10.4023,59.2417
SN27318,2021-12-01 06:00:00+00:00,mean(air_temperature P1M),-3.4,degC,10.3672,59.363
SN27315,2021-12-01 06:00:00+00:00,mean(air_temperature P1M),-3.8,degC,10.2397,59.3808
SN27450,2021-12-01 06:00:00+00:00,mean(air_temperature P1M),-2.5,degC,10.345751,59.229738
SN27214,2021-12-01 06:00:00+00:00,mean(air_temperature P1M),-2.8,degC,10.2799816,59.4109629
SN27272,2021-12-01 06:00:00+00:00,mean(air_temperature P1M),-2.4,degC,10.4275,59.2937
SN27460,2021-12-01 06:00:00+00:00,mean(air_temperature P1M),-2.5,degC,10.4103,59.2173
SN27433,2021-12-01 06:00:00+00:00,mean(air_temperature P1M),-1.8,degC,10.3655,59.1745
SN27282,2021-12-01 06:00:00+00:00,mean(air_temperature P1M),-2.2,degC,10.3603,59.2632
SN27406,2021-12-01 06:00:00+00:00,mean(air_temperature P1M),-1.6,degC,10.4238,59.169
SN27400,2021-12-01 06:00:00+00:00,mean(air_temperature P1M),-1.8,degC,10.45604,59.23662
SN27271,2021-12-01 06:00:00+00:00,mean(air_temperature P1M),-2.7,degC,10.4019,59.27
SN27281,2021-12-01 06:00:00+00:00,mean(air_temperature P1M),-3.0,degC,10.3957,59.3173
SN27161,2021-12-01 06:00:00+00:00,mean(air_temperature P1M),-2.3,degC,10.3985,59.3845
SN27212,2021-12-01 06:00:00+00:00,mean(air_temperature P1M),-3.6,degC,10.2087,59.4173
SN27403,2021-12-01 06:00:00+00:00,mean(air_temperature P1M),-1.7,degC,10.45442,59.2084
SN27160,2021-12-01 06:00:00+00:00,mean(air_temperature P1M),-1.7,degC,10.4647,59.4198
SN27261,2021-12-01 06:00:00+00:00,mean(air_temperature P1M),-1.1,degC,10.4985,59.2625
SN27330,2021-12-01 06:00:00+00:00,mean(air_temperature P1M),-3.7,degC,10.2983,59.2938
SN27400,2022-01-01 06:00:00+00:00,mean(air_temperature P1M),1.6,degC,10.45604,59.23662
SN27261,2022-01-01 06:00:00+00:00,mean(air_temperature P1M),2.0,degC,10.4985,59.2625
SN27435,2022-01-01 06:00:00+00:00,mean(air_temperature P1M),1.1,degC,10.4023,59.2417
SN27406,2022-01-01 06:00:00+00:00,mean(air_temperature P1M),2.0,degC,10.4238,59.169
SN27214,2022-01-01 06:00:00+00:00,mean(air_temperature P1M),0.6,degC,10.2799816,59.4109629
SN27281,2022-01-01 06:00:00+00:00,mean(air_temperature P1M),0.5,degC,10.3957,59.3173
SN27433,2022-01-01 06:00:00+00:00,mean(air_temperature P1M),1.8,degC,10.3655,59.1745
SN27403,2022-01-01 06:00:00+00:00,mean(air_temperature P1M),1.8,degC,10.45442,59.2084
SN27282,2022-01-01 06:00:00+00:00,mean(air_temperature P1M),0.9,degC,10.3603,59.2632
SN27120,2022-01-01 06:00:00+00:00,mean(air_temperature P1M),0.4,degC,10.3847,59.4283
SN27420,2022-01-01 06:00:00+00:00,mean(air_temperature P1M),2.2,degC,10.398,59.1205
SN27272,2022-01-01 06:00:00+00:00,mean(air_temperature P1M),0.8,degC,10.4275,59.2937
SN27271,2022-01-01 06:00:00+00:00,mean(air_temperature P1M),0.9,degC,10.4019,59.27
SN27212,2022-01-01 06:00:00+00:00,mean(air_temperature P1M),0.2,degC,10.2087,59.4173
SN27470,2022-01-01 06:00:00+00:00,mean(air_temperature P1M),1.7,degC,10.2553,59.1845
SN27315,2022-01-01 06:00:00+00:00,mean(air_temperature P1M),0.4,degC,10.2397,59.3808
SN27450,2022-01-01 06:00:00+00:00,mean(air_temperature P1M),1.1,degC,10.345751,59.229738
SN27270,2022-01-01 06:00:00+00:00,mean(air_temperature P1M),1.2,degC,10.4312,59.2782
SN27460,2022-01-01 06:00:00+00:00,mean(air_temperature P1M),1.1,degC,10.4103,59.2173
SN27160,2022-01-01 06:00:00+00:00,mean(air_temperature P1M),1.4,degC,10.4647,59.4198
SN27318,2022-01-01 06:00:00+00:00,mean(air_temperature P1M),0.3,degC,10.3672,59.363
SN27161,2022-01-01 06:00:00+00:00,mean(air_temperature P1M),0.6,degC,10.3985,59.3845
SN27316,2022-01-01 06:00:00+00:00,mean(air_temperature P1M),0.0,degC,10.2692,59.371
SN27780,2022-01-01 06:00:00+00:00,mean(air_temperature P1M),2.1,degC,10.1250557,59.045747
SN27330,2022-01-01 06:00:00+00:00,mean(air_temperature P1M),0.0,degC,10.2983,59.2938
SN27162,2022-01-01 06:00:00+00:00,mean(air_temperature P1M),1.5,degC,10.46,59.3563
SN27120,2022-02-01 06:00:00+00:00,mean(air_temperature P1M),0.8,degC,10.3847,59.4283
SN27271,2022-02-01 06:00:00+00:00,mean(air_temperature P1M),1.7,degC,10.4019,59.27
SN27214,2022-02-01 06:00:00+00:00,mean(air_temperature P1M),0.9,degC,10.2799816,59.4109629
SN27420,2022-02-01 06:00:00+00:00,mean(air_temperature P1M),2.3,degC,10.398,59.1205
SN27403,2022-02-01 06:00:00+00:00,mean(air_temperature P1M),2.3,degC,10.45442,59.2084
SN27316,2022-02-01 06:00:00+00:00,mean(air_temperature P1M),0.7,degC,10.2692,59.371
SN27272,2022-02-01 06:00:00+00:00,mean(air_temperature P1M),1.2,degC,10.4275,59.2937
SN27212,2022-02-01 06:00:00+00:00,mean(air_temperature P1M),0.8,degC,10.2087,59.4173
SN27281,2022-02-01 06:00:00+00:00,mean(air_temperature P1M),1.1,degC,10.3957,59.3173
SN27161,2022-02-01 06:00:00+00:00,mean(air_temperature P1M),1.0,degC,10.3985,59.3845
SN27318,2022-02-01 06:00:00+00:00,mean(air_temperature P1M),0.8,degC,10.3672,59.363
SN27435,2022-02-01 06:00:00+00:00,mean(air_temperature P1M),1.5,degC,10.4023,59.2417
SN27780,2022-02-01 06:00:00+00:00,mean(air_temperature P1M),2.1,degC,10.1250557,59.045747
SN27162,2022-02-01 06:00:00+00:00,mean(air_temperature P1M),1.7,degC,10.46,59.3563
SN27160,2022-02-01 06:00:00+00:00,mean(air_temperature P1M),1.5,degC,10.4647,59.4198
SN27270,2022-02-01 06:00:00+00:00,mean(air_temperature P1M),1.9,degC,10.4312,59.2782
SN27261,2022-02-01 06:00:00+00:00,mean(air_temperature P1M),2.3,degC,10.4985,59.2625
SN27450,2022-02-01 06:00:00+00:00,mean(air_temperature P1M),1.6,degC,10.345751,59.229738
SN27282,2022-02-01 06:00:00+00:00,mean(air_temperature P1M),0.7,degC,10.3603,59.2632
SN27433,2022-02-01 06:00:00+00:00,mean(air_temperature P1M),2.2,degC,10.3655,59.1745
SN27406,2022-02-01 06:00:00+00:00,mean(air_temperature P1M),2.3,degC,10.4238,59.169
SN27400,2022-02-01 06:00:00+00:00,mean(air_temperature P1M),2.2,degC,10.45604,59.23662
SN27315,2022-02-01 06:00:00+00:00,mean(air_temperature P1M),1.1,degC,10.2397,59.3808
SN27460,2022-02-01 06:00:00+00:00,mean(air_temperature P1M),1.8,degC,10.4103,59.2173
SN27330,2022-02-01 06:00:00+00:00,mean(air_temperature P1M),0.8,degC,10.2983,59.2938
SN27470,2022-02-01 06:00:00+00:00,mean(air_temperature P1M),1.4,degC,10.2553,59.1845
SN27261,2022-03-01 06:00:00+00:00,mean(air_temperature P1M),3.4,degC,10.4985,59.2625
SN27470,2022-03-01 06:00:00+00:00,mean(air_temperature P1M),3.2,degC,10.2553,59.1845
SN27780,2022-03-01 06:00:00+00:00,mean(air_temperature P1M),3.0,degC,10.1250557,59.045747
SN27120,2022-03-01 06:00:00+00:00,mean(air_temperature P1M),1.6,degC,10.3847,59.4283
SN27162,2022-03-01 06:00:00+00:00,mean(air_temperature P1M),3.5,degC,10.46,59.3563
SN27212,2022-03-01 06:00:00+00:00,mean(air_temperature P1M),2.3,degC,10.2087,59.4173
SN27281,2022-03-01 06:00:00+00:00,mean(air_temperature P1M),2.4,degC,10.3957,59.3173
SN27420,2022-03-01 06:00:00+00:00,mean(air_temperature P1M),3.0,degC,10.398,59.1205
SN27433,2022-03-01 06:00:00+00:00,mean(air_temperature P1M),3.0,degC,10.3655,59.1745
SN27315,2022-03-01 06:00:00+00:00,mean(air_temperature P1M),2.6,degC,10.2397,59.3808
SN27435,2022-03-01 06:00:00+00:00,mean(air_temperature P1M),2.7,degC,10.4023,59.2417
SN27272,2022-03-01 06:00:00+00:00,mean(air_temperature P1M),2.8,degC,10.4275,59.2937
SN27318,2022-03-01 06:00:00+00:00,mean(air_temperature P1M),2.2,degC,10.3672,59.363
SN27330,2022-03-01 06:00:00+00:00,mean(air_temperature P1M),2.1,degC,10.2983,59.2938
SN27460,2022-03-01 06:00:00+00:00,mean(air_temperature P1M),2.6,degC,10.4103,59.2173
SN27271,2022-03-01 06:00:00+00:00,mean(air_temperature P1M),2.9,degC,10.4019,59.27
SN27403,2022-03-01 06:00:00+00:00,mean(air_temperature P1M),2.9,degC,10.45442,59.2084
SN27282,2022-03-01 06:00:00+00:00,mean(air_temperature P1M),1.9,degC,10.3603,59.2632
SN27270,2022-03-01 06:00:00+00:00,mean(air_temperature P1M),2.7,degC,10.4312,59.2782
SN27400,2022-03-01 06:00:00+00:00,mean(air_temperature P1M),3.1,degC,10.45604,59.23662
SN27161,2022-03-01 06:00:00+00:00,mean(air_temperature P1M),2.8,degC,10.3985,59.3845
SN27316,2022-03-01 06:00:00+00:00,mean(air_temperature P1M),2.1,degC,10.2692,59.371
SN27406,2022-03-01 06:00:00+00:00,mean(air_temperature P1M),3.2,degC,10.4238,59.169
SN27450,2022-03-01 06:00:00+00:00,mean(air_temperature P1M),2.7,degC,10.345751,59.229738
SN27160,2022-03-01 06:00:00+00:00,mean(air_temperature P1M),3.2,degC,10.4647,59.4198
SN27214,2022-03-01 06:00:00+00:00,mean(air_temperature P1M),2.6,degC,10.2799816,59.4109629
SN27403,2022-04-01 00:00:00+00:00,mean(air_temperature P1M),6.2,degC,10.45442,59.2084
SN27281,2022-04-01 00:00:00+00:00,mean(air_temperature P1M),6.0,degC,10.3957,59.3173
SN27271,2022-04-01 00:00:00+00:00,mean(air_temperature P1M),6.5,degC,10.4019,59.27
SN27400,2022-04-01 00:00:00+00:00,mean(air_temperature P1M),6.5,degC,10.45604,59.23662
SN27282,2022-04-01 06:00:00+00:00,mean(air_temperature P1M),5.4,degC,10.3603,59.2632
SN27214,2022-04-01 06:00:00+00:00,mean(air_temperature P1M),5.8,degC,10.2799816,59.4109629
SN27330,2022-04-01 06:00:00+00:00,mean(air_temperature P1M),5.6,degC,10.2983,59.2938
SN27406,2022-04-01 06:00:00+00:00,mean(air_temperature P1M),6.1,degC,10.4238,59.169
SN27470,2022-04-01 06:00:00+00:00,mean(air_temperature P1M),5.8,degC,10.2553,59.1845
SN27316,2022-04-01 06:00:00+00:00,mean(air_temperature P1M),5.7,degC,10.2692,59.371
SN27780,2022-04-01 06:00:00+00:00,mean(air_temperature P1M),5.9,degC,10.1250557,59.045747
SN27435,2022-04-01 06:00:00+00:00,mean(air_temperature P1M),6.0,degC,10.4023,59.2417
SN27120,2022-04-01 06:00:00+00:00,mean(air_temperature P1M),5.2,degC,10.3847,59.4283
SN27318,2022-04-01 06:00:00+00:00,mean(air_temperature P1M),5.6,degC,10.3672,59.363
SN27212,2022-04-01 06:00:00+00:00,mean(air_temperature P1M),5.6,degC,10.2087,59.4173
SN27450,2022-04-01 06:00:00+00:00,mean(air_temperature P1M),5.9,degC,10.345751,59.229738
SN27433,2022-04-01 06:00:00+00:00,mean(air_temperature P1M),6.1,degC,10.3655,59.1745
SN27161,2022-04-01 06:00:00+00:00,mean(air_temperature P1M),6.1,degC,10.3985,59.3845
SN27420,2022-04-01 06:00:00+00:00,mean(air_temperature P1M),5.9,degC,10.398,59.1205
SN27261,2022-04-01 06:00:00+00:00,mean(air_temperature P1M),6.3,degC,10.4985,59.2625
SN27272,2022-04-01 06:00:00+00:00,mean(air_temperature P1M),6.1,degC,10.4275,59.2937
SN27270,2022-04-01 06:00:00+00:00,mean(air_temperature P1M),6.1,degC,10.4312,59.2782
SN27160,2022-04-01 06:00:00+00:00,mean(air_temperature P1M),6.2,degC,10.4647,59.4198
SN27162,2022-04-01 06:00:00+00:00,mean(air_temperature P1M),6.3,degC,10.46,59.3563
SN27315,2022-04-01 06:00:00+00:00,mean(air_temperature P1M),6.0,degC,10.2397,59.3808
SN27460,2022-04-01 06:00:00+00:00,mean(air_temperature P1M),5.7,degC,10.4103,59.2173
SN27270,2022-05-01 06:00:00+00:00,mean(air_temperature P1M),11.9,degC,10.4312,59.2782
SN27120,2022-05-01 06:00:00+00:00,mean(air_temperature P1M),10.8,degC,10.3847,59.4283
SN27162,2022-05-01 06:00:00+00:00,mean(air_temperature P1M),11.6,degC,10.46,59.3563
SN27316,2022-05-01 06:00:00+00:00,mean(air_temperature P1M),11.3,degC,10.2692,59.371
SN27272,2022-05-01 06:00:00+00:00,mean(air_temperature P1M),11.5,degC,10.4275,59.2937
SN27420,2022-05-01 06:00:00+00:00,mean(air_temperature P1M),11.3,degC,10.398,59.1205
SN27214,2022-05-01 06:00:00+00:00,mean(air_temperature P1M),11.1,degC,10.2799816,59.4109629
SN27433,2022-05-01 06:00:00+00:00,mean(air_temperature P1M),11.4,degC,10.3655,59.1745
SN27281,2022-05-01 06:00:00+00:00,mean(air_temperature P1M),11.3,degC,10.3957,59.3173
SN27282,2022-05-01 06:00:00+00:00,mean(air_temperature P1M),11.0,degC,10.3603,59.2632
SN27403,2022-05-01 06:00:00+00:00,mean(air_temperature P1M),11.5,degC,10.45442,59.2084
SN27460,2022-05-01 06:00:00+00:00,mean(air_temperature P1M),11.3,degC,10.4103,59.2173
SN27315,2022-05-01 06:00:00+00:00,mean(air_temperature P1M),11.5,degC,10.2397,59.3808
SN27780,2022-05-01 06:00:00+00:00,mean(air_temperature P1M),11.3,degC,10.1250557,59.045747
SN27330,2022-05-01 06:00:00+00:00,mean(air_temperature P1M),11.1,degC,10.2983,59.2938
SN27261,2022-05-01 06:00:00+00:00,mean(air_temperature P1M),11.8,degC,10.4985,59.2625
SN27406,2022-05-01 06:00:00+00:00,mean(air_temperature P1M),11.5,degC,10.4238,59.169
SN27271,2022-05-01 06:00:00+00:00,mean(air_temperature P1M),11.9,degC,10.4019,59.27
SN27160,2022-05-01 06:00:00+00:00,mean(air_temperature P1M),11.3,degC,10.4647,59.4198
SN27400,2022-05-01 06:00:00+00:00,mean(air_temperature P1M),11.9,degC,10.45604,59.23662
SN27435,2022-05-01 06:00:00+00:00,mean(air_temperature P1M),11.4,degC,10.4023,59.2417
SN27318,2022-05-01 06:00:00+00:00,mean(air_temperature P1M),11.1,degC,10.3672,59.363
SN27212,2022-05-01 06:00:00+00:00,mean(air_temperature P1M),11.1,degC,10.2087,59.4173
SN27450,2022-05-01 06:00:00+00:00,mean(air_temperature P1M),11.3,degC,10.345751,59.229738
SN27161,2022-05-01 06:00:00+00:00,mean(air_temperature P1M),11.4,degC,10.3985,59.3845
SN27470,2022-05-01 06:00:00+00:00,mean(air_temperature P1M),11.1,degC,10.2553,59.1845
SN27271,2022-06-01 06:00:00+00:00,mean(air_temperature P1M),16.9,degC,10.4019,59.27
SN27160,2022-06-01 06:00:00+00:00,mean(air_temperature P1M),16.1,degC,10.4647,59.4198
SN27403,2022-06-01 06:00:00+00:00,mean(air_temperature P1M),16.1,degC,10.45442,59.2084
SN27460,2022-06-01 06:00:00+00:00,mean(air_temperature P1M),15.7,degC,10.4103,59.2173
SN27406,2022-06-01 06:00:00+00:00,mean(air_temperature P1M),16.2,degC,10.4238,59.169
SN27315,2022-06-01 06:00:00+00:00,mean(air_temperature P1M),16.2,degC,10.2397,59.3808
SN27318,2022-06-01 06:00:00+00:00,mean(air_temperature P1M),15.9,degC,10.3672,59.363
SN27435,2022-06-01 06:00:00+00:00,mean(air_temperature P1M),16.1,degC,10.4023,59.2417
SN27261,2022-06-01 06:00:00+00:00,mean(air_temperature P1M),16.5,degC,10.4985,59.2625
SN27161,2022-06-01 06:00:00+00:00,mean(air_temperature P1M),16.1,degC,10.3985,59.3845
SN27450,2022-06-01 06:00:00+00:00,mean(air_temperature P1M),16.1,degC,10.345751,59.229738
SN27420,2022-06-01 06:00:00+00:00,mean(air_temperature P1M),15.9,degC,10.398,59.1205
SN27272,2022-06-01 06:00:00+00:00,mean(air_temperature P1M),16.2,degC,10.4275,59.2937
SN27270,2022-06-01 06:00:00+00:00,mean(air_temperature P1M),16.7,degC,10.4312,59.2782
SN27214,2022-06-01 06:00:00+00:00,mean(air_temperature P1M),16.3,degC,10.2799816,59.4109629
SN27316,2022-06-01 06:00:00+00:00,mean(air_temperature P1M),16.1,degC,10.2692,59.371
SN27400,2022-06-01 06:00:00+00:00,mean(air_temperature P1M),16.6,degC,10.45604,59.23662
SN27330,2022-06-01 06:00:00+00:00,mean(air_temperature P1M),15.9,degC,10.2983,59.2938
SN27120,2022-06-01 06:00:00+00:00,mean(air_temperature P1M),15.6,degC,10.3847,59.4283
SN27162,2022-06-01 06:00:00+00:00,mean(air_temperature P1M),16.3,degC,10.46,59.3563
SN27281,2022-06-01 06:00:00+00:00,mean(air_temperature P1M),16.2,degC,10.3957,59.3173
SN27282,2022-06-01 06:00:00+00:00,mean(air_temperature P1M),15.9,degC,10.3603,59.2632
SN27470,2022-06-01 06:00:00+00:00,mean(air_temperature P1M),15.8,degC,10.2553,59.1845
SN27433,2022-06-01 06:00:00+00:00,mean(air_temperature P1M),16.1,degC,10.3655,59.1745
SN27212,2022-06-01 06:00:00+00:00,mean(air_temperature P1M),15.9,degC,10.2087,59.4173
SN27780,2022-06-01 06:00:00+00:00,mean(air_temperature P1M),15.6,degC,10.1250557,59.045747
SN27316,2022-07-01 06:00:00+00:00,mean(air_temperature P1M),17.2,degC,10.2692,59.371
SN27435,2022-07-01 06:00:00+00:00,mean(air_temperature P1M),17.4,degC,10.4023,59.2417
SN27450,2022-07-01 06:00:00+00:00,mean(air_temperature P1M),17.3,degC,10.345751,59.229738
SN27318,2022-07-01 06:00:00+00:00,mean(air_temperature P1M),16.8,degC,10.3672,59.363
SN27120,2022-07-01 06:00:00+00:00,mean(air_temperature P1M),16.6,degC,10.3847,59.4283
SN27212,2022-07-01 06:00:00+00:00,mean(air_temperature P1M),16.9,degC,10.2087,59.4173
SN27161,2022-07-01 06:00:00+00:00,mean(air_temperature P1M),17.1,degC,10.3985,59.3845
SN27162,2022-07-01 06:00:00+00:00,mean(air_temperature P1M),17.4,degC,10.46,59.3563
SN27272,2022-07-01 06:00:00+00:00,mean(air_temperature P1M),17.2,degC,10.4275,59.2937
SN27281,2022-07-01 06:00:00+00:00,mean(air_temperature P1M),17.3,degC,10.3957,59.3173
SN27261,2022-07-01 06:00:00+00:00,mean(air_temperature P1M),17.8,degC,10.4985,59.2625
SN27270,2022-07-01 06:00:00+00:00,mean(air_temperature P1M),17.8,degC,10.4312,59.2782
SN27214,2022-07-01 06:00:00+00:00,mean(air_temperature P1M),17.0,degC,10.2799816,59.4109629
SN27406,2022-07-01 06:00:00+00:00,mean(air_temperature P1M),17.5,degC,10.4238,59.169
SN27420,2022-07-01 06:00:00+00:00,mean(air_temperature P1M),17.2,degC,10.398,59.1205
SN27470,2022-07-01 06:00:00+00:00,mean(air_temperature P1M),17.0,degC,10.2553,59.1845
SN27433,2022-07-01 06:00:00+00:00,mean(air_temperature P1M),17.4,degC,10.3655,59.1745
SN27780,2022-07-01 06:00:00+00:00,mean(air_temperature P1M),17.1,degC,10.1250557,59.045747
SN27403,2022-07-01 06:00:00+00:00,mean(air_temperature P1M),17.5,degC,10.45442,59.2084
SN27160,2022-07-01 06:00:00+00:00,mean(air_temperature P1M),17.2,degC,10.4647,59.4198
SN27460,2022-07-01 06:00:00+00:00,mean(air_temperature P1M),16.8,degC,10.4103,59.2173
SN27271,2022-07-01 06:00:00+00:00,mean(air_temperature P1M),17.9,degC,10.4019,59.27
SN27282,2022-07-01 06:00:00+00:00,mean(air_temperature P1M),16.9,degC,10.3603,59.2632
SN27315,2022-07-01 06:00:00+00:00,mean(air_temperature P1M),17.3,degC,10.2397,59.3808
SN27330,2022-07-01 06:00:00+00:00,mean(air_temperature P1M),16.9,degC,10.2983,59.2938
SN27400,2022-07-01 06:00:00+00:00,mean(air_temperature P1M),17.8,degC,10.45604,59.23662
SN27460,2022-08-01 06:00:00+00:00,mean(air_temperature P1M),16.5,degC,10.4103,59.2173
SN27316,2022-08-01 06:00:00+00:00,mean(air_temperature P1M),16.8,degC,10.2692,59.371
SN27282,2022-08-01 06:00:00+00:00,mean(air_temperature P1M),16.4,degC,10.3603,59.2632
SN27433,2022-08-01 06:00:00+00:00,mean(air_temperature P1M),17.4,degC,10.3655,59.1745
SN27400,2022-08-01 06:00:00+00:00,mean(air_temperature P1M),17.5,degC,10.45604,59.23662
SN27162,2022-08-01 06:00:00+00:00,mean(air_temperature P1M),17.6,degC,10.46,59.3563
SN27214,2022-08-01 06:00:00+00:00,mean(air_temperature P1M),16.8,degC,10.2799816,59.4109629
SN27261,2022-08-01 06:00:00+00:00,mean(air_temperature P1M),17.8,degC,10.4985,59.2625
SN27272,2022-08-01 06:00:00+00:00,mean(air_temperature P1M),16.9,degC,10.4275,59.2937
SN27406,2022-08-01 06:00:00+00:00,mean(air_temperature P1M),17.4,degC,10.4238,59.169
SN27161,2022-08-01 06:00:00+00:00,mean(air_temperature P1M),17.2,degC,10.3985,59.3845
SN27780,2022-08-01 06:00:00+00:00,mean(air_temperature P1M),17.0,degC,10.1250557,59.045747
SN27212,2022-08-01 06:00:00+00:00,mean(air_temperature P1M),16.7,degC,10.2087,59.4173
SN27318,2022-08-01 06:00:00+00:00,mean(air_temperature P1M),16.6,degC,10.3672,59.363
SN27270,2022-08-01 06:00:00+00:00,mean(air_temperature P1M),17.3,degC,10.4312,59.2782
SN27330,2022-08-01 06:00:00+00:00,mean(air_temperature P1M),16.6,degC,10.2983,59.2938
SN27160,2022-08-01 06:00:00+00:00,mean(air_temperature P1M),17.3,degC,10.4647,59.4198
SN27435,2022-08-01 06:00:00+00:00,mean(air_temperature P1M),17.1,degC,10.4023,59.2417
SN27450,2022-08-01 06:00:00+00:00,mean(air_temperature P1M),17.0,degC,10.345751,59.229738
SN27120,2022-08-01 06:00:00+00:00,mean(air_temperature P1M),16.2,degC,10.3847,59.4283
SN27420,2022-08-01 06:00:00+00:00,mean(air_temperature P1M),17.2,degC,10.398,59.1205
SN27315,2022-08-01 06:00:00+00:00,mean(air_temperature P1M),16.8,degC,10.2397,59.3808
SN27470,2022-08-01 06:00:00+00:00,mean(air_temperature P1M),17.0,degC,10.2553,59.1845
SN27403,2022-08-01 06:00:00+00:00,mean(air_temperature P1M),17.2,degC,10.45442,59.2084
SN27271,2022-08-01 06:00:00+00:00,mean(air_temperature P1M),17.7,degC,10.4019,59.27
SN27281,2022-08-01 06:00:00+00:00,mean(air_temperature P1M),17.0,degC,10.3957,59.3173
SN27271,2022-09-01 06:00:00+00:00,mean(air_temperature P1M),12.8,degC,10.4019,59.27
SN27160,2022-09-01 06:00:00+00:00,mean(air_temperature P1M),12.7,degC,10.4647,59.4198
SN27433,2022-09-01 06:00:00+00:00,mean(air_temperature P1M),13.1,degC,10.3655,59.1745
SN27460,2022-09-01 06:00:00+00:00,mean(air_temperature P1M),12.1,degC,10.4103,59.2173
SN27316,2022-09-01 06:00:00+00:00,mean(air_temperature P1M),11.8,degC,10.2692,59.371
SN27161,2022-09-01 06:00:00+00:00,mean(air_temperature P1M),12.3,degC,10.3985,59.3845
SN27212,2022-09-01 06:00:00+00:00,mean(air_temperature P1M),11.7,degC,10.2087,59.4173
SN27120,2022-09-01 06:00:00+00:00,mean(air_temperature P1M),11.5,degC,10.3847,59.4283
SN27281,2022-09-01 06:00:00+00:00,mean(air_temperature P1M),12.1,degC,10.3957,59.3173
SN27420,2022-09-01 06:00:00+00:00,mean(air_temperature P1M),13.0,degC,10.398,59.1205
SN27403,2022-09-01 06:00:00+00:00,mean(air_temperature P1M),13.0,degC,10.45442,59.2084
SN27400,2022-09-01 06:00:00+00:00,mean(air_temperature P1M),13.1,degC,10.45604,59.23662
SN27470,2022-09-01 06:00:00+00:00,mean(air_temperature P1M),12.3,degC,10.2553,59.1845
SN27315,2022-09-01 06:00:00+00:00,mean(air_temperature P1M),12.1,degC,10.2397,59.3808
SN27318,2022-09-01 06:00:00+00:00,mean(air_temperature P1M),11.9,degC,10.3672,59.363
SN27270,2022-09-01 06:00:00+00:00,mean(air_temperature P1M),12.6,degC,10.4312,59.2782
SN27282,2022-09-01 06:00:00+00:00,mean(air_temperature P1M),11.6,degC,10.3603,59.2632
SN27162,2022-09-01 06:00:00+00:00,mean(air_temperature P1M),13.0,degC,10.46,59.3563
SN27272,2022-09-01 06:00:00+00:00,mean(air_temperature P1M),12.2,degC,10.4275,59.2937
SN27435,2022-09-01 06:00:00+00:00,mean(air_temperature P1M),12.6,degC,10.4023,59.2417
SN27450,2022-09-01 06:00:00+00:00,mean(air_temperature P1M),12.5,degC,10.345751,59.229738
SN27214,2022-09-01 06:00:00+00:00,mean(air_temperature P1M),11.9,degC,10.2799816,59.4109629
SN27330,2022-09-01 06:00:00+00:00,mean(air_temperature P1M),11.9,degC,10.2983,59.2938
SN27261,2022-09-01 06:00:00+00:00,mean(air_temperature P1M),13.4,degC,10.4985,59.2625
SN27780,2022-09-01 06:00:00+00:00,mean(air_temperature P1M),12.8,degC,10.1250557,59.045747
SN27406,2022-09-01 06:00:00+00:00,mean(air_temperature P1M),13.0,degC,10.4238,59.169
SN27420,2022-10-01 06:00:00+00:00,mean(air_temperature P1M),9.3,degC,10.398,59.1205
SN27318,2022-10-01 06:00:00+00:00,mean(air_temperature P1M),8.0,degC,10.3672,59.363
SN27120,2022-10-01 06:00:00+00:00,mean(air_temperature P1M),7.8,degC,10.3847,59.4283
SN27460,2022-10-01 06:00:00+00:00,mean(air_temperature P1M),8.7,degC,10.4103,59.2173
SN27315,2022-10-01 06:00:00+00:00,mean(air_temperature P1M),8.1,degC,10.2397,59.3808
SN27160,2022-10-01 06:00:00+00:00,mean(air_temperature P1M),8.7,degC,10.4647,59.4198
SN27282,2022-10-01 06:00:00+00:00,mean(air_temperature P1M),7.8,degC,10.3603,59.2632
SN27162,2022-10-01 06:00:00+00:00,mean(air_temperature P1M),8.9,degC,10.46,59.3563
SN27403,2022-10-01 06:00:00+00:00,mean(air_temperature P1M),9.2,degC,10.45442,59.2084
SN27271,2022-10-01 06:00:00+00:00,mean(air_temperature P1M),9.0,degC,10.4019,59.27
SN27435,2022-10-01 06:00:00+00:00,mean(air_temperature P1M),8.7,degC,10.4023,59.2417
SN27433,2022-10-01 06:00:00+00:00,mean(air_temperature P1M),9.4,degC,10.3655,59.1745
SN27161,2022-10-01 06:00:00+00:00,mean(air_temperature P1M),8.2,degC,10.3985,59.3845
SN27261,2022-10-01 06:00:00+00:00,mean(air_temperature P1M),9.5,degC,10.4985,59.2625
SN27212,2022-10-01 06:00:00+00:00,mean(air_temperature P1M),7.8,degC,10.2087,59.4173
SN27450,2022-10-01 06:00:00+00:00,mean(air_temperature P1M),8.7,degC,10.345751,59.229738
SN27270,2022-10-01 06:00:00+00:00,mean(air_temperature P1M),8.8,degC,10.4312,59.2782
SN27316,2022-10-01 06:00:00+00:00,mean(air_temperature P1M),7.8,degC,10.2692,59.371
SN27470,2022-10-01 06:00:00+00:00,mean(air_temperature P1M),8.7,degC,10.2553,59.1845
SN27214,2022-10-01 06:00:00+00:00,mean(air_temperature P1M),7.8,degC,10.2799816,59.4109629
SN27272,2022-10-01 06:00:00+00:00,mean(air_temperature P1M),8.3,degC,10.4275,59.2937
SN27400,2022-10-01 06:00:00+00:00,mean(air_temperature P1M),9.3,degC,10.45604,59.23662
SN27780,2022-10-01 06:00:00+00:00,mean(air_temperature P1M),9.2,degC,10.1250557,59.045747
SN27330,2022-10-01 06:00:00+00:00,mean(air_temperature P1M),8.0,degC,10.2983,59.2938
SN27281,2022-10-01 06:00:00+00:00,mean(air_temperature P1M),8.2,degC,10.3957,59.3173
SN27406,2022-10-01 06:00:00+00:00,mean(air_temperature P1M),9.4,degC,10.4238,59.169
SN27330,2022-11-01 06:00:00+00:00,mean(air_temperature P1M),5.5,degC,10.2983,59.2938
SN27470,2022-11-01 06:00:00+00:00,mean(air_temperature P1M),5.7,degC,10.2553,59.1845
SN27316,2022-11-01 06:00:00+00:00,mean(air_temperature P1M),5.1,degC,10.2692,59.371
SN27460,2022-11-01 06:00:00+00:00,mean(air_temperature P1M),6.2,degC,10.4103,59.2173
SN27282,2022-11-01 06:00:00+00:00,mean(air_temperature P1M),5.5,degC,10.3603,59.2632
SN27162,2022-11-01 06:00:00+00:00,mean(air_temperature P1M),5.9,degC,10.46,59.3563
SN27214,2022-11-01 06:00:00+00:00,mean(air_temperature P1M),4.9,degC,10.2799816,59.4109629
SN27261,2022-11-01 06:00:00+00:00,mean(air_temperature P1M),6.8,degC,10.4985,59.2625
SN27161,2022-11-01 06:00:00+00:00,mean(air_temperature P1M),5.4,degC,10.3985,59.3845
SN27272,2022-11-01 06:00:00+00:00,mean(air_temperature P1M),5.7,degC,10.4275,59.2937
SN27212,2022-11-01 06:00:00+00:00,mean(air_temperature P1M),4.8,degC,10.2087,59.4173
SN27160,2022-11-01 06:00:00+00:00,mean(air_temperature P1M),5.5,degC,10.4647,59.4198
SN27271,2022-11-01 06:00:00+00:00,mean(air_temperature P1M),6.2,degC,10.4019,59.27
SN27315,2022-11-01 06:00:00+00:00,mean(air_temperature P1M),5.3,degC,10.2397,59.3808
SN27406,2022-11-01 06:00:00+00:00,mean(air_temperature P1M),6.8,degC,10.4238,59.169
SN27120,2022-11-01 06:00:00+00:00,mean(air_temperature P1M),5.1,degC,10.3847,59.4283
SN27400,2022-11-01 06:00:00+00:00,mean(air_temperature P1M),6.6,degC,10.45604,59.23662
SN27420,2022-11-01 06:00:00+00:00,mean(air_temperature P1M),6.7,degC,10.398,59.1205
SN27433,2022-11-01 06:00:00+00:00,mean(air_temperature P1M),6.6,degC,10.3655,59.1745
SN27318,2022-11-01 06:00:00+00:00,mean(air_temperature P1M),5.4,degC,10.3672,59.363
SN27281,2022-11-01 06:00:00+00:00,mean(air_temperature P1M),5.6,degC,10.3957,59.3173
SN27270,2022-11-01 06:00:00+00:00,mean(air_temperature P1M),6.2,degC,10.4312,59.2782
SN27435,2022-11-01 06:00:00+00:00,mean(air_temperature P1M),6.1,degC,10.4023,59.2417
SN27780,2022-11-01 06:00:00+00:00,mean(air_temperature P1M),6.6,degC,10.1250557,59.045747
SN27450,2022-11-01 06:00:00+00:00,mean(air_temperature P1M),6.0,degC,10.345751,59.229738
SN27403,2022-11-01 06:00:00+00:00,mean(air_temperature P1M),6.8,degC,10.45442,59.2084
SN27212,2022-12-01 06:00:00+00:00,mean(air_temperature P1M),-4.3,degC,10.2087,59.4173
SN27450,2022-12-01 06:00:00+00:00,mean(air_temperature P1M),-3.1,degC,10.345751,59.229738
SN27282,2022-12-01 06:00:00+00:00,mean(air_temperature P1M),-3.8,degC,10.3603,59.2632
SN27406,2022-12-01 06:00:00+00:00,mean(air_temperature P1M),-1.9,degC,10.4238,59.169
SN27271,2022-12-01 06:00:00+00:00,mean(air_temperature P1M),-2.4,degC,10.4019,59.27
SN27470,2022-12-01 06:00:00+00:00,mean(air_temperature P1M),-3.1,degC,10.2553,59.1845
SN27460,2022-12-01 06:00:00+00:00,mean(air_temperature P1M),-2.9,degC,10.4103,59.2173
SN27162,2022-12-01 06:00:00+00:00,mean(air_temperature P1M),-2.6,degC,10.46,59.3563
SN27420,2022-12-01 06:00:00+00:00,mean(air_temperature P1M),-1.8,degC,10.398,59.1205
SN27270,2022-12-01 06:00:00+00:00,mean(air_temperature P1M),-3.0,degC,10.4312,59.2782
SN27160,2022-12-01 06:00:00+00:00,mean(air_temperature P1M),-2.8,degC,10.4647,59.4198
SN27400,2022-12-01 06:00:00+00:00,mean(air_temperature P1M),-2.1,degC,10.45604,59.23662
SN27315,2022-12-01 06:00:00+00:00,mean(air_temperature P1M),-3.9,degC,10.2397,59.3808
SN27433,2022-12-01 06:00:00+00:00,mean(air_temperature P1M),-2.0,degC,10.3655,59.1745
SN27281,2022-12-01 06:00:00+00:00,mean(air_temperature P1M),-3.7,degC,10.3957,59.3173
SN27316,2022-12-01 06:00:00+00:00,mean(air_temperature P1M),-4.3,degC,10.2692,59.371
SN27120,2022-12-01 06:00:00+00:00,mean(air_temperature P1M),-3.9,degC,10.3847,59.4283
SN27435,2022-12-01 06:00:00+00:00,mean(air_temperature P1M),-2.9,degC,10.4023,59.2417
SN27161,2022-12-01 06:00:00+00:00,mean(air_temperature P1M),-3.3,degC,10.3985,59.3845
SN27272,2022-12-01 06:00:00+00:00,mean(air_temperature P1M),-3.1,degC,10.4275,59.2937
SN27214,2022-12-01 06:00:00+00:00,mean(air_temperature P1M),-4.1,degC,10.2799816,59.4109629
SN27780,2022-12-01 06:00:00+00:00,mean(air_temperature P1M),-2.3,degC,10.1250557,59.045747
SN27403,2022-12-01 06:00:00+00:00,mean(air_temperature P1M),-2.2,degC,10.45442,59.2084
SN27318,2022-12-01 06:00:00+00:00,mean(air_temperature P1M),-3.8,degC,10.3672,59.363
SN27330,2022-12-01 06:00:00+00:00,mean(air_temperature P1M),-3.6,degC,10.2983,59.2938
SN27261,2022-12-01 06:00:00+00:00,mean(air_temperature P1M),-1.8,degC,10.4985,59.2625
SN27270,2023-01-01 06:00:00+00:00,mean(air_temperature P1M),0.1,degC,10.4312,59.2782
SN27420,2023-01-01 06:00:00+00:00,mean(air_temperature P1M),0.9,degC,10.398,59.1205
SN27160,2023-01-01 06:00:00+00:00,mean(air_temperature P1M),-0.5,degC,10.4647,59.4198
SN27212,2023-01-01 06:00:00+00:00,mean(air_temperature P1M),-1.8,degC,10.2087,59.4173
SN27214,2023-01-01 06:00:00+00:00,mean(air_temperature P1M),-1.4,degC,10.2799816,59.4109629
SN27261,2023-01-01 06:00:00+00:00,mean(air_temperature P1M),0.7,degC,10.4985,59.2625
SN27780,2023-01-01 06:00:00+00:00,mean(air_temperature P1M),0.6,degC,10.1250557,59.045747
SN27162,2023-01-01 06:00:00+00:00,mean(air_temperature P1M),0.0,degC,10.46,59.3563
SN27282,2023-01-01 06:00:00+00:00,mean(air_temperature P1M),-0.8,degC,10.3603,59.2632
SN27316,2023-01-01 06:00:00+00:00,mean(air_temperature P1M),-1.6,degC,10.2692,59.371
SN27315,2023-01-01 06:00:00+00:00,mean(air_temperature P1M),-1.3,degC,10.2397,59.3808
SN27120,2023-01-01 06:00:00+00:00,mean(air_temperature P1M),-1.4,degC,10.3847,59.4283
SN27435,2023-01-01 06:00:00+00:00,mean(air_temperature P1M),0.1,degC,10.4023,59.2417
SN27470,2023-01-01 06:00:00+00:00,mean(air_temperature P1M),-0.2,degC,10.2553,59.1845
SN27330,2023-01-01 06:00:00+00:00,mean(air_temperature P1M),-0.6,degC,10.2983,59.2938
SN27161,2023-01-01 06:00:00+00:00,mean(air_temperature P1M),-0.8,degC,10.3985,59.3845
SN27406,2023-01-01 06:00:00+00:00,mean(air_temperature P1M),0.8,degC,10.4238,59.169
SN27271,2023-01-01 06:00:00+00:00,mean(air_temperature P1M),0.4,degC,10.4019,59.27
SN27450,2023-01-01 06:00:00+00:00,mean(air_temperature P1M),-0.1,degC,10.345751,59.229738
SN27433,2023-01-01 06:00:00+00:00,mean(air_temperature P1M),0.6,degC,10.3655,59.1745
SN27460,2023-01-01 06:00:00+00:00,mean(air_temperature P1M),0.2,degC,10.4103,59.2173
SN27272,2023-01-01 06:00:00+00:00,mean(air_temperature P1M),-0.3,degC,10.4275,59.2937
SN27281,2023-01-01 06:00:00+00:00,mean(air_temperature P1M),-0.7,degC,10.3957,59.3173
SN27403,2023-01-01 06:00:00+00:00,mean(air_temperature P1M),0.7,degC,10.45442,59.2084
SN27318,2023-01-01 06:00:00+00:00,mean(air_temperature P1M),-1.0,degC,10.3672,59.363
SN27400,2023-01-01 06:00:00+00:00,mean(air_temperature P1M),0.6,degC,10.45604,59.23662
SN27214,2023-02-01 00:00:00+00:00,mean(air_temperature P1M),0.5,degC,10.2799816,59.4109629
SN27281,2023-02-01 06:00:00+00:00,mean(air_temperature P1M),0.8,degC,10.3957,59.3173
SN27460,2023-02-01 06:00:00+00:00,mean(air_temperature P1M),1.4,degC,10.4103,59.2173
SN27270,2023-02-01 06:00:00+00:00,mean(air_temperature P1M),1.2,degC,10.4312,59.2782
SN27318,2023-02-01 06:00:00+00:00,mean(air_temperature P1M),0.3,degC,10.3672,59.363
SN27212,2023-02-01 06:00:00+00:00,mean(air_temperature P1M),0.2,degC,10.2087,59.4173
SN27282,2023-02-01 06:00:00+00:00,mean(air_temperature P1M),0.4,degC,10.3603,59.2632
SN27316,2023-02-01 06:00:00+00:00,mean(air_temperature P1M),0.0,degC,10.2692,59.371
SN27162,2023-02-01 06:00:00+00:00,mean(air_temperature P1M),1.6,degC,10.46,59.3563
SN27780,2023-02-01 06:00:00+00:00,mean(air_temperature P1M),2.5,degC,10.1250557,59.045747
SN27420,2023-02-01 06:00:00+00:00,mean(air_temperature P1M),2.4,degC,10.398,59.1205
SN27400,2023-02-01 06:00:00+00:00,mean(air_temperature P1M),1.9,degC,10.45604,59.23662
SN27330,2023-02-01 06:00:00+00:00,mean(air_temperature P1M),0.8,degC,10.2983,59.2938
SN27450,2023-02-01 06:00:00+00:00,mean(air_temperature P1M),1.4,degC,10.345751,59.229738
SN27315,2023-02-01 06:00:00+00:00,mean(air_temperature P1M),0.5,degC,10.2397,59.3808
SN27161,2023-02-01 06:00:00+00:00,mean(air_temperature P1M),0.8,degC,10.3985,59.3845
SN27403,2023-02-01 06:00:00+00:00,mean(air_temperature P1M),2.2,degC,10.45442,59.2084
SN27470,2023-02-01 06:00:00+00:00,mean(air_temperature P1M),2.0,degC,10.2553,59.1845
SN27160,2023-02-01 06:00:00+00:00,mean(air_temperature P1M),1.4,degC,10.4647,59.4198
SN27261,2023-02-01 06:00:00+00:00,mean(air_temperature P1M),2.1,degC,10.4985,59.2625
SN27435,2023-02-01 06:00:00+00:00,mean(air_temperature P1M),1.4,degC,10.4023,59.2417
SN27120,2023-02-01 06:00:00+00:00,mean(air_temperature P1M),-0.1,degC,10.3847,59.4283
SN27271,2023-02-01 06:00:00+00:00,mean(air_temperature P1M),1.6,degC,10.4019,59.27
SN27406,2023-02-01 06:00:00+00:00,mean(air_temperature P1M),2.3,degC,10.4238,59.169
SN27433,2023-02-01 06:00:00+00:00,mean(air_temperature P1M),2.3,degC,10.3655,59.1745
SN27272,2023-02-01 06:00:00+00:00,mean(air_temperature P1M),1.1,degC,10.4275,59.2937
SN27160,2023-03-01 06:00:00+00:00,mean(air_temperature P1M),0.3,degC,10.4647,59.4198
SN27272,2023-03-01 06:00:00+00:00,mean(air_temperature P1M),0.2,degC,10.4275,59.2937
SN27316,2023-03-01 06:00:00+00:00,mean(air_temperature P1M),-0.7,degC,10.2692,59.371
SN27406,2023-03-01 06:00:00+00:00,mean(air_temperature P1M),0.8,degC,10.4238,59.169
SN27282,2023-03-01 06:00:00+00:00,mean(air_temperature P1M),-0.5,degC,10.3603,59.2632
SN27330,2023-03-01 06:00:00+00:00,mean(air_temperature P1M),-0.4,degC,10.2983,59.2938
SN27214,2023-03-01 06:00:00+00:00,mean(air_temperature P1M),-0.6,degC,10.2799816,59.4109629
SN27161,2023-03-01 06:00:00+00:00,mean(air_temperature P1M),-0.1,degC,10.3985,59.3845
SN27433,2023-03-01 06:00:00+00:00,mean(air_temperature P1M),0.8,degC,10.3655,59.1745
SN27450,2023-03-01 06:00:00+00:00,mean(air_temperature P1M),0.0,degC,10.345751,59.229738
SN27780,2023-03-01 06:00:00+00:00,mean(air_temperature P1M),0.7,degC,10.1250557,59.045747
SN27315,2023-03-01 06:00:00+00:00,mean(air_temperature P1M),-0.3,degC,10.2397,59.3808
SN27270,2023-03-01 06:00:00+00:00,mean(air_temperature P1M),0.4,degC,10.4312,59.2782
SN27318,2023-03-01 06:00:00+00:00,mean(air_temperature P1M),-0.7,degC,10.3672,59.363
SN27403,2023-03-01 06:00:00+00:00,mean(air_temperature P1M),0.7,degC,10.45442,59.2084
SN27261,2023-03-01 06:00:00+00:00,mean(air_temperature P1M),1.1,degC,10.4985,59.2625
SN27281,2023-03-01 06:00:00+00:00,mean(air_temperature P1M),-0.3,degC,10.3957,59.3173
SN27460,2023-03-01 06:00:00+00:00,mean(air_temperature P1M),0.2,degC,10.4103,59.2173
SN27271,2023-03-01 06:00:00+00:00,mean(air_temperature P1M),0.5,degC,10.4019,59.27
SN27212,2023-03-01 06:00:00+00:00,mean(air_temperature P1M),-0.9,degC,10.2087,59.4173
SN27435,2023-03-01 06:00:00+00:00,mean(air_temperature P1M),0.2,degC,10.4023,59.2417
SN27470,2023-03-01 06:00:00+00:00,mean(air_temperature P1M),0.2,degC,10.2553,59.1845
SN27420,2023-03-01 06:00:00+00:00,mean(air_temperature P1M),0.9,degC,10.398,59.1205
SN27162,2023-03-01 06:00:00+00:00,mean(air_temperature P1M),0.5,degC,10.46,59.3563
SN27400,2023-03-01 06:00:00+00:00,mean(air_temperature P1M),0.8,degC,10.45604,59.23662
SN27120,2023-03-01 06:00:00+00:00,mean(air_temperature P1M),-1.3,degC,10.3847,59.4283
SN27161,2023-04-01 06:00:00+00:00,mean(air_temperature P1M),5.9,degC,10.3985,59.3845
SN27433,2023-04-01 06:00:00+00:00,mean(air_temperature P1M),6.4,degC,10.3655,59.1745
SN27460,2023-04-01 06:00:00+00:00,mean(air_temperature P1M),5.9,degC,10.4103,59.2173
SN27270,2023-04-01 06:00:00+00:00,mean(air_temperature P1M),6.2,degC,10.4312,59.2782
SN27316,2023-04-01 06:00:00+00:00,mean(air_temperature P1M),5.5,degC,10.2692,59.371
SN27271,2023-04-01 06:00:00+00:00,mean(air_temperature P1M),6.2,degC,10.4019,59.27
SN27403,2023-04-01 06:00:00+00:00,mean(air_temperature P1M),6.3,degC,10.45442,59.2084
SN27160,2023-04-01 06:00:00+00:00,mean(air_temperature P1M),5.9,degC,10.4647,59.4198
SN27318,2023-04-01 06:00:00+00:00,mean(air_temperature P1M),5.5,degC,10.3672,59.363
SN27261,2023-04-01 06:00:00+00:00,mean(air_temperature P1M),6.5,degC,10.4985,59.2625
SN27281,2023-04-01 06:00:00+00:00,mean(air_temperature P1M),5.7,degC,10.3957,59.3173
SN27470,2023-04-01 06:00:00+00:00,mean(air_temperature P1M),5.9,degC,10.2553,59.1845
SN27212,2023-04-01 06:00:00+00:00,mean(air_temperature P1M),4.8,degC,10.2087,59.4173
SN27162,2023-04-01 06:00:00+00:00,mean(air_temperature P1M),6.4,degC,10.46,59.3563
SN27400,2023-04-01 06:00:00+00:00,mean(air_temperature P1M),6.5,degC,10.45604,59.23662
SN27780,2023-04-01 06:00:00+00:00,mean(air_temperature P1M),6.3,degC,10.1250557,59.045747
SN27420,2023-04-01 06:00:00+00:00,mean(air_temperature P1M),6.5,degC,10.398,59.1205
SN27272,2023-04-01 06:00:00+00:00,mean(air_temperature P1M),6.2,degC,10.4275,59.2937
SN27120,2023-04-01 06:00:00+00:00,mean(air_temperature P1M),4.8,degC,10.3847,59.4283
SN27435,2023-04-01 06:00:00+00:00,mean(air_temperature P1M),6.2,degC,10.4023,59.2417
SN27406,2023-04-01 06:00:00+00:00,mean(air_temperature P1M),6.4,degC,10.4238,59.169
SN27282,2023-04-01 06:00:00+00:00,mean(air_temperature P1M),5.6,degC,10.3603,59.2632
SN27450,2023-04-01 06:00:00+00:00,mean(air_temperature P1M),5.9,degC,10.345751,59.229738
SN27330,2023-04-01 06:00:00+00:00,mean(air_temperature P1M),5.4,degC,10.2983,59.2938
SN27315,2023-04-01 06:00:00+00:00,mean(air_temperature P1M),5.7,degC,10.2397,59.3808
SN27214,2023-04-01 06:00:00+00:00,mean(air_temperature P1M),5.5,degC,10.2799816,59.4109629
SN27162,2023-05-01 06:00:00+00:00,mean(air_temperature P1M),11.7,degC,10.46,59.3563
SN27212,2023-05-01 06:00:00+00:00,mean(air_temperature P1M),11.0,degC,10.2087,59.4173
SN27406,2023-05-01 06:00:00+00:00,mean(air_temperature P1M),11.3,degC,10.4238,59.169
SN27271,2023-05-01 06:00:00+00:00,mean(air_temperature P1M),11.8,degC,10.4019,59.27
SN27460,2023-05-01 06:00:00+00:00,mean(air_temperature P1M),11.2,degC,10.4103,59.2173
SN27400,2023-05-01 06:00:00+00:00,mean(air_temperature P1M),11.8,degC,10.45604,59.23662
SN27270,2023-05-01 06:00:00+00:00,mean(air_temperature P1M),11.8,degC,10.4312,59.2782
SN27315,2023-05-01 06:00:00+00:00,mean(air_temperature P1M),11.5,degC,10.2397,59.3808
SN27214,2023-05-01 06:00:00+00:00,mean(air_temperature P1M),11.2,degC,10.2799816,59.4109629
SN27450,2023-05-01 06:00:00+00:00,mean(air_temperature P1M),11.3,degC,10.345751,59.229738
SN27433,2023-05-01 06:00:00+00:00,mean(air_temperature P1M),11.2,degC,10.3655,59.1745
SN27330,2023-05-01 06:00:00+00:00,mean(air_temperature P1M),11.8,degC,10.2983,59.2938
SN27780,2023-05-01 06:00:00+00:00,mean(air_temperature P1M),11.0,degC,10.1250557,59.045747
SN27261,2023-05-01 06:00:00+00:00,mean(air_temperature P1M),11.6,degC,10.4985,59.2625
SN27316,2023-05-01 06:00:00+00:00,mean(air_temperature P1M),11.2,degC,10.2692,59.371
SN27161,2023-05-01 06:00:00+00:00,mean(air_temperature P1M),11.5,degC,10.3985,59.3845
SN27282,2023-05-01 06:00:00+00:00,mean(air_temperature P1M),11.0,degC,10.3603,59.2632
SN27160,2023-05-01 06:00:00+00:00,mean(air_temperature P1M),11.4,degC,10.4647,59.4198
SN27420,2023-05-01 06:00:00+00:00,mean(air_temperature P1M),11.2,degC,10.398,59.1205
SN27318,2023-05-01 06:00:00+00:00,mean(air_temperature P1M),11.1,degC,10.3672,59.363
SN27281,2023-05-01 06:00:00+00:00,mean(air_temperature P1M),11.3,degC,10.3957,59.3173
SN27120,2023-05-01 06:00:00+00:00,mean(air_temperature P1M),10.5,degC,10.3847,59.4283
SN27403,2023-05-01 06:00:00+00:00,mean(air_temperature P1M),11.3,degC,10.45442,59.2084
SN27272,2023-05-01 06:00:00+00:00,mean(air_temperature P1M),11.5,degC,10.4275,59.2937
SN27435,2023-05-01 06:00:00+00:00,mean(air_temperature P1M),11.4,degC,10.4023,59.2417
SN27470,2023-05-01 06:00:00+00:00,mean(air_temperature P1M),11.1,degC,10.2553,59.1845
SN27272,2023-06-01 06:00:00+00:00,mean(air_temperature P1M),17.8,degC,10.4275,59.2937
SN27212,2023-06-01 06:00:00+00:00,mean(air_temperature P1M),17.6,degC,10.2087,59.4173
SN27435,2023-06-01 06:00:00+00:00,mean(air_temperature P1M),17.8,degC,10.4023,59.2417
SN27160,2023-06-01 06:00:00+00:00,mean(air_temperature P1M),17.9,degC,10.4647,59.4198
SN27270,2023-06-01 06:00:00+00:00,mean(air_temperature P1M),18.2,degC,10.4312,59.2782
SN27330,2023-06-01 06:00:00+00:00,mean(air_temperature P1M),18.8,degC,10.2983,59.2938
SN27316,2023-06-01 06:00:00+00:00,mean(air_temperature P1M),17.8,degC,10.2692,59.371
SN27214,2023-06-01 06:00:00+00:00,mean(air_temperature P1M),17.9,degC,10.2799816,59.4109629
SN27403,2023-06-01 06:00:00+00:00,mean(air_temperature P1M),17.8,degC,10.45442,59.2084
SN27460,2023-06-01 06:00:00+00:00,mean(air_temperature P1M),17.5,degC,10.4103,59.2173
SN27433,2023-06-01 06:00:00+00:00,mean(air_temperature P1M),17.6,degC,10.3655,59.1745
SN27261,2023-06-01 06:00:00+00:00,mean(air_temperature P1M),18.2,degC,10.4985,59.2625
SN27162,2023-06-01 06:00:00+00:00,mean(air_temperature P1M),18.2,degC,10.46,59.3563
SN27780,2023-06-01 06:00:00+00:00,mean(air_temperature P1M),17.3,degC,10.1250557,59.045747
SN27318,2023-06-01 06:00:00+00:00,mean(air_temperature P1M),17.5,degC,10.3672,59.363
SN27161,2023-06-01 06:00:00+00:00,mean(air_temperature P1M),17.9,degC,10.3985,59.3845
SN27315,2023-06-01 06:00:00+00:00,mean(air_temperature P1M),17.4,degC,10.2397,59.3808
SN27281,2023-06-01 06:00:00+00:00,mean(air_temperature P1M),17.9,degC,10.3957,59.3173
SN27271,2023-06-01 06:00:00+00:00,mean(air_temperature P1M),18.6,degC,10.4019,59.27
SN27282,2023-06-01 06:00:00+00:00,mean(air_temperature P1M),17.3,degC,10.3603,59.2632
SN27420,2023-06-01 06:00:00+00:00,mean(air_temperature P1M),17.5,degC,10.398,59.1205
SN27120,2023-06-01 06:00:00+00:00,mean(air_temperature P1M),17.2,degC,10.3847,59.4283
SN27470,2023-06-01 06:00:00+00:00,mean(air_temperature P1M),17.5,degC,10.2553,59.1845
SN27406,2023-06-01 06:00:00+00:00,mean(air_temperature P1M),17.7,degC,10.4238,59.169
SN27400,2023-06-01 06:00:00+00:00,mean(air_temperature P1M),18.3,degC,10.45604,59.23662
SN27450,2023-06-01 06:00:00+00:00,mean(air_temperature P1M),17.6,degC,10.345751,59.229738
SN27281,2023-07-01 06:00:00+00:00,mean(air_temperature P1M),16.0,degC,10.3957,59.3173
SN27212,2023-07-01 06:00:00+00:00,mean(air_temperature P1M),15.5,degC,10.2087,59.4173
SN27406,2023-07-01 06:00:00+00:00,mean(air_temperature P1M),16.2,degC,10.4238,59.169
SN27400,2023-07-01 06:00:00+00:00,mean(air_temperature P1M),16.8,degC,10.45604,59.23662
SN27214,2023-07-01 06:00:00+00:00,mean(air_temperature P1M),15.6,degC,10.2799816,59.4109629
SN27330,2023-07-01 06:00:00+00:00,mean(air_temperature P1M),16.6,degC,10.2983,59.2938
SN27160,2023-07-01 06:00:00+00:00,mean(air_temperature P1M),16.0,degC,10.4647,59.4198
SN27261,2023-07-01 06:00:00+00:00,mean(air_temperature P1M),16.7,degC,10.4985,59.2625
SN27282,2023-07-01 06:00:00+00:00,mean(air_temperature P1M),15.6,degC,10.3603,59.2632
SN27470,2023-07-01 06:00:00+00:00,mean(air_temperature P1M),16.1,degC,10.2553,59.1845
SN27315,2023-07-01 06:00:00+00:00,mean(air_temperature P1M),15.4,degC,10.2397,59.3808
SN27433,2023-07-01 06:00:00+00:00,mean(air_temperature P1M),16.2,degC,10.3655,59.1745
SN27403,2023-07-01 06:00:00+00:00,mean(air_temperature P1M),16.2,degC,10.45442,59.2084
SN27271,2023-07-01 06:00:00+00:00,mean(air_temperature P1M),17.0,degC,10.4019,59.27
SN27450,2023-07-01 06:00:00+00:00,mean(air_temperature P1M),15.9,degC,10.345751,59.229738
SN27270,2023-07-01 06:00:00+00:00,mean(air_temperature P1M),16.5,degC,10.4312,59.2782
SN27460,2023-07-01 06:00:00+00:00,mean(air_temperature P1M),15.8,degC,10.4103,59.2173
SN27435,2023-07-01 06:00:00+00:00,mean(air_temperature P1M),16.0,degC,10.4023,59.2417
SN27420,2023-07-01 06:00:00+00:00,mean(air_temperature P1M),16.0,degC,10.398,59.1205
SN27780,2023-07-01 06:00:00+00:00,mean(air_temperature P1M),15.8,degC,10.1250557,59.045747
SN27316,2023-07-01 06:00:00+00:00,mean(air_temperature P1M),15.8,degC,10.2692,59.371
SN27120,2023-07-01 06:00:00+00:00,mean(air_temperature P1M),15.5,degC,10.3847,59.4283
SN27272,2023-07-01 06:00:00+00:00,mean(air_temperature P1M),15.9,degC,10.4275,59.2937
SN27161,2023-07-01 06:00:00+00:00,mean(air_temperature P1M),15.9,degC,10.3985,59.3845
SN27318,2023-07-01 06:00:00+00:00,mean(air_temperature P1M),15.6,degC,10.3672,59.363
SN27162,2023-07-01 06:00:00+00:00,mean(air_temperature P1M),16.1,degC,10.46,59.3563
SN27272,2023-08-01 06:00:00+00:00,mean(air_temperature P1M),15.7,degC,10.4275,59.2937
SN27214,2023-08-01 06:00:00+00:00,mean(air_temperature P1M),15.5,degC,10.2799816,59.4109629
SN27330,2023-08-01 06:00:00+00:00,mean(air_temperature P1M),16.3,degC,10.2983,59.2938
SN27403,2023-08-01 06:00:00+00:00,mean(air_temperature P1M),16.3,degC,10.45442,59.2084
SN27160,2023-08-01 06:00:00+00:00,mean(air_temperature P1M),15.9,degC,10.4647,59.4198
SN27261,2023-08-01 06:00:00+00:00,mean(air_temperature P1M),16.6,degC,10.4985,59.2625
SN27420,2023-08-01 06:00:00+00:00,mean(air_temperature P1M),16.1,degC,10.398,59.1205
SN27460,2023-08-01 06:00:00+00:00,mean(air_temperature P1M),15.6,degC,10.4103,59.2173
SN27270,2023-08-01 06:00:00+00:00,mean(air_temperature P1M),16.4,degC,10.4312,59.2782
SN27780,2023-08-01 06:00:00+00:00,mean(air_temperature P1M),16.0,degC,10.1250557,59.045747
SN27161,2023-08-01 06:00:00+00:00,mean(air_temperature P1M),15.8,degC,10.3985,59.3845
SN27315,2023-08-01 06:00:00+00:00,mean(air_temperature P1M),15.4,degC,10.2397,59.3808
SN27212,2023-08-01 06:00:00+00:00,mean(air_temperature P1M),15.3,degC,10.2087,59.4173
SN27470,2023-08-01 06:00:00+00:00,mean(air_temperature P1M),16.4,degC,10.2553,59.1845
SN27450,2023-08-01 06:00:00+00:00,mean(air_temperature P1M),15.9,degC,10.345751,59.229738
SN27406,2023-08-01 06:00:00+00:00,mean(air_temperature P1M),16.3,degC,10.4238,59.169
SN27435,2023-08-01 06:00:00+00:00,mean(air_temperature P1M),16.0,degC,10.4023,59.2417
SN27316,2023-08-01 06:00:00+00:00,mean(air_temperature P1M),15.7,degC,10.2692,59.371
SN27162,2023-08-01 06:00:00+00:00,mean(air_temperature P1M),16.1,degC,10.46,59.3563
SN27433,2023-08-01 06:00:00+00:00,mean(air_temperature P1M),16.2,degC,10.3655,59.1745
SN27271,2023-08-01 06:00:00+00:00,mean(air_temperature P1M),16.9,degC,10.4019,59.27
SN27282,2023-08-01 06:00:00+00:00,mean(air_temperature P1M),15.5,degC,10.3603,59.2632
SN27120,2023-08-01 06:00:00+00:00,mean(air_temperature P1M),15.4,degC,10.3847,59.4283
SN27400,2023-08-01 06:00:00+00:00,mean(air_temperature P1M),16.6,degC,10.45604,59.23662
SN27281,2023-08-01 06:00:00+00:00,mean(air_temperature P1M),15.8,degC,10.3957,59.3173
SN27318,2023-08-01 06:00:00+00:00,mean(air_temperature P1M),15.6,degC,10.3672,59.363
SN27400,2023-09-01 06:00:00+00:00,mean(air_temperature P1M),15.7,degC,10.45604,59.23662
SN27161,2023-09-01 06:00:00+00:00,mean(air_temperature P1M),14.3,degC,10.3985,59.3845
SN27420,2023-09-01 06:00:00+00:00,mean(air_temperature P1M),15.2,degC,10.398,59.1205
SN27120,2023-09-01 06:00:00+00:00,mean(air_temperature P1M),14.2,degC,10.3847,59.4283
SN27162,2023-09-01 06:00:00+00:00,mean(air_temperature P1M),14.9,degC,10.46,59.3563
SN27403,2023-09-01 06:00:00+00:00,mean(air_temperature P1M),15.4,degC,10.45442,59.2084
SN27460,2023-09-01 06:00:00+00:00,mean(air_temperature P1M),14.7,degC,10.4103,59.2173
SN27281,2023-09-01 06:00:00+00:00,mean(air_temperature P1M),14.6,degC,10.3957,59.3173
SN27270,2023-09-01 06:00:00+00:00,mean(air_temperature P1M),15.3,degC,10.4312,59.2782
SN27435,2023-09-01 06:00:00+00:00,mean(air_temperature P1M),14.9,degC,10.4023,59.2417
SN27214,2023-09-01 06:00:00+00:00,mean(air_temperature P1M),14.1,degC,10.2799816,59.4109629
SN27450,2023-09-01 06:00:00+00:00,mean(air_temperature P1M),14.8,degC,10.345751,59.229738
SN27433,2023-09-01 06:00:00+00:00,mean(air_temperature P1M),15.3,degC,10.3655,59.1745
SN27212,2023-09-01 06:00:00+00:00,mean(air_temperature P1M),14.1,degC,10.2087,59.4173
SN27470,2023-09-01 06:00:00+00:00,mean(air_temperature P1M),14.9,degC,10.2553,59.1845
SN27315,2023-09-01 06:00:00+00:00,mean(air_temperature P1M),14.2,degC,10.2397,59.3808
SN27316,2023-09-01 06:00:00+00:00,mean(air_temperature P1M),14.4,degC,10.2692,59.371
SN27406,2023-09-01 06:00:00+00:00,mean(air_temperature P1M),15.4,degC,10.4238,59.169
SN27780,2023-09-01 06:00:00+00:00,mean(air_temperature P1M),15.0,degC,10.1250557,59.045747
SN27160,2023-09-01 06:00:00+00:00,mean(air_temperature P1M),14.6,degC,10.4647,59.4198
SN27282,2023-09-01 06:00:00+00:00,mean(air_temperature P1M),14.1,degC,10.3603,59.2632
SN27330,2023-09-01 06:00:00+00:00,mean(air_temperature P1M),14.3,degC,10.2983,59.2938
SN27318,2023-09-01 06:00:00+00:00,mean(air_temperature P1M),14.3,degC,10.3672,59.363
SN27261,2023-09-01 06:00:00+00:00,mean(air_temperature P1M),15.5,degC,10.4985,59.2625
SN27272,2023-09-01 06:00:00+00:00,mean(air_temperature P1M),14.5,degC,10.4275,59.2937
SN27271,2023-09-01 06:00:00+00:00,mean(air_temperature P1M),15.4,degC,10.4019,59.27
SN27435,2023-10-01 06:00:00+00:00,mean(air_temperature P1M),6.7,degC,10.4023,59.2417
SN27270,2023-10-01 06:00:00+00:00,mean(air_temperature P1M),7.1,degC,10.4312,59.2782
SN27460,2023-10-01 06:00:00+00:00,mean(air_temperature P1M),6.5,degC,10.4103,59.2173
SN27212,2023-10-01 06:00:00+00:00,mean(air_temperature P1M),5.9,degC,10.2087,59.4173
SN27120,2023-10-01 06:00:00+00:00,mean(air_temperature P1M),6.1,degC,10.3847,59.4283
SN27272,2023-10-01 06:00:00+00:00,mean(air_temperature P1M),6.3,degC,10.4275,59.2937
SN27403,2023-10-01 06:00:00+00:00,mean(air_temperature P1M),7.5,degC,10.45442,59.2084
SN27470,2023-10-01 06:00:00+00:00,mean(air_temperature P1M),6.5,degC,10.2553,59.1845
SN27160,2023-10-01 06:00:00+00:00,mean(air_temperature P1M),6.6,degC,10.4647,59.4198
SN27315,2023-10-01 06:00:00+00:00,mean(air_temperature P1M),6.1,degC,10.2397,59.3808
SN27316,2023-10-01 06:00:00+00:00,mean(air_temperature P1M),5.9,degC,10.2692,59.371
SN27261,2023-10-01 06:00:00+00:00,mean(air_temperature P1M),7.8,degC,10.4985,59.2625
SN27400,2023-10-01 06:00:00+00:00,mean(air_temperature P1M),7.6,degC,10.45604,59.23662
SN27433,2023-10-01 06:00:00+00:00,mean(air_temperature P1M),7.5,degC,10.3655,59.1745
SN27780,2023-10-01 06:00:00+00:00,mean(air_temperature P1M),7.0,degC,10.1250557,59.045747
SN27214,2023-10-01 06:00:00+00:00,mean(air_temperature P1M),5.8,degC,10.2799816,59.4109629
SN27406,2023-10-01 06:00:00+00:00,mean(air_temperature P1M),7.4,degC,10.4238,59.169
SN27282,2023-10-01 06:00:00+00:00,mean(air_temperature P1M),5.8,degC,10.3603,59.2632
SN27161,2023-10-01 06:00:00+00:00,mean(air_temperature P1M),6.2,degC,10.3985,59.3845
SN27450,2023-10-01 06:00:00+00:00,mean(air_temperature P1M),6.8,degC,10.345751,59.229738
SN27281,2023-10-01 06:00:00+00:00,mean(air_temperature P1M),6.4,degC,10.3957,59.3173
SN27420,2023-10-01 06:00:00+00:00,mean(air_temperature P1M),7.5,degC,10.398,59.1205
SN27330,2023-10-01 06:00:00+00:00,mean(air_temperature P1M),6.1,degC,10.2983,59.2938
SN27318,2023-10-01 06:00:00+00:00,mean(air_temperature P1M),6.0,degC,10.3672,59.363
SN27271,2023-10-01 06:00:00+00:00,mean(air_temperature P1M),7.1,degC,10.4019,59.27
SN27162,2023-10-01 06:00:00+00:00,mean(air_temperature P1M),6.9,degC,10.46,59.3563
SN27435,2023-11-01 06:00:00+00:00,mean(air_temperature P1M),0.5,degC,10.4023,59.2417
SN27470,2023-11-01 06:00:00+00:00,mean(air_temperature P1M),-0.1,degC,10.2553,59.1845
SN27161,2023-11-01 06:00:00+00:00,mean(air_temperature P1M),0.2,degC,10.3985,59.3845
SN27450,2023-11-01 06:00:00+00:00,mean(air_temperature P1M),0.4,degC,10.345751,59.229738
SN27330,2023-11-01 06:00:00+00:00,mean(air_temperature P1M),0.1,degC,10.2983,59.2938
SN27261,2023-11-01 06:00:00+00:00,mean(air_temperature P1M),1.6,degC,10.4985,59.2625
SN27433,2023-11-01 06:00:00+00:00,mean(air_temperature P1M),1.0,degC,10.3655,59.1745
SN27271,2023-11-01 06:00:00+00:00,mean(air_temperature P1M),0.7,degC,10.4019,59.27
SN27403,2023-11-01 06:00:00+00:00,mean(air_temperature P1M),1.2,degC,10.45442,59.2084
SN27120,2023-11-01 06:00:00+00:00,mean(air_temperature P1M),0.0,degC,10.3847,59.4283
SN27318,2023-11-01 06:00:00+00:00,mean(air_temperature P1M),0.1,degC,10.3672,59.363
SN27406,2023-11-01 06:00:00+00:00,mean(air_temperature P1M),1.0,degC,10.4238,59.169
SN27272,2023-11-01 06:00:00+00:00,mean(air_temperature P1M),0.4,degC,10.4275,59.2937
SN27270,2023-11-01 06:00:00+00:00,mean(air_temperature P1M),0.7,degC,10.4312,59.2782
SN27212,2023-11-01 06:00:00+00:00,mean(air_temperature P1M),-0.6,degC,10.2087,59.4173
SN27162,2023-11-01 06:00:00+00:00,mean(air_temperature P1M),0.6,degC,10.46,59.3563
SN27780,2023-11-01 06:00:00+00:00,mean(air_temperature P1M),0.5,degC,10.1250557,59.045747
SN27282,2023-11-01 06:00:00+00:00,mean(air_temperature P1M),0.0,degC,10.3603,59.2632
SN27400,2023-11-01 06:00:00+00:00,mean(air_temperature P1M),1.4,degC,10.45604,59.23662
SN27315,2023-11-01 06:00:00+00:00,mean(air_temperature P1M),-0.1,degC,10.2397,59.3808
SN27281,2023-11-01 06:00:00+00:00,mean(air_temperature P1M),0.1,degC,10.3957,59.3173
SN27316,2023-11-01 06:00:00+00:00,mean(air_temperature P1M),-0.2,degC,10.2692,59.371
SN27160,2023-11-01 06:00:00+00:00,mean(air_temperature P1M),0.4,degC,10.4647,59.4198
SN27420,2023-11-01 06:00:00+00:00,mean(air_temperature P1M),0.9,degC,10.398,59.1205
SN27214,2023-11-01 06:00:00+00:00,mean(air_temperature P1M),-0.5,degC,10.2799816,59.4109629
SN27460,2023-11-01 06:00:00+00:00,mean(air_temperature P1M),0.6,degC,10.4103,59.2173
SN27318,2023-12-01 06:00:00+00:00,mean(air_temperature P1M),-4.4,degC,10.3672,59.363
SN27120,2023-12-01 06:00:00+00:00,mean(air_temperature P1M),-4.3,degC,10.3847,59.4283
SN27470,2023-12-01 06:00:00+00:00,mean(air_temperature P1M),-3.0,degC,10.2553,59.1845
SN27780,2023-12-01 06:00:00+00:00,mean(air_temperature P1M),-2.6,degC,10.1250557,59.045747
SN27406,2023-12-01 06:00:00+00:00,mean(air_temperature P1M),-2.6,degC,10.4238,59.169
SN27261,2023-12-01 06:00:00+00:00,mean(air_temperature P1M),-2.1,degC,10.4985,59.2625
SN27403,2023-12-01 06:00:00+00:00,mean(air_temperature P1M),-2.8,degC,10.45442,59.2084
SN27282,2023-12-01 06:00:00+00:00,mean(air_temperature P1M),-4.5,degC,10.3603,59.2632
SN27420,2023-12-01 06:00:00+00:00,mean(air_temperature P1M),-2.5,degC,10.398,59.1205
SN27433,2023-12-01 06:00:00+00:00,mean(air_temperature P1M),-2.8,degC,10.3655,59.1745
SN27212,2023-12-01 06:00:00+00:00,mean(air_temperature P1M),-5.0,degC,10.2087,59.4173
SN27272,2023-12-01 06:00:00+00:00,mean(air_temperature P1M),-3.4,degC,10.4275,59.2937
SN27214,2023-12-01 06:00:00+00:00,mean(air_temperature P1M),-4.4,degC,10.2799816,59.4109629
SN27315,2023-12-01 06:00:00+00:00,mean(air_temperature P1M),-4.8,degC,10.2397,59.3808
SN27330,2023-12-01 06:00:00+00:00,mean(air_temperature P1M),-4.6,degC,10.2983,59.2938
SN27450,2023-12-01 06:00:00+00:00,mean(air_temperature P1M),-3.8,degC,10.345751,59.229738
SN27281,2023-12-01 06:00:00+00:00,mean(air_temperature P1M),-4.0,degC,10.3957,59.3173
SN27271,2023-12-01 06:00:00+00:00,mean(air_temperature P1M),-3.9,degC,10.4019,59.27
SN27161,2023-12-01 06:00:00+00:00,mean(air_temperature P1M),-3.7,degC,10.3985,59.3845
SN27316,2023-12-01 06:00:00+00:00,mean(air_temperature P1M),-5.1,degC,10.2692,59.371
SN27460,2023-12-01 06:00:00+00:00,mean(air_temperature P1M),-3.7,degC,10.4103,59.2173
SN27270,2023-12-01 06:00:00+00:00,mean(air_temperature P1M),-3.4,degC,10.4312,59.2782
SN27162,2023-12-01 06:00:00+00:00,mean(air_temperature P1M),-2.8,degC,10.46,59.3563
SN27400,2023-12-01 06:00:00+00:00,mean(air_temperature P1M),-2.5,degC,10.45604,59.23662
SN27435,2023-12-01 06:00:00+00:00,mean(air_temperature P1M),-3.4,degC,10.4023,59.2417
SN27160,2023-12-01 06:00:00+00:00,mean(air_temperature P1M),-3.0,degC,10.4647,59.4198
SN27406,2024-01-01 06:00:00+00:00,mean(air_temperature P1M),-4.1,degC,10.4238,59.169
SN27460,2024-01-01 06:00:00+00:00,mean(air_temperature P1M),-6.6,degC,10.4103,59.2173
SN27282,2024-01-01 06:00:00+00:00,mean(air_temperature P1M),-6.9,degC,10.3603,59.2632
SN27160,2024-01-01 06:00:00+00:00,mean(air_temperature P1M),-4.4,degC,10.4647,59.4198
SN27212,2024-01-01 06:00:00+00:00,mean(air_temperature P1M),-6.5,degC,10.2087,59.4173
SN27161,2024-01-01 06:00:00+00:00,mean(air_temperature P1M),-5.6,degC,10.3985,59.3845
SN27162,2024-01-01 06:00:00+00:00,mean(air_temperature P1M),-4.1,degC,10.46,59.3563
SN27272,2024-01-01 06:00:00+00:00,mean(air_temperature P1M),-5.3,degC,10.4275,59.2937
SN27318,2024-01-01 06:00:00+00:00,mean(air_temperature P1M),-6.8,degC,10.3672,59.363
SN27270,2024-01-01 06:00:00+00:00,mean(air_temperature P1M),-6.2,degC,10.4312,59.2782
SN27214,2024-01-01 06:00:00+00:00,mean(air_temperature P1M),-6.1,degC,10.2799816,59.4109629
SN27433,2024-01-01 06:00:00+00:00,mean(air_temperature P1M),-4.7,degC,10.3655,59.1745
SN27435,2024-01-01 06:00:00+00:00,mean(air_temperature P1M),-5.6,degC,10.4023,59.2417
SN27120,2024-01-01 06:00:00+00:00,mean(air_temperature P1M),-6.5,degC,10.3847,59.4283
SN27281,2024-01-01 06:00:00+00:00,mean(air_temperature P1M),-6.4,degC,10.3957,59.3173
SN27316,2024-01-01 06:00:00+00:00,mean(air_temperature P1M),-7.9,degC,10.2692,59.371
SN27315,2024-01-01 06:00:00+00:00,mean(air_temperature P1M),-7.4,degC,10.2397,59.3808
SN27450,2024-01-01 06:00:00+00:00,mean(air_temperature P1M),-6.0,degC,10.345751,59.229738
SN27261,2024-01-01 06:00:00+00:00,mean(air_temperature P1M),-3.9,degC,10.4985,59.2625
SN27780,2024-01-01 06:00:00+00:00,mean(air_temperature P1M),-4.7,degC,10.1250557,59.045747
SN27420,2024-01-01 06:00:00+00:00,mean(air_temperature P1M),-4.1,degC,10.398,59.1205
SN27400,2024-01-01 06:00:00+00:00,mean(air_temperature P1M),-5.2,degC,10.45604,59.23662
SN27403,2024-01-01 06:00:00+00:00,mean(air_temperature P1M),-4.9,degC,10.45442,59.2084
SN27271,2024-01-01 06:00:00+00:00,mean(air_temperature P1M),-6.8,degC,10.4019,59.27
SN27330,2024-01-01 06:00:00+00:00,mean(air_temperature P1M),-7.1,degC,10.2983,59.2938
SN27470,2024-01-01 06:00:00+00:00,mean(air_temperature P1M),-4.6,degC,10.2553,59.1845
SN27406,2024-02-01 06:00:00+00:00,mean(air_temperature P1M),0.3,degC,10.4238,59.169
SN27282,2024-02-01 06:00:00+00:00,mean(air_temperature P1M),-0.9,degC,10.3603,59.2632
SN27120,2024-02-01 06:00:00+00:00,mean(air_temperature P1M),-1.2,degC,10.3847,59.4283
SN27400,2024-02-01 06:00:00+00:00,mean(air_temperature P1M),0.0,degC,10.45604,59.23662
SN27433,2024-02-01 06:00:00+00:00,mean(air_temperature P1M),0.1,degC,10.3655,59.1745
SN27161,2024-02-01 06:00:00+00:00,mean(air_temperature P1M),-0.9,degC,10.3985,59.3845
SN27281,2024-02-01 06:00:00+00:00,mean(air_temperature P1M),-0.8,degC,10.3957,59.3173
SN27780,2024-02-01 06:00:00+00:00,mean(air_temperature P1M),0.2,degC,10.1250557,59.045747
SN27470,2024-02-01 06:00:00+00:00,mean(air_temperature P1M),-0.4,degC,10.2553,59.1845
SN27450,2024-02-01 06:00:00+00:00,mean(air_temperature P1M),-0.4,degC,10.345751,59.229738
SN27316,2024-02-01 06:00:00+00:00,mean(air_temperature P1M),-1.1,degC,10.2692,59.371
SN27261,2024-02-01 06:00:00+00:00,mean(air_temperature P1M),0.3,degC,10.4985,59.2625
SN27272,2024-02-01 06:00:00+00:00,mean(air_temperature P1M),-0.6,degC,10.4275,59.2937
SN27460,2024-02-01 06:00:00+00:00,mean(air_temperature P1M),-0.4,degC,10.4103,59.2173
SN27271,2024-02-01 06:00:00+00:00,mean(air_temperature P1M),-0.5,degC,10.4019,59.27
SN27420,2024-02-01 06:00:00+00:00,mean(air_temperature P1M),0.2,degC,10.398,59.1205
SN27162,2024-02-01 06:00:00+00:00,mean(air_temperature P1M),-0.4,degC,10.46,59.3563
SN27270,2024-02-01 06:00:00+00:00,mean(air_temperature P1M),-0.3,degC,10.4312,59.2782
SN27212,2024-02-01 06:00:00+00:00,mean(air_temperature P1M),-1.5,degC,10.2087,59.4173
SN27160,2024-02-01 06:00:00+00:00,mean(air_temperature P1M),-0.8,degC,10.4647,59.4198
SN27214,2024-02-01 06:00:00+00:00,mean(air_temperature P1M),-1.3,degC,10.2799816,59.4109629
SN27330,2024-02-01 06:00:00+00:00,mean(air_temperature P1M),-1.0,degC,10.2983,59.2938
SN27403,2024-02-01 06:00:00+00:00,mean(air_temperature P1M),0.2,degC,10.45442,59.2084
SN27315,2024-02-01 06:00:00+00:00,mean(air_temperature P1M),-1.2,degC,10.2397,59.3808
SN27435,2024-02-01 06:00:00+00:00,mean(air_temperature P1M),-0.4,degC,10.4023,59.2417
SN27318,2024-02-01 06:00:00+00:00,mean(air_temperature P1M),-1.0,degC,10.3672,59.363
SN27406,2024-03-01 06:00:00+00:00,mean(air_temperature P1M),3.3,degC,10.4238,59.169
SN27315,2024-03-01 06:00:00+00:00,mean(air_temperature P1M),2.4,degC,10.2397,59.3808
SN27160,2024-03-01 06:00:00+00:00,mean(air_temperature P1M),2.3,degC,10.4647,59.4198
SN27403,2024-03-01 06:00:00+00:00,mean(air_temperature P1M),3.3,degC,10.45442,59.2084
SN27282,2024-03-01 06:00:00+00:00,mean(air_temperature P1M),2.7,degC,10.3603,59.2632
SN27212,2024-03-01 06:00:00+00:00,mean(air_temperature P1M),1.9,degC,10.2087,59.4173
SN27780,2024-03-01 06:00:00+00:00,mean(air_temperature P1M),3.2,degC,10.1250557,59.045747
SN27214,2024-03-01 06:00:00+00:00,mean(air_temperature P1M),2.1,degC,10.2799816,59.4109629
SN27271,2024-03-01 06:00:00+00:00,mean(air_temperature P1M),3.2,degC,10.4019,59.27
SN27261,2024-03-01 06:00:00+00:00,mean(air_temperature P1M),3.3,degC,10.4985,59.2625
SN27270,2024-03-01 06:00:00+00:00,mean(air_temperature P1M),3.1,degC,10.4312,59.2782
SN27120,2024-03-01 06:00:00+00:00,mean(air_temperature P1M),2.1,degC,10.3847,59.4283
SN27330,2024-03-01 06:00:00+00:00,mean(air_temperature P1M),2.8,degC,10.2983,59.2938
SN27420,2024-03-01 06:00:00+00:00,mean(air_temperature P1M),3.1,degC,10.398,59.1205
SN27272,2024-03-01 06:00:00+00:00,mean(air_temperature P1M),2.9,degC,10.4275,59.2937
SN27433,2024-03-01 06:00:00+00:00,mean(air_temperature P1M),3.3,degC,10.3655,59.1745
SN27281,2024-03-01 06:00:00+00:00,mean(air_temperature P1M),2.6,degC,10.3957,59.3173
SN27450,2024-03-01 06:00:00+00:00,mean(air_temperature P1M),2.9,degC,10.345751,59.229738
SN27470,2024-03-01 06:00:00+00:00,mean(air_temperature P1M),2.5,degC,10.2553,59.1845
SN27400,2024-03-01 06:00:00+00:00,mean(air_temperature P1M),3.3,degC,10.45604,59.23662
SN27316,2024-03-01 06:00:00+00:00,mean(air_temperature P1M),2.4,degC,10.2692,59.371
SN27318,2024-03-01 06:00:00+00:00,mean(air_temperature P1M),2.5,degC,10.3672,59.363
SN27435,2024-03-01 06:00:00+00:00,mean(air_temperature P1M),3.1,degC,10.4023,59.2417
SN27460,2024-03-01 06:00:00+00:00,mean(air_temperature P1M),3.1,degC,10.4103,59.2173
SN27161,2024-03-01 06:00:00+00:00,mean(air_temperature P1M),2.5,degC,10.3985,59.3845
SN27162,2024-03-01 06:00:00+00:00,mean(air_temperature P1M),2.8,degC,10.46,59.3563
SN27261,2024-04-01 06:00:00+00:00,mean(air_temperature P1M),6.0,degC,10.4985,59.2625
SN27315,2024-04-01 06:00:00+00:00,mean(air_temperature P1M),5.3,degC,10.2397,59.3808
SN27120,2024-04-01 06:00:00+00:00,mean(air_temperature P1M),5.1,degC,10.3847,59.4283
SN27162,2024-04-01 06:00:00+00:00,mean(air_temperature P1M),5.8,degC,10.46,59.3563
SN27330,2024-04-01 06:00:00+00:00,mean(air_temperature P1M),5.4,degC,10.2983,59.2938
SN27316,2024-04-01 06:00:00+00:00,mean(air_temperature P1M),5.5,degC,10.2692,59.371
SN27270,2024-04-01 06:00:00+00:00,mean(air_temperature P1M),5.9,degC,10.4312,59.2782
SN27212,2024-04-01 06:00:00+00:00,mean(air_temperature P1M),5.2,degC,10.2087,59.4173
SN27214,2024-04-01 06:00:00+00:00,mean(air_temperature P1M),5.3,degC,10.2799816,59.4109629
SN27160,2024-04-01 06:00:00+00:00,mean(air_temperature P1M),5.5,degC,10.4647,59.4198
SN27272,2024-04-01 06:00:00+00:00,mean(air_temperature P1M),5.7,degC,10.4275,59.2937
SN27281,2024-04-01 06:00:00+00:00,mean(air_temperature P1M),5.5,degC,10.3957,59.3173
SN27400,2024-04-01 06:00:00+00:00,mean(air_temperature P1M),5.9,degC,10.45604,59.23662
SN27161,2024-04-01 06:00:00+00:00,mean(air_temperature P1M),5.4,degC,10.3985,59.3845
SN27450,2024-04-01 06:00:00+00:00,mean(air_temperature P1M),5.5,degC,10.345751,59.229738
SN27420,2024-04-01 06:00:00+00:00,mean(air_temperature P1M),5.5,degC,10.398,59.1205
SN27433,2024-04-01 06:00:00+00:00,mean(air_temperature P1M),5.7,degC,10.3655,59.1745
SN27435,2024-04-01 06:00:00+00:00,mean(air_temperature P1M),5.7,degC,10.4023,59.2417
SN27460,2024-04-01 06:00:00+00:00,mean(air_temperature P1M),5.5,degC,10.4103,59.2173
SN27780,2024-04-01 06:00:00+00:00,mean(air_temperature P1M),5.5,degC,10.1250557,59.045747
SN27403,2024-04-01 06:00:00+00:00,mean(air_temperature P1M),5.8,degC,10.45442,59.2084
SN27470,2024-04-01 06:00:00+00:00,mean(air_temperature P1M),5.2,degC,10.2553,59.1845
SN27271,2024-04-01 06:00:00+00:00,mean(air_temperature P1M),6.0,degC,10.4019,59.27
SN27406,2024-04-01 06:00:00+00:00,mean(air_temperature P1M),5.7,degC,10.4238,59.169
SN27282,2024-04-01 06:00:00+00:00,mean(air_temperature P1M),5.3,degC,10.3603,59.2632
SN27318,2024-04-01 06:00:00+00:00,mean(air_temperature P1M),5.4,degC,10.3672,59.363
SN27272,2024-05-01 06:00:00+00:00,mean(air_temperature P1M),15.1,degC,10.4275,59.2937
SN27214,2024-05-01 06:00:00+00:00,mean(air_temperature P1M),15.0,degC,10.2799816,59.4109629
SN27271,2024-05-01 06:00:00+00:00,mean(air_temperature P1M),16.0,degC,10.4019,59.27
SN27270,2024-05-01 06:00:00+00:00,mean(air_temperature P1M),15.6,degC,10.4312,59.2782
SN27420,2024-05-01 06:00:00+00:00,mean(air_temperature P1M),15.1,degC,10.398,59.1205
SN27330,2024-05-01 06:00:00+00:00,mean(air_temperature P1M),14.9,degC,10.2983,59.2938
SN27315,2024-05-01 06:00:00+00:00,mean(air_temperature P1M),14.6,degC,10.2397,59.3808
SN27435,2024-05-01 06:00:00+00:00,mean(air_temperature P1M),15.4,degC,10.4023,59.2417
SN27212,2024-05-01 06:00:00+00:00,mean(air_temperature P1M),15.0,degC,10.2087,59.4173
SN27460,2024-05-01 06:00:00+00:00,mean(air_temperature P1M),14.8,degC,10.4103,59.2173
SN27161,2024-05-01 06:00:00+00:00,mean(air_temperature P1M),15.3,degC,10.3985,59.3845
SN27403,2024-05-01 06:00:00+00:00,mean(air_temperature P1M),15.3,degC,10.45442,59.2084
SN27318,2024-05-01 06:00:00+00:00,mean(air_temperature P1M),15.0,degC,10.3672,59.363
SN27120,2024-05-01 06:00:00+00:00,mean(air_temperature P1M),14.4,degC,10.3847,59.4283
SN27160,2024-05-01 06:00:00+00:00,mean(air_temperature P1M),15.2,degC,10.4647,59.4198
SN27162,2024-05-01 06:00:00+00:00,mean(air_temperature P1M),15.4,degC,10.46,59.3563
SN27282,2024-05-01 06:00:00+00:00,mean(air_temperature P1M),14.9,degC,10.3603,59.2632
SN27470,2024-05-01 06:00:00+00:00,mean(air_temperature P1M),15.0,degC,10.2553,59.1845
SN27780,2024-05-01 06:00:00+00:00,mean(air_temperature P1M),15.0,degC,10.1250557,59.045747
SN27316,2024-05-01 06:00:00+00:00,mean(air_temperature P1M),15.0,degC,10.2692,59.371
SN27261,2024-05-01 06:00:00+00:00,mean(air_temperature P1M),15.3,degC,10.4985,59.2625
SN27433,2024-05-01 06:00:00+00:00,mean(air_temperature P1M),15.2,degC,10.3655,59.1745
SN27400,2024-05-01 06:00:00+00:00,mean(air_temperature P1M),15.5,degC,10.45604,59.23662
SN27281,2024-05-01 06:00:00+00:00,mean(air_temperature P1M),15.2,degC,10.3957,59.3173
SN27480,2024-05-01 06:00:00+00:00,mean(air_temperature P1M),14.9,degC,10.2752,59.1683
SN27450,2024-05-01 06:00:00+00:00,mean(air_temperature P1M),15.2,degC,10.345751,59.229738
SN27406,2024-05-01 06:00:00+00:00,mean(air_temperature P1M),15.3,degC,10.4238,59.169
SN27318,2024-06-01 06:00:00+00:00,mean(air_temperature P1M),14.8,degC,10.3672,59.363
SN27470,2024-06-01 06:00:00+00:00,mean(air_temperature P1M),14.6,degC,10.2553,59.1845
SN27271,2024-06-01 06:00:00+00:00,mean(air_temperature P1M),15.8,degC,10.4019,59.27
SN27160,2024-06-01 06:00:00+00:00,mean(air_temperature P1M),14.9,degC,10.4647,59.4198
SN27480,2024-06-01 06:00:00+00:00,mean(air_temperature P1M),14.5,degC,10.2752,59.1683
SN27161,2024-06-01 06:00:00+00:00,mean(air_temperature P1M),15.0,degC,10.3985,59.3845
SN27162,2024-06-01 06:00:00+00:00,mean(air_temperature P1M),15.2,degC,10.46,59.3563
SN27212,2024-06-01 06:00:00+00:00,mean(air_temperature P1M),14.6,degC,10.2087,59.4173
SN27433,2024-06-01 06:00:00+00:00,mean(air_temperature P1M),15.4,degC,10.3655,59.1745
SN27400,2024-06-01 06:00:00+00:00,mean(air_temperature P1M),15.7,degC,10.45604,59.23662
SN27272,2024-06-01 06:00:00+00:00,mean(air_temperature P1M),15.1,degC,10.4275,59.2937
SN27270,2024-06-01 06:00:00+00:00,mean(air_temperature P1M),15.7,degC,10.4312,59.2782
SN27330,2024-06-01 06:00:00+00:00,mean(air_temperature P1M),14.7,degC,10.2983,59.2938
SN27316,2024-06-01 06:00:00+00:00,mean(air_temperature P1M),15.0,degC,10.2692,59.371
SN27281,2024-06-01 06:00:00+00:00,mean(air_temperature P1M),15.1,degC,10.3957,59.3173
SN27214,2024-06-01 06:00:00+00:00,mean(air_temperature P1M),14.7,degC,10.2799816,59.4109629
SN27435,2024-06-01 06:00:00+00:00,mean(air_temperature P1M),15.2,degC,10.4023,59.2417
SN27315,2024-06-01 06:00:00+00:00,mean(air_temperature P1M),14.5,degC,10.2397,59.3808
SN27261,2024-06-01 06:00:00+00:00,mean(air_temperature P1M),15.8,degC,10.4985,59.2625
SN27420,2024-06-01 06:00:00+00:00,mean(air_temperature P1M),15.2,degC,10.398,59.1205
SN27282,2024-06-01 06:00:00+00:00,mean(air_temperature P1M),14.8,degC,10.3603,59.2632
SN27120,2024-06-01 06:00:00+00:00,mean(air_temperature P1M),14.6,degC,10.3847,59.4283
SN27450,2024-06-01 06:00:00+00:00,mean(air_temperature P1M),15.1,degC,10.345751,59.229738
SN27460,2024-06-01 06:00:00+00:00,mean(air_temperature P1M),15.0,degC,10.4103,59.2173
SN27406,2024-06-01 06:00:00+00:00,mean(air_temperature P1M),15.4,degC,10.4238,59.169
SN27780,2024-06-01 06:00:00+00:00,mean(air_temperature P1M),14.9,degC,10.1250557,59.045747
SN27403,2024-06-01 06:00:00+00:00,mean(air_temperature P1M),15.4,degC,10.45442,59.2084
SN27403,2024-07-01 06:00:00+00:00,mean(air_temperature P1M),16.7,degC,10.45442,59.2084
SN27406,2024-07-01 06:00:00+00:00,mean(air_temperature P1M),16.8,degC,10.4238,59.169
SN27272,2024-07-01 06:00:00+00:00,mean(air_temperature P1M),16.4,degC,10.4275,59.2937
SN27435,2024-07-01 06:00:00+00:00,mean(air_temperature P1M),16.5,degC,10.4023,59.2417
SN27433,2024-07-01 06:00:00+00:00,mean(air_temperature P1M),16.7,degC,10.3655,59.1745
SN27282,2024-07-01 06:00:00+00:00,mean(air_temperature P1M),16.1,degC,10.3603,59.2632
SN27450,2024-07-01 06:00:00+00:00,mean(air_temperature P1M),16.5,degC,10.345751,59.229738
SN27420,2024-07-01 06:00:00+00:00,mean(air_temperature P1M),16.5,degC,10.398,59.1205
SN27780,2024-07-01 06:00:00+00:00,mean(air_temperature P1M),16.3,degC,10.1250557,59.045747
SN27316,2024-07-01 06:00:00+00:00,mean(air_temperature P1M),16.4,degC,10.2692,59.371
SN27214,2024-07-01 06:00:00+00:00,mean(air_temperature P1M),16.1,degC,10.2799816,59.4109629
SN27161,2024-07-01 06:00:00+00:00,mean(air_temperature P1M),16.3,degC,10.3985,59.3845
SN27460,2024-07-01 06:00:00+00:00,mean(air_temperature P1M),16.4,degC,10.4103,59.2173
SN27162,2024-07-01 06:00:00+00:00,mean(air_temperature P1M),16.5,degC,10.46,59.3563
SN27271,2024-07-01 06:00:00+00:00,mean(air_temperature P1M),17.0,degC,10.4019,59.27
SN27160,2024-07-01 06:00:00+00:00,mean(air_temperature P1M),16.3,degC,10.4647,59.4198
SN27470,2024-07-01 06:00:00+00:00,mean(air_temperature P1M),16.1,degC,10.2553,59.1845
SN27315,2024-07-01 06:00:00+00:00,mean(air_temperature P1M),16.0,degC,10.2397,59.3808
SN27212,2024-07-01 06:00:00+00:00,mean(air_temperature P1M),16.0,degC,10.2087,59.4173
SN27318,2024-07-01 06:00:00+00:00,mean(air_temperature P1M),16.1,degC,10.3672,59.363
SN27120,2024-07-01 06:00:00+00:00,mean(air_temperature P1M),16.1,degC,10.3847,59.4283
SN27281,2024-07-01 06:00:00+00:00,mean(air_temperature P1M),16.4,degC,10.3957,59.3173
SN27330,2024-07-01 06:00:00+00:00,mean(air_temperature P1M),16.1,degC,10.2983,59.2938
SN27480,2024-07-01 06:00:00+00:00,mean(air_temperature P1M),16.0,degC,10.2752,59.1683
SN27270,2024-07-01 06:00:00+00:00,mean(air_temperature P1M),17.0,degC,10.4312,59.2782
SN27400,2024-07-01 06:00:00+00:00,mean(air_temperature P1M),16.9,degC,10.45604,59.23662
SN27261,2024-07-01 06:00:00+00:00,mean(air_temperature P1M),17.1,degC,10.4985,59.2625
SN27271,2024-08-01 06:00:00+00:00,mean(air_temperature P1M),17.0,degC,10.4019,59.27
SN27270,2024-08-01 06:00:00+00:00,mean(air_temperature P1M),16.9,degC,10.4312,59.2782
SN27470,2024-08-01 06:00:00+00:00,mean(air_temperature P1M),16.1,degC,10.2553,59.1845
SN27212,2024-08-01 06:00:00+00:00,mean(air_temperature P1M),15.7,degC,10.2087,59.4173
SN27120,2024-08-01 06:00:00+00:00,mean(air_temperature P1M),15.7,degC,10.3847,59.4283
SN27318,2024-08-01 06:00:00+00:00,mean(air_temperature P1M),15.7,degC,10.3672,59.363
SN27162,2024-08-01 06:00:00+00:00,mean(air_temperature P1M),16.4,degC,10.46,59.3563
SN27261,2024-08-01 06:00:00+00:00,mean(air_temperature P1M),17.1,degC,10.4985,59.2625
SN27160,2024-08-01 06:00:00+00:00,mean(air_temperature P1M),16.1,degC,10.4647,59.4198
SN27161,2024-08-01 06:00:00+00:00,mean(air_temperature P1M),15.9,degC,10.3985,59.3845
SN27315,2024-08-01 06:00:00+00:00,mean(air_temperature P1M),15.7,degC,10.2397,59.3808
SN27780,2024-08-01 06:00:00+00:00,mean(air_temperature P1M),16.5,degC,10.1250557,59.045747
SN27282,2024-08-01 06:00:00+00:00,mean(air_temperature P1M),15.7,degC,10.3603,59.2632
SN27403,2024-08-01 06:00:00+00:00,mean(air_temperature P1M),16.8,degC,10.45442,59.2084
SN27214,2024-08-01 06:00:00+00:00,mean(air_temperature P1M),15.7,degC,10.2799816,59.4109629
SN27400,2024-08-01 06:00:00+00:00,mean(air_temperature P1M),16.9,degC,10.45604,59.23662
SN27460,2024-08-01 06:00:00+00:00,mean(air_temperature P1M),16.1,degC,10.4103,59.2173
SN27450,2024-08-01 06:00:00+00:00,mean(air_temperature P1M),16.3,degC,10.345751,59.229738
SN27406,2024-08-01 06:00:00+00:00,mean(air_temperature P1M),16.9,degC,10.4238,59.169
SN27281,2024-08-01 06:00:00+00:00,mean(air_temperature P1M),16.1,degC,10.3957,59.3173
SN27272,2024-08-01 06:00:00+00:00,mean(air_temperature P1M),15.8,degC,10.4275,59.2937
SN27330,2024-08-01 06:00:00+00:00,mean(air_temperature P1M),15.7,degC,10.2983,59.2938
SN27435,2024-08-01 06:00:00+00:00,mean(air_temperature P1M),16.4,degC,10.4023,59.2417
SN27433,2024-08-01 06:00:00+00:00,mean(air_temperature P1M),16.9,degC,10.3655,59.1745
SN27316,2024-08-01 06:00:00+00:00,mean(air_temperature P1M),15.9,degC,10.2692,59.371
SN27420,2024-08-01 06:00:00+00:00,mean(air_temperature P1M),16.8,degC,10.398,59.1205
SN27480,2024-08-01 06:00:00+00:00,mean(air_temperature P1M),15.8,degC,10.2752,59.1683
SN27120,2024-09-01 06:00:00+00:00,mean(air_temperature P1M),12.5,degC,10.3847,59.4283
SN27271,2024-09-01 06:00:00+00:00,mean(air_temperature P1M),13.7,degC,10.4019,59.27
SN27161,2024-09-01 06:00:00+00:00,mean(air_temperature P1M),13.0,degC,10.3985,59.3845
SN27435,2024-09-01 06:00:00+00:00,mean(air_temperature P1M),13.4,degC,10.4023,59.2417
SN27400,2024-09-01 06:00:00+00:00,mean(air_temperature P1M),13.7,degC,10.45604,59.23662
SN27460,2024-09-01 06:00:00+00:00,mean(air_temperature P1M),12.8,degC,10.4103,59.2173
SN27433,2024-09-01 06:00:00+00:00,mean(air_temperature P1M),13.8,degC,10.3655,59.1745
SN27420,2024-09-01 06:00:00+00:00,mean(air_temperature P1M),13.8,degC,10.398,59.1205
SN27281,2024-09-01 06:00:00+00:00,mean(air_temperature P1M),13.0,degC,10.3957,59.3173
SN27480,2024-09-01 06:00:00+00:00,mean(air_temperature P1M),12.9,degC,10.2752,59.1683
SN27330,2024-09-01 06:00:00+00:00,mean(air_temperature P1M),12.8,degC,10.2983,59.2938
SN27450,2024-09-01 06:00:00+00:00,mean(air_temperature P1M),13.2,degC,10.345751,59.229738
SN27282,2024-09-01 06:00:00+00:00,mean(air_temperature P1M),12.6,degC,10.3603,59.2632
SN27272,2024-09-01 06:00:00+00:00,mean(air_temperature P1M),12.9,degC,10.4275,59.2937
SN27406,2024-09-01 06:00:00+00:00,mean(air_temperature P1M),13.9,degC,10.4238,59.169
SN27212,2024-09-01 06:00:00+00:00,mean(air_temperature P1M),12.6,degC,10.2087,59.4173
SN27318,2024-09-01 06:00:00+00:00,mean(air_temperature P1M),12.7,degC,10.3672,59.363
SN27160,2024-09-01 06:00:00+00:00,mean(air_temperature P1M),13.3,degC,10.4647,59.4198
SN27261,2024-09-01 06:00:00+00:00,mean(air_temperature P1M),14.0,degC,10.4985,59.2625
SN27270,2024-09-01 06:00:00+00:00,mean(air_temperature P1M),13.5,degC,10.4312,59.2782
SN27316,2024-09-01 06:00:00+00:00,mean(air_temperature P1M),12.8,degC,10.2692,59.371
SN27470,2024-09-01 06:00:00+00:00,mean(air_temperature P1M),13.1,degC,10.2553,59.1845
SN27162,2024-09-01 06:00:00+00:00,mean(air_temperature P1M),13.5,degC,10.46,59.3563
SN27315,2024-09-01 06:00:00+00:00,mean(air_temperature P1M),12.6,degC,10.2397,59.3808
SN27214,2024-09-01 06:00:00+00:00,mean(air_temperature P1M),12.7,degC,10.2799816,59.4109629
SN27403,2024-09-01 06:00:00+00:00,mean(air_temperature P1M),13.6,degC,10.45442,59.2084
SN27780,2024-09-01 06:00:00+00:00,mean(air_temperature P1M),13.4,degC,10.1250557,59.045747
SN27470,2024-10-01 06:00:00+00:00,mean(air_temperature P1M),9.1,degC,10.2553,59.1845
SN27780,2024-10-01 06:00:00+00:00,mean(air_temperature P1M),9.4,degC,10.1250557,59.045747
SN27480,2024-10-01 06:00:00+00:00,mean(air_temperature P1M),8.9,degC,10.2752,59.1683
SN27120,2024-10-01 06:00:00+00:00,mean(air_temperature P1M),8.2,degC,10.3847,59.4283
SN27261,2024-10-01 06:00:00+00:00,mean(air_temperature P1M),9.9,degC,10.4985,59.2625
SN27420,2024-10-01 06:00:00+00:00,mean(air_temperature P1M),9.9,degC,10.398,59.1205
SN27316,2024-10-01 06:00:00+00:00,mean(air_temperature P1M),8.4,degC,10.2692,59.371
SN27160,2024-10-01 06:00:00+00:00,mean(air_temperature P1M),9.0,degC,10.4647,59.4198
SN27450,2024-10-01 06:00:00+00:00,mean(air_temperature P1M),9.2,degC,10.345751,59.229738
SN27162,2024-10-01 06:00:00+00:00,mean(air_temperature P1M),9.4,degC,10.46,59.3563
SN27315,2024-10-01 06:00:00+00:00,mean(air_temperature P1M),8.4,degC,10.2397,59.3808
SN27161,2024-10-01 06:00:00+00:00,mean(air_temperature P1M),8.6,degC,10.3985,59.3845
SN27460,2024-10-01 06:00:00+00:00,mean(air_temperature P1M),8.9,degC,10.4103,59.2173
SN27330,2024-10-01 06:00:00+00:00,mean(air_temperature P1M),8.6,degC,10.2983,59.2938
SN27212,2024-10-01 06:00:00+00:00,mean(air_temperature P1M),8.2,degC,10.2087,59.4173
SN27433,2024-10-01 06:00:00+00:00,mean(air_temperature P1M),9.9,degC,10.3655,59.1745
SN27270,2024-10-01 06:00:00+00:00,mean(air_temperature P1M),9.3,degC,10.4312,59.2782
SN27406,2024-10-01 06:00:00+00:00,mean(air_temperature P1M),9.9,degC,10.4238,59.169
SN27435,2024-10-01 06:00:00+00:00,mean(air_temperature P1M),9.4,degC,10.4023,59.2417
SN27214,2024-10-01 06:00:00+00:00,mean(air_temperature P1M),8.3,degC,10.2799816,59.4109629
SN27271,2024-10-01 06:00:00+00:00,mean(air_temperature P1M),9.4,degC,10.4019,59.27
SN27272,2024-10-01 06:00:00+00:00,mean(air_temperature P1M),8.7,degC,10.4275,59.2937
SN27403,2024-10-01 06:00:00+00:00,mean(air_temperature P1M),9.7,degC,10.45442,59.2084
SN27281,2024-10-01 06:00:00+00:00,mean(air_temperature P1M),8.7,degC,10.3957,59.3173
SN27282,2024-10-01 06:00:00+00:00,mean(air_temperature P1M),8.4,degC,10.3603,59.2632
SN27400,2024-10-01 06:00:00+00:00,mean(air_temperature P1M),9.7,degC,10.45604,59.23662
SN27318,2024-10-01 06:00:00+00:00,mean(air_temperature P1M),8.4,degC,10.3672,59.363
SN27318,2024-11-01 00:00:00+00:00,mean(air_temperature P1M),2.4,degC,10.3672,59.363
SN27460,2024-11-01 06:00:00+00:00,mean(air_temperature P1M),3.7,degC,10.4103,59.2173
SN27780,2024-11-01 06:00:00+00:00,mean(air_temperature P1M),4.1,degC,10.1250557,59.045747
SN27480,2024-11-01 06:00:00+00:00,mean(air_temperature P1M),3.8,degC,10.2752,59.1683
SN27281,2024-11-01 06:00:00+00:00,mean(air_temperature P1M),2.9,degC,10.3957,59.3173
SN27330,2024-11-01 06:00:00+00:00,mean(air_temperature P1M),2.7,degC,10.2983,59.2938
SN27272,2024-11-01 06:00:00+00:00,mean(air_temperature P1M),3.3,degC,10.4275,59.2937
SN27212,2024-11-01 06:00:00+00:00,mean(air_temperature P1M),2.7,degC,10.2087,59.4173
SN27161,2024-11-01 06:00:00+00:00,mean(air_temperature P1M),3.1,degC,10.3985,59.3845
SN27400,2024-11-01 06:00:00+00:00,mean(air_temperature P1M),4.2,degC,10.45604,59.23662
SN27420,2024-11-01 06:00:00+00:00,mean(air_temperature P1M),4.6,degC,10.398,59.1205
SN27120,2024-11-01 06:00:00+00:00,mean(air_temperature P1M),2.8,degC,10.3847,59.4283
SN27435,2024-11-01 06:00:00+00:00,mean(air_temperature P1M),3.6,degC,10.4023,59.2417
SN27214,2024-11-01 06:00:00+00:00,mean(air_temperature P1M),2.7,degC,10.2799816,59.4109629
SN27470,2024-11-01 06:00:00+00:00,mean(air_temperature P1M),4.0,degC,10.2553,59.1845
SN27270,2024-11-01 06:00:00+00:00,mean(air_temperature P1M),3.7,degC,10.4312,59.2782
SN27315,2024-11-01 06:00:00+00:00,mean(air_temperature P1M),2.4,degC,10.2397,59.3808
SN27282,2024-11-01 06:00:00+00:00,mean(air_temperature P1M),2.5,degC,10.3603,59.2632
SN27450,2024-11-01 06:00:00+00:00,mean(air_temperature P1M),3.7,degC,10.345751,59.229738
SN27160,2024-11-01 06:00:00+00:00,mean(air_temperature P1M),3.9,degC,10.4647,59.4198
SN27271,2024-11-01 06:00:00+00:00,mean(air_temperature P1M),3.6,degC,10.4019,59.27
SN27316,2024-11-01 06:00:00+00:00,mean(air_temperature P1M),2.2,degC,10.2692,59.371
SN27403,2024-11-01 06:00:00+00:00,mean(air_temperature P1M),4.4,degC,10.45442,59.2084
SN27406,2024-11-01 06:00:00+00:00,mean(air_temperature P1M),4.6,degC,10.4238,59.169
SN27162,2024-11-01 06:00:00+00:00,mean(air_temperature P1M),4.0,degC,10.46,59.3563
SN27261,2024-11-01 06:00:00+00:00,mean(air_temperature P1M),4.6,degC,10.4985,59.2625
SN27433,2024-11-01 06:00:00+00:00,mean(air_temperature P1M),4.5,degC,10.3655,59.1745
SN27160,2024-12-01 06:00:00+00:00,mean(air_temperature P1M),2.3,degC,10.4647,59.4198
SN27780,2024-12-01 06:00:00+00:00,mean(air_temperature P1M),3.0,degC,10.1250557,59.045747
SN27400,2024-12-01 06:00:00+00:00,mean(air_temperature P1M),3.1,degC,10.45604,59.23662
SN27272,2024-12-01 06:00:00+00:00,mean(air_temperature P1M),2.0,degC,10.4275,59.2937
SN27281,2024-12-01 06:00:00+00:00,mean(air_temperature P1M),1.8,degC,10.3957,59.3173
SN27261,2024-12-01 06:00:00+00:00,mean(air_temperature P1M),3.3,degC,10.4985,59.2625
SN27403,2024-12-01 06:00:00+00:00,mean(air_temperature P1M),3.3,degC,10.45442,59.2084
SN27480,2024-12-01 06:00:00+00:00,mean(air_temperature P1M),2.5,degC,10.2752,59.1683
SN27470,2024-12-01 06:00:00+00:00,mean(air_temperature P1M),2.4,degC,10.2553,59.1845
SN27433,2024-12-01 06:00:00+00:00,mean(air_temperature P1M),3.2,degC,10.3655,59.1745
SN27318,2024-12-01 06:00:00+00:00,mean(air_temperature P1M),1.6,degC,10.3672,59.363
SN27212,2024-12-01 06:00:00+00:00,mean(air_temperature P1M),1.3,degC,10.2087,59.4173
SN27330,2024-12-01 06:00:00+00:00,mean(air_temperature P1M),1.6,degC,10.2983,59.2938
SN27162,2024-12-01 06:00:00+00:00,mean(air_temperature P1M),2.6,degC,10.46,59.3563
SN27161,2024-12-01 06:00:00+00:00,mean(air_temperature P1M),1.8,degC,10.3985,59.3845
SN27460,2024-12-01 06:00:00+00:00,mean(air_temperature P1M),2.8,degC,10.4103,59.2173
SN27315,2024-12-01 06:00:00+00:00,mean(air_temperature P1M),1.5,degC,10.2397,59.3808
SN27120,2024-12-01 06:00:00+00:00,mean(air_temperature P1M),1.7,degC,10.3847,59.4283
SN27406,2024-12-01 06:00:00+00:00,mean(air_temperature P1M),3.4,degC,10.4238,59.169
SN27450,2024-12-01 06:00:00+00:00,mean(air_temperature P1M),2.5,degC,10.345751,59.229738
SN27282,2024-12-01 06:00:00+00:00,mean(air_temperature P1M),1.6,degC,10.3603,59.2632
SN27270,2024-12-01 06:00:00+00:00,mean(air_temperature P1M),2.6,degC,10.4312,59.2782
SN27420,2024-12-01 06:00:00+00:00,mean(air_temperature P1M),3.3,degC,10.398,59.1205
SN27271,2024-12-01 06:00:00+00:00,mean(air_temperature P1M),2.5,degC,10.4019,59.27
SN27435,2024-12-01 06:00:00+00:00,mean(air_temperature P1M),2.5,degC,10.4023,59.2417
SN27214,2024-12-01 06:00:00+00:00,mean(air_temperature P1M),1.3,degC,10.2799816,59.4109629
SN27316,2024-12-01 06:00:00+00:00,mean(air_temperature P1M),1.3,degC,10.2692,59.371
SN27120,2025-01-01 06:00:00+00:00,mean(air_temperature P1M),-2.2,degC,10.3847,59.4283
SN27406,2025-01-01 06:00:00+00:00,mean(air_temperature P1M),0.0,degC,10.4238,59.169
SN27270,2025-01-01 06:00:00+00:00,mean(air_temperature P1M),-1.1,degC,10.4312,59.2782
SN27272,2025-01-01 06:00:00+00:00,mean(air_temperature P1M),-1.2,degC,10.4275,59.2937
SN27271,2025-01-01 06:00:00+00:00,mean(air_temperature P1M),-1.4,degC,10.4019,59.27
SN27261,2025-01-01 06:00:00+00:00,mean(air_temperature P1M),0.1,degC,10.4985,59.2625
SN27420,2025-01-01 06:00:00+00:00,mean(air_temperature P1M),0.1,degC,10.398,59.1205
SN27214,2025-01-01 06:00:00+00:00,mean(air_temperature P1M),-2.1,degC,10.2799816,59.4109629
SN27212,2025-01-01 06:00:00+00:00,mean(air_temperature P1M),-2.5,degC,10.2087,59.4173
SN27470,2025-01-01 06:00:00+00:00,mean(air_temperature P1M),-0.8,degC,10.2553,59.1845
SN27316,2025-01-01 06:00:00+00:00,mean(air_temperature P1M),-2.9,degC,10.2692,59.371
SN27450,2025-01-01 06:00:00+00:00,mean(air_temperature P1M),-1.2,degC,10.345751,59.229738
SN27330,2025-01-01 06:00:00+00:00,mean(air_temperature P1M),-2.2,degC,10.2983,59.2938
SN27400,2025-01-01 06:00:00+00:00,mean(air_temperature P1M),-0.6,degC,10.45604,59.23662
SN27282,2025-01-01 06:00:00+00:00,mean(air_temperature P1M),-2.2,degC,10.3603,59.2632
SN27161,2025-01-01 06:00:00+00:00,mean(air_temperature P1M),-1.5,degC,10.3985,59.3845
SN27435,2025-01-01 06:00:00+00:00,mean(air_temperature P1M),-1.0,degC,10.4023,59.2417
SN27460,2025-01-01 06:00:00+00:00,mean(air_temperature P1M),-1.2,degC,10.4103,59.2173
SN27162,2025-01-01 06:00:00+00:00,mean(air_temperature P1M),-0.6,degC,10.46,59.3563
SN27318,2025-01-01 06:00:00+00:00,mean(air_temperature P1M),-2.2,degC,10.3672,59.363
SN27780,2025-01-01 06:00:00+00:00,mean(air_temperature P1M),-0.6,degC,10.1250557,59.045747
SN27433,2025-01-01 06:00:00+00:00,mean(air_temperature P1M),-0.2,degC,10.3655,59.1745
SN27480,2025-01-01 06:00:00+00:00,mean(air_temperature P1M),-0.9,degC,10.2752,59.1683
SN27160,2025-01-01 06:00:00+00:00,mean(air_temperature P1M),-0.7,degC,10.4647,59.4198
SN27403,2025-01-01 06:00:00+00:00,mean(air_temperature P1M),-0.2,degC,10.45442,59.2084
SN27281,2025-01-01 06:00:00+00:00,mean(air_temperature P1M),-1.7,degC,10.3957,59.3173
SN27315,2025-01-01 06:00:00+00:00,mean(air_temperature P1M),-2.6,degC,10.2397,59.3808
SN27780,2025-02-01 06:00:00+00:00,mean(air_temperature P1M),-0.8,degC,10.1250557,59.045747
SN27403,2025-02-01 06:00:00+00:00,mean(air_temperature P1M),-0.5,degC,10.45442,59.2084
SN27272,2025-02-01 06:00:00+00:00,mean(air_temperature P1M),-1.3,degC,10.4275,59.2937
SN27330,2025-02-01 06:00:00+00:00,mean(air_temperature P1M),-2.0,degC,10.2983,59.2938
SN27400,2025-02-01 06:00:00+00:00,mean(air_temperature P1M),-0.8,degC,10.45604,59.23662
SN27318,2025-02-01 06:00:00+00:00,mean(air_temperature P1M),-2.1,degC,10.3672,59.363
SN27316,2025-02-01 06:00:00+00:00,mean(air_temperature P1M),-2.4,degC,10.2692,59.371
SN27271,2025-02-01 06:00:00+00:00,mean(air_temperature P1M),-1.6,degC,10.4019,59.27
SN27315,2025-02-01 06:00:00+00:00,mean(air_temperature P1M),-2.3,degC,10.2397,59.3808
SN27282,2025-02-01 06:00:00+00:00,mean(air_temperature P1M),-2.1,degC,10.3603,59.2632
SN27281,2025-02-01 06:00:00+00:00,mean(air_temperature P1M),-1.9,degC,10.3957,59.3173
SN27406,2025-02-01 06:00:00+00:00,mean(air_temperature P1M),-0.3,degC,10.4238,59.169
SN27270,2025-02-01 06:00:00+00:00,mean(air_temperature P1M),-1.3,degC,10.4312,59.2782
SN27460,2025-02-01 06:00:00+00:00,mean(air_temperature P1M),-1.3,degC,10.4103,59.2173
SN27433,2025-02-01 06:00:00+00:00,mean(air_temperature P1M),-0.7,degC,10.3655,59.1745
SN27212,2025-02-01 06:00:00+00:00,mean(air_temperature P1M),-2.5,degC,10.2087,59.4173
SN27480,2025-02-01 06:00:00+00:00,mean(air_temperature P1M),-0.9,degC,10.2752,59.1683
SN27162,2025-02-01 06:00:00+00:00,mean(air_temperature P1M),-0.6,degC,10.46,59.3563
SN27261,2025-02-01 06:00:00+00:00,mean(air_temperature P1M),-0.2,degC,10.4985,59.2625
SN27161,2025-02-01 06:00:00+00:00,mean(air_temperature P1M),-1.4,degC,10.3985,59.3845
SN27420,2025-02-01 06:00:00+00:00,mean(air_temperature P1M),-0.4,degC,10.398,59.1205
SN27160,2025-02-01 06:00:00+00:00,mean(air_temperature P1M),-1.1,degC,10.4647,59.4198
SN27450,2025-02-01 06:00:00+00:00,mean(air_temperature P1M),-1.5,degC,10.345751,59.229738
SN27435,2025-02-01 06:00:00+00:00,mean(air_temperature P1M),-0.9,degC,10.4023,59.2417
SN27214,2025-02-01 06:00:00+00:00,mean(air_temperature P1M),-1.9,degC,10.2799816,59.4109629
SN27470,2025-02-01 06:00:00+00:00,mean(air_temperature P1M),-1.0,degC,10.2553,59.1845
SN27120,2025-02-01 06:00:00+00:00,mean(air_temperature P1M),-2.4,degC,10.3847,59.4283
SN27282,2025-03-01 06:00:00+00:00,mean(air_temperature P1M),3.3,degC,10.3603,59.2632
SN27281,2025-03-01 06:00:00+00:00,mean(air_temperature P1M),3.8,degC,10.3957,59.3173
SN27460,2025-03-01 06:00:00+00:00,mean(air_temperature P1M),3.8,degC,10.4103,59.2173
SN27780,2025-03-01 06:00:00+00:00,mean(air_temperature P1M),3.6,degC,10.1250557,59.045747
SN27330,2025-03-01 06:00:00+00:00,mean(air_temperature P1M),3.7,degC,10.2983,59.2938
SN27400,2025-03-01 06:00:00+00:00,mean(air_temperature P1M),4.2,degC,10.45604,59.23662
SN27212,2025-03-01 06:00:00+00:00,mean(air_temperature P1M),3.6,degC,10.2087,59.4173
SN27406,2025-03-01 06:00:00+00:00,mean(air_temperature P1M),4.0,degC,10.4238,59.169
SN27470,2025-03-01 06:00:00+00:00,mean(air_temperature P1M),3.9,degC,10.2553,59.1845
SN27433,2025-03-01 06:00:00+00:00,mean(air_temperature P1M),3.9,degC,10.3655,59.1745
SN27160,2025-03-01 06:00:00+00:00,mean(air_temperature P1M),4.1,degC,10.4647,59.4198
SN27435,2025-03-01 06:00:00+00:00,mean(air_temperature P1M),3.9,degC,10.4023,59.2417
SN27120,2025-03-01 06:00:00+00:00,mean(air_temperature P1M),3.5,degC,10.3847,59.4283
SN27316,2025-03-01 06:00:00+00:00,mean(air_temperature P1M),3.7,degC,10.2692,59.371
SN27315,2025-03-01 06:00:00+00:00,mean(air_temperature P1M),3.7,degC,10.2397,59.3808
SN27161,2025-03-01 06:00:00+00:00,mean(air_temperature P1M),3.8,degC,10.3985,59.3845
SN27261,2025-03-01 06:00:00+00:00,mean(air_temperature P1M),4.3,degC,10.4985,59.2625
SN27318,2025-03-01 06:00:00+00:00,mean(air_temperature P1M),3.7,degC,10.3672,59.363
SN27272,2025-03-01 06:00:00+00:00,mean(air_temperature P1M),4.0,degC,10.4275,59.2937
SN27214,2025-03-01 06:00:00+00:00,mean(air_temperature P1M),3.7,degC,10.2799816,59.4109629
SN27450,2025-03-01 06:00:00+00:00,mean(air_temperature P1M),3.9,degC,10.345751,59.229738
SN27271,2025-03-01 06:00:00+00:00,mean(air_temperature P1M),4.2,degC,10.4019,59.27
SN27480,2025-03-01 06:00:00+00:00,mean(air_temperature P1M),3.8,degC,10.2752,59.1683
SN27162,2025-03-01 06:00:00+00:00,mean(air_temperature P1M),4.3,degC,10.46,59.3563
SN27420,2025-03-01 06:00:00+00:00,mean(air_temperature P1M),3.8,degC,10.398,59.1205
SN27270,2025-03-01 06:00:00+00:00,mean(air_temperature P1M),4.2,degC,10.4312,59.2782
SN27403,2025-03-01 06:00:00+00:00,mean(air_temperature P1M),4.2,degC,10.45442,59.2084
SN27214,2025-04-01 06:00:00+00:00,mean(air_temperature P1M),8.5,degC,10.2799816,59.4109629
SN27433,2025-04-01 06:00:00+00:00,mean(air_temperature P1M),8.6,degC,10.3655,59.1745
SN27480,2025-04-01 06:00:00+00:00,mean(air_temperature P1M),8.8,degC,10.2752,59.1683
SN27420,2025-04-01 06:00:00+00:00,mean(air_temperature P1M),8.5,degC,10.398,59.1205
SN27318,2025-04-01 06:00:00+00:00,mean(air_temperature P1M),8.5,degC,10.3672,59.363
SN27212,2025-04-01 06:00:00+00:00,mean(air_temperature P1M),8.6,degC,10.2087,59.4173
SN27162,2025-04-01 06:00:00+00:00,mean(air_temperature P1M),8.8,degC,10.46,59.3563
SN27470,2025-04-01 06:00:00+00:00,mean(air_temperature P1M),8.7,degC,10.2553,59.1845
SN27403,2025-04-01 06:00:00+00:00,mean(air_temperature P1M),8.7,degC,10.45442,59.2084
SN27261,2025-04-01 06:00:00+00:00,mean(air_temperature P1M),8.7,degC,10.4985,59.2625
SN27161,2025-04-01 06:00:00+00:00,mean(air_temperature P1M),8.7,degC,10.3985,59.3845
SN27272,2025-04-01 06:00:00+00:00,mean(air_temperature P1M),8.7,degC,10.4275,59.2937
SN27315,2025-04-01 06:00:00+00:00,mean(air_temperature P1M),8.5,degC,10.2397,59.3808
SN27316,2025-04-01 06:00:00+00:00,mean(air_temperature P1M),8.6,degC,10.2692,59.371
SN27406,2025-04-01 06:00:00+00:00,mean(air_temperature P1M),8.6,degC,10.4238,59.169
SN27271,2025-04-01 06:00:00+00:00,mean(air_temperature P1M),9.0,degC,10.4019,59.27
SN27450,2025-04-01 06:00:00+00:00,mean(air_temperature P1M),8.6,degC,10.345751,59.229738
SN27435,2025-04-01 06:00:00+00:00,mean(air_temperature P1M),8.7,degC,10.4023,59.2417
SN27120,2025-04-01 06:00:00+00:00,mean(air_temperature P1M),8.1,degC,10.3847,59.4283
SN27281,2025-04-01 06:00:00+00:00,mean(air_temperature P1M),8.6,degC,10.3957,59.3173
SN27780,2025-04-01 06:00:00+00:00,mean(air_temperature P1M),8.4,degC,10.1250557,59.045747
SN27160,2025-04-01 06:00:00+00:00,mean(air_temperature P1M),8.6,degC,10.4647,59.4198
SN27282,2025-04-01 06:00:00+00:00,mean(air_temperature P1M),8.2,degC,10.3603,59.2632
SN27460,2025-04-01 06:00:00+00:00,mean(air_temperature P1M),9.1,degC,10.4103,59.2173
SN27330,2025-04-01 06:00:00+00:00,mean(air_temperature P1M),8.4,degC,10.2983,59.2938
SN27270,2025-04-01 06:00:00+00:00,mean(air_temperature P1M),8.9,degC,10.4312,59.2782
SN27400,2025-04-01 06:00:00+00:00,mean(air_temperature P1M),8.7,degC,10.45604,59.23662
SN27281,2025-05-01 06:00:00+00:00,mean(air_temperature P1M),11.9,degC,10.3957,59.3173
SN27270,2025-05-01 06:00:00+00:00,mean(air_temperature P1M),12.4,degC,10.4312,59.2782
SN27282,2025-05-01 06:00:00+00:00,mean(air_temperature P1M),11.7,degC,10.3603,59.2632
SN27406,2025-05-01 06:00:00+00:00,mean(air_temperature P1M),12.0,degC,10.4238,59.169
SN27160,2025-05-01 06:00:00+00:00,mean(air_temperature P1M),11.9,degC,10.4647,59.4198
SN27400,2025-05-01 06:00:00+00:00,mean(air_temperature P1M),12.3,degC,10.45604,59.23662
SN27460,2025-05-01 06:00:00+00:00,mean(air_temperature P1M),11.6,degC,10.4103,59.2173
SN27330,2025-05-01 06:00:00+00:00,mean(air_temperature P1M),11.8,degC,10.2983,59.2938
SN27120,2025-05-01 06:00:00+00:00,mean(air_temperature P1M),11.4,degC,10.3847,59.4283
SN27435,2025-05-01 06:00:00+00:00,mean(air_temperature P1M),12.1,degC,10.4023,59.2417
SN27433,2025-05-01 06:00:00+00:00,mean(air_temperature P1M),12.0,degC,10.3655,59.1745
SN27450,2025-05-01 06:00:00+00:00,mean(air_temperature P1M),11.9,degC,10.345751,59.229738
SN27161,2025-05-01 06:00:00+00:00,mean(air_temperature P1M),12.0,degC,10.3985,59.3845
SN27470,2025-05-01 06:00:00+00:00,mean(air_temperature P1M),11.7,degC,10.2553,59.1845
SN27272,2025-05-01 06:00:00+00:00,mean(air_temperature P1M),12.1,degC,10.4275,59.2937
SN27403,2025-05-01 06:00:00+00:00,mean(air_temperature P1M),12.2,degC,10.45442,59.2084
SN27261,2025-05-01 06:00:00+00:00,mean(air_temperature P1M),12.3,degC,10.4985,59.2625
SN27214,2025-05-01 06:00:00+00:00,mean(air_temperature P1M),11.8,degC,10.2799816,59.4109629
SN27420,2025-05-01 06:00:00+00:00,mean(air_temperature P1M),11.9,degC,10.398,59.1205
SN27316,2025-05-01 06:00:00+00:00,mean(air_temperature P1M),12.1,degC,10.2692,59.371
SN27318,2025-05-01 06:00:00+00:00,mean(air_temperature P1M),11.8,degC,10.3672,59.363
SN27162,2025-05-01 06:00:00+00:00,mean(air_temperature P1M),12.1,degC,10.46,59.3563
SN27271,2025-05-01 06:00:00+00:00,mean(air_temperature P1M),12.6,degC,10.4019,59.27
SN27212,2025-05-01 06:00:00+00:00,mean(air_temperature P1M),11.7,degC,10.2087,59.4173
SN27315,2025-05-01 06:00:00+00:00,mean(air_temperature P1M),11.8,degC,10.2397,59.3808
SN27480,2025-05-01 06:00:00+00:00,mean(air_temperature P1M),12.0,degC,10.2752,59.1683
SN27780,2025-05-01 06:00:00+00:00,mean(air_temperature P1M),11.9,degC,10.1250557,59.045747
